trade_date,open,high,low,close,volume,amount,turnover,pct_change,adjust
2023-08-15,16.880,17.800,13.100,13.150,189328689,,,,hfq
2023-08-16,12.550,12.550,11.610,11.620,102097645,,,-11.6350,hfq
2023-08-17,11.600,12.100,11.410,11.880,63303813,,,2.2375,hfq
2023-08-18,12.300,13.350,12.300,12.750,99343063,,,7.3232,hfq
2023-08-21,12.550,12.650,12.010,12.130,56244986,,,-4.8627,hfq
2023-08-22,12.210,12.350,11.190,11.440,54530732,,,-5.6884,hfq
2023-08-23,11.380,11.610,11.000,11.020,37274119,,,-3.6713,hfq
2023-08-24,11.050,11.150,10.680,10.700,35229050,,,-2.9038,hfq
2023-08-25,10.520,10.690,10.210,10.230,31105793,,,-4.3925,hfq
2023-08-28,10.980,11.200,10.300,10.300,44130086,,,0.6843,hfq
2023-08-29,10.360,11.850,10.300,11.710,62815943,,,13.6893,hfq
2023-08-30,11.730,12.980,11.650,12.290,66369300,,,4.9530,hfq
2023-08-31,12.170,13.280,12.160,13.160,65782664,,,7.0789,hfq
2023-09-01,12.920,13.400,12.370,12.500,48751845,,,-5.0152,hfq
2023-09-04,12.390,12.690,12.160,12.400,29069511,,,-0.8000,hfq
2023-09-05,12.480,12.770,12.120,12.130,30090791,,,-2.1774,hfq
2023-09-06,12.060,14.050,11.970,13.680,63951176,,,12.7782,hfq
2023-09-07,13.600,13.770,12.380,12.450,50228076,,,-8.9912,hfq
2023-09-08,12.760,13.240,12.630,12.820,35249368,,,2.9719,hfq
2023-09-11,12.570,12.850,12.230,12.290,26611209,,,-4.1342,hfq
2023-09-12,12.220,12.270,11.900,12.010,18731247,,,-2.2783,hfq
2023-09-13,11.990,12.060,11.760,12.020,16096822,,,0.0833,hfq
2023-09-14,11.970,12.030,11.340,11.470,18078499,,,-4.5757,hfq
2023-09-15,11.560,12.000,11.400,11.700,17998279,,,2.0052,hfq
2023-09-18,11.590,12.130,11.500,11.980,17489174,,,2.3932,hfq
2023-09-19,11.950,12.100,11.570,11.940,14792840,,,-0.3339,hfq
2023-09-20,11.860,11.970,11.580,11.650,13698012,,,-2.4288,hfq
2023-09-21,11.800,12.050,11.640,11.900,19755303,,,2.1459,hfq
2023-09-22,11.820,11.980,11.440,11.880,20174531,,,-0.1681,hfq
2023-09-25,11.800,11.900,11.130,11.230,27957701,,,-5.4714,hfq
2023-09-26,11.230,11.300,11.080,11.150,10642233,,,-0.7124,hfq
2023-09-27,11.130,11.280,10.810,10.880,17223668,,,-2.4215,hfq
2023-09-28,10.900,11.200,10.900,10.910,14214790,,,0.2757,hfq
2023-10-09,10.990,11.180,10.890,10.930,12516441,,,0.1833,hfq
2023-10-10,10.980,11.090,10.730,10.810,12495541,,,-1.0979,hfq
2023-10-11,10.830,11.150,10.780,11.020,12958775,,,1.9426,hfq
2023-10-12,11.090,11.290,10.930,11.210,14874147,,,1.7241,hfq
2023-10-13,11.120,12.050,11.100,12.020,31610161,,,7.2257,hfq
2023-10-16,12.320,12.660,11.970,12.210,26284845,,,1.5807,hfq
2023-10-17,12.160,12.420,11.610,12.360,27137383,,,1.2285,hfq
2023-10-18,12.220,12.290,11.920,11.960,14104962,,,-3.2362,hfq
2023-10-19,11.880,12.390,11.810,12.100,15440412,,,1.1706,hfq
2023-10-20,11.940,12.350,11.820,11.890,18329963,,,-1.7355,hfq
2023-10-23,11.940,12.000,11.170,11.450,14974547,,,-3.7006,hfq
2023-10-24,11.500,12.050,11.270,11.900,16087811,,,3.9301,hfq
2023-10-25,11.970,12.050,11.560,11.730,15889133,,,-1.4286,hfq
2023-10-26,11.660,11.780,11.300,11.600,14439843,,,-1.1083,hfq
2023-10-27,11.830,13.000,11.830,12.630,30780774,,,8.8793,hfq
2023-10-30,12.880,12.930,12.490,12.570,20767291,,,-0.4751,hfq
2023-10-31,13.340,13.700,12.720,12.980,31864830,,,3.2617,hfq
2023-11-01,13.020,13.500,12.660,12.660,16112845,,,-2.4653,hfq
2023-11-02,12.730,12.850,12.360,12.400,15128540,,,-2.0537,hfq
2023-11-03,12.450,12.990,12.230,12.880,24295383,,,3.8710,hfq
2023-11-06,12.850,13.920,12.800,13.690,28639406,,,6.2888,hfq
2023-11-07,13.530,13.750,13.400,13.590,14708514,,,-0.7305,hfq
2023-11-08,13.600,13.670,13.250,13.510,13585378,,,-0.5887,hfq
2023-11-09,13.410,13.790,13.280,13.320,13220614,,,-1.4064,hfq
2023-11-10,13.340,13.860,13.300,13.610,14285947,,,2.1772,hfq
2023-11-13,13.790,13.930,13.360,13.540,11626154,,,-0.5143,hfq
2023-11-14,13.490,13.590,13.260,13.370,12149237,,,-1.2555,hfq
2023-11-15,13.540,13.600,13.120,13.210,13494703,,,-1.1967,hfq
2023-11-16,13.140,13.280,13.090,13.160,7134528,,,-0.3785,hfq
2023-11-17,13.130,13.440,13.070,13.280,10592125,,,0.9119,hfq
2023-11-20,13.410,13.580,13.120,13.520,11728849,,,1.8072,hfq
2023-11-21,13.480,13.510,12.920,12.980,15407483,,,-3.9941,hfq
2023-11-22,13.000,13.010,12.510,12.520,19577901,,,-3.5439,hfq
2023-11-23,12.570,13.070,12.420,13.040,12363311,,,4.1534,hfq
2023-11-24,13.020,13.020,12.660,12.810,9415222,,,-1.7638,hfq
2023-11-27,12.700,13.250,12.660,13.100,10696019,,,2.2639,hfq
2023-11-28,13.090,13.290,12.870,13.100,6774010,,,0.0000,hfq
2023-11-29,13.100,13.560,13.030,13.080,11144653,,,-0.1527,hfq
2023-11-30,13.040,13.130,12.670,13.100,10128416,,,0.1529,hfq
2023-12-01,13.000,13.450,12.860,13.330,9773672,,,1.7557,hfq
2023-12-04,13.330,13.460,12.920,13.010,7322704,,,-2.4006,hfq
2023-12-05,12.970,13.020,12.650,12.660,8687886,,,-2.6902,hfq
2023-12-06,12.640,13.190,12.640,12.820,6982636,,,1.2638,hfq
2023-12-07,12.850,12.920,12.650,12.750,6810122,,,-0.5460,hfq
2023-12-08,12.740,12.960,12.560,12.610,7194182,,,-1.0980,hfq
2023-12-11,12.600,12.860,12.360,12.810,7015653,,,1.5860,hfq
2023-12-12,12.800,12.880,12.640,12.780,4653452,,,-0.2342,hfq
2023-12-13,12.780,12.780,12.460,12.600,6307972,,,-1.4085,hfq
2023-12-14,12.690,12.780,12.490,12.510,4828477,,,-0.7143,hfq
2023-12-15,12.600,12.670,12.330,12.570,5705265,,,0.4796,hfq
2023-12-18,12.570,12.630,12.200,12.470,6166308,,,-0.7955,hfq
2023-12-19,12.480,12.850,12.430,12.650,6129932,,,1.4435,hfq
2023-12-20,12.660,12.750,12.480,12.630,5097522,,,-0.1581,hfq
2023-12-21,12.560,13.080,12.520,12.950,11145882,,,2.5337,hfq
2023-12-22,13.000,13.070,12.610,12.850,8235997,,,-0.7722,hfq
2023-12-25,12.840,13.010,12.540,12.970,5342829,,,0.9339,hfq
2023-12-26,12.990,12.990,12.430,12.600,7445752,,,-2.8527,hfq
2023-12-27,12.520,12.730,12.370,12.460,7726798,,,-1.1111,hfq
2023-12-28,12.480,13.050,12.310,12.860,8782948,,,3.2103,hfq
2023-12-29,12.850,13.200,12.800,13.060,6235725,,,1.5552,hfq
2024-01-02,13.060,13.100,12.800,12.930,5399256,,,-0.9954,hfq
2024-01-03,12.900,12.900,12.530,12.590,5404853,,,-2.6295,hfq
2024-01-04,12.520,12.750,12.320,12.650,5792864,,,0.4766,hfq
2024-01-05,12.570,12.710,12.240,12.290,4545889,,,-2.8458,hfq
2024-01-08,12.280,12.280,11.690,11.890,6198838,,,-3.2547,hfq
2024-01-09,11.870,12.060,11.480,11.730,7206105,,,-1.3457,hfq
2024-01-10,11.700,11.870,11.430,11.570,5123133,,,-1.3640,hfq
2024-01-11,11.510,11.780,11.510,11.620,3940954,,,0.4322,hfq
2024-01-12,11.610,11.780,11.430,11.430,3971584,,,-1.6351,hfq
2024-01-15,11.420,11.660,11.260,11.360,3415359,,,-0.6124,hfq
2024-01-16,11.300,11.480,11.130,11.420,5699322,,,0.5282,hfq
2024-01-17,11.350,11.550,11.260,11.300,4387647,,,-1.0508,hfq
2024-01-18,11.200,11.670,11.200,11.640,6467369,,,3.0088,hfq
2024-01-19,11.650,11.760,11.250,11.310,5441194,,,-2.8351,hfq
2024-01-22,11.280,11.320,10.510,10.510,7005805,,,-7.0734,hfq
2024-01-23,10.610,10.990,10.370,10.900,6422204,,,3.7108,hfq
2024-01-24,10.950,11.050,10.330,10.740,5858170,,,-1.4679,hfq
2024-01-25,10.740,11.230,10.610,11.130,5658943,,,3.6313,hfq
2024-01-26,11.090,11.210,10.720,10.780,7431678,,,-3.1447,hfq
2024-01-29,10.930,11.150,10.750,10.750,7223222,,,-0.2783,hfq
2024-01-30,10.580,10.900,10.300,10.400,5372298,,,-3.2558,hfq
2024-01-31,10.500,10.500,9.780,9.800,6574979,,,-5.7692,hfq
2024-02-01,9.790,10.200,9.680,9.880,8346741,,,0.8163,hfq
2024-02-02,9.870,10.170,9.440,9.720,9824926,,,-1.6194,hfq
2024-02-05,9.620,9.620,8.620,9.330,11397980,,,-4.0123,hfq
2024-02-06,9.070,10.370,8.920,10.110,8149087,,,8.3601,hfq
2024-02-07,10.060,10.670,10.010,10.360,10867782,,,2.4728,hfq
2024-02-08,10.460,10.830,10.080,10.790,9546308,,,4.1506,hfq
2024-02-19,10.560,10.670,9.990,10.350,21542662,,,-4.0778,hfq
2024-02-20,10.210,10.600,10.100,10.560,11409164,,,2.0290,hfq
2024-02-21,10.400,10.780,10.320,10.450,8518975,,,-1.0417,hfq
2024-02-22,10.380,10.630,10.300,10.560,7654218,,,1.0526,hfq
2024-02-23,10.630,10.710,10.450,10.690,6376935,,,1.2311,hfq
2024-02-26,10.790,11.100,10.670,10.880,8385333,,,1.7774,hfq
2024-02-27,10.770,11.100,10.750,11.070,6833273,,,1.7463,hfq
2024-02-28,11.150,11.350,10.480,10.490,11403262,,,-5.2394,hfq
2024-02-29,10.400,11.170,10.380,11.160,10136723,,,6.3870,hfq
2024-03-01,11.020,11.330,10.910,11.030,8149379,,,-1.1649,hfq
2024-03-04,10.970,11.080,10.760,10.850,6551859,,,-1.6319,hfq
2024-03-05,10.770,10.840,10.500,10.550,7805430,,,-2.7650,hfq
2024-03-06,10.520,10.620,10.320,10.400,9169634,,,-1.4218,hfq
2024-03-07,10.430,10.690,10.330,10.350,7749068,,,-0.4808,hfq
2024-03-08,10.330,10.440,10.230,10.380,4358132,,,0.2899,hfq
2024-03-11,10.370,10.530,10.270,10.500,5818948,,,1.1561,hfq
2024-03-12,10.530,10.750,10.440,10.570,6544235,,,0.6667,hfq
2024-03-13,10.630,10.710,10.540,10.650,6434597,,,0.7569,hfq
2024-03-14,10.690,10.690,10.380,10.490,5876358,,,-1.5023,hfq
2024-03-15,10.440,10.580,10.380,10.540,4619558,,,0.4766,hfq
2024-03-18,10.610,10.800,10.550,10.800,7193584,,,2.4668,hfq
2024-03-19,10.800,10.800,10.610,10.620,5757010,,,-1.6667,hfq
2024-03-20,10.690,10.880,10.540,10.840,7594109,,,2.0716,hfq
2024-03-21,10.810,10.920,10.630,10.750,6862251,,,-0.8303,hfq
2024-03-22,10.700,10.980,10.690,10.870,11817132,,,1.1163,hfq
2024-03-25,10.880,10.900,10.460,10.470,9683865,,,-3.6799,hfq
2024-03-26,10.490,10.520,9.970,10.120,8184174,,,-3.3429,hfq
2024-03-27,10.130,10.210,9.720,9.720,6862088,,,-3.9526,hfq
2024-03-28,9.820,10.200,9.770,10.090,7995257,,,3.8066,hfq
2024-03-29,10.020,10.120,9.890,10.000,4610687,,,-0.8920,hfq
2024-04-01,10.000,10.210,9.980,10.200,5364837,,,2.0000,hfq
2024-04-02,10.190,10.190,10.050,10.100,3902857,,,-0.9804,hfq
2024-04-03,10.080,10.140,9.980,10.000,3184971,,,-0.9901,hfq
2024-04-08,10.000,10.020,9.820,9.820,3752230,,,-1.8000,hfq
2024-04-09,9.900,10.140,9.820,10.120,5115087,,,3.0550,hfq
2024-04-10,10.090,10.090,9.760,9.780,5050895,,,-3.3597,hfq
2024-04-11,9.780,9.930,9.720,9.780,2800889,,,0.0000,hfq
2024-04-12,9.790,9.930,9.740,9.750,4862964,,,-0.3067,hfq
2024-04-15,9.710,10.070,9.510,9.670,8644568,,,-0.8205,hfq
2024-04-16,9.620,9.670,8.920,9.120,10426170,,,-5.6877,hfq
2024-04-17,9.380,9.520,9.280,9.420,6860176,,,3.2895,hfq
2024-04-18,9.410,9.610,9.210,9.540,5688668,,,1.2739,hfq
2024-04-19,9.460,9.520,9.330,9.400,3653332,,,-1.4675,hfq
2024-04-22,9.260,9.550,9.140,9.460,5655602,,,0.6383,hfq
2024-04-23,9.470,9.530,9.310,9.350,3206917,,,-1.1628,hfq
2024-04-24,9.450,9.450,9.320,9.400,2844843,,,0.5348,hfq
2024-04-25,9.360,9.690,9.330,9.590,5452304,,,2.0213,hfq
2024-04-26,9.630,9.880,9.560,9.750,5670401,,,1.6684,hfq
2024-04-29,9.860,10.290,9.830,10.250,9713200,,,5.1282,hfq
2024-04-30,10.290,10.310,10.150,10.180,4347664,,,-0.6829,hfq
2024-05-06,10.260,10.420,10.190,10.380,4088097,,,1.9646,hfq
2024-05-07,10.390,10.420,10.200,10.360,4824130,,,-0.1927,hfq
2024-05-08,10.360,10.390,10.150,10.150,2772599,,,-2.0270,hfq
2024-05-09,10.230,10.320,10.160,10.170,3700846,,,0.1970,hfq
2024-05-10,10.210,10.230,9.960,9.980,3882823,,,-1.8682,hfq
2024-05-13,9.980,9.980,9.750,9.820,3189139,,,-1.6032,hfq
2024-05-14,9.820,9.940,9.820,9.910,1907839,,,0.9165,hfq
2024-05-15,9.880,9.890,9.680,9.710,3391041,,,-2.0182,hfq
2024-05-16,9.700,9.810,9.690,9.720,2265422,,,0.1030,hfq
2024-05-17,9.750,9.840,9.640,9.840,2345424,,,1.2346,hfq
2024-05-20,9.810,9.940,9.810,9.840,2532271,,,0.0000,hfq
2024-05-21,9.880,9.880,9.740,9.770,2272656,,,-0.7114,hfq
2024-05-22,9.740,9.790,9.620,9.770,2960236,,,0.0000,hfq
2024-05-23,9.780,9.780,9.600,9.610,2817809,,,-1.6377,hfq
2024-05-24,9.670,9.670,9.510,9.540,1762612,,,-0.7284,hfq
2024-05-27,9.546,9.936,9.356,9.886,5034177,,,3.6268,hfq
2024-05-28,9.816,9.966,9.756,9.896,4015474,,,0.1012,hfq
2024-05-29,9.896,9.986,9.806,9.936,4068751,,,0.4042,hfq
2024-05-30,9.926,10.166,9.776,10.086,4995378,,,1.5097,hfq
2024-05-31,10.136,10.196,10.026,10.076,2504424,,,-0.0991,hfq
2024-06-03,10.266,10.276,9.796,9.806,5701534,,,-2.6796,hfq
2024-06-04,9.846,9.846,9.426,9.596,6094041,,,-2.1415,hfq
2024-06-05,9.486,9.826,9.486,9.566,2459923,,,-0.3126,hfq
2024-06-06,9.676,9.686,9.296,9.476,5067815,,,-0.9408,hfq
2024-06-07,9.546,9.726,9.436,9.546,3319169,,,0.7387,hfq
2024-06-11,9.536,9.926,9.426,9.916,4906197,,,3.8760,hfq
2024-06-12,9.876,10.156,9.856,10.096,4347510,,,1.8152,hfq
2024-06-13,10.146,10.566,10.026,10.306,8646482,,,2.0800,hfq
2024-06-14,10.176,10.216,9.606,9.616,11783890,,,-6.6951,hfq
2024-06-17,9.576,9.776,9.566,9.616,6811705,,,0.0000,hfq
2024-06-18,9.636,9.816,9.616,9.796,5305708,,,1.8719,hfq
2024-06-19,9.776,9.856,9.606,9.726,3906689,,,-0.7146,hfq
2024-06-20,9.706,10.196,9.626,10.006,9392599,,,2.8789,hfq
2024-06-21,9.936,10.256,9.816,9.976,6940792,,,-0.2998,hfq
2024-06-24,9.936,10.086,9.556,9.566,7838664,,,-4.1099,hfq
2024-06-25,9.526,9.616,9.256,9.326,5314365,,,-2.5089,hfq
2024-06-26,9.316,9.546,9.246,9.536,2633489,,,2.2518,hfq
2024-06-27,9.536,9.546,9.176,9.226,3854413,,,-3.2508,hfq
2024-06-28,9.226,9.386,9.136,9.206,3086559,,,-0.2168,hfq
2024-07-01,9.206,9.226,9.036,9.186,2335878,,,-0.2172,hfq
2024-07-02,9.186,9.186,9.026,9.066,3247517,,,-1.3063,hfq
2024-07-03,9.076,9.136,8.936,9.036,1922970,,,-0.3309,hfq
2024-07-04,8.996,9.076,8.886,8.906,1885207,,,-1.4387,hfq
2024-07-05,8.906,9.046,8.796,8.996,1508416,,,1.0106,hfq
2024-07-08,8.946,9.026,8.646,8.676,2645406,,,-3.5571,hfq
2024-07-09,8.636,8.836,8.416,8.766,3613691,,,1.0373,hfq
2024-07-10,8.736,8.806,8.696,8.706,1820154,,,-0.6845,hfq
2024-07-11,8.826,8.996,8.826,8.946,2432252,,,2.7567,hfq
2024-07-12,8.996,8.996,8.846,8.916,1634185,,,-0.3353,hfq
2024-07-15,8.866,8.926,8.736,8.766,1323416,,,-1.6824,hfq
2024-07-16,8.766,8.786,8.626,8.686,2119735,,,-0.9126,hfq
2024-07-17,8.756,8.756,8.636,8.646,1528014,,,-0.4605,hfq
2024-07-18,8.646,9.066,8.516,8.996,4354666,,,4.0481,hfq
2024-07-19,8.916,9.436,8.886,9.306,4883564,,,3.4460,hfq
2024-07-22,9.366,9.386,9.156,9.226,2543387,,,-0.8597,hfq
2024-07-23,9.196,9.196,8.806,8.866,2894306,,,-3.9020,hfq
2024-07-24,8.866,8.926,8.736,8.756,1568658,,,-1.2407,hfq
2024-07-25,8.746,8.826,8.666,8.756,1890496,,,0.0000,hfq
2024-07-26,8.766,8.856,8.726,8.816,1219434,,,0.6852,hfq
2024-07-29,8.826,8.886,8.566,8.596,3065947,,,-2.4955,hfq
2024-07-30,8.576,8.766,8.476,8.736,2064461,,,1.6287,hfq
2024-07-31,8.596,8.976,8.596,8.976,4502028,,,2.7473,hfq
2024-08-01,8.926,9.016,8.896,8.916,2878586,,,-0.6684,hfq
2024-08-02,8.916,8.916,8.416,8.546,4368369,,,-4.1498,hfq
2024-08-05,8.536,8.536,7.716,7.856,12398499,,,-8.0740,hfq
2024-08-06,7.876,7.956,7.706,7.836,5006842,,,-0.2546,hfq
2024-08-07,7.796,7.856,7.646,7.676,4707207,,,-2.0419,hfq
2024-08-08,7.656,7.946,7.586,7.756,5690539,,,1.0422,hfq
2024-08-09,7.756,7.856,7.596,7.626,3450819,,,-1.6761,hfq
2024-08-12,7.636,7.656,7.476,7.586,3005110,,,-0.5245,hfq
2024-08-13,7.606,7.636,7.506,7.616,2233588,,,0.3955,hfq
2024-08-14,7.666,7.666,7.486,7.496,1661473,,,-1.5756,hfq
2024-08-15,7.476,7.696,7.476,7.606,4429531,,,1.4674,hfq
2024-08-16,7.576,7.706,7.576,7.676,3966513,,,0.9203,hfq
2024-08-19,7.656,7.686,7.506,7.566,4597836,,,-1.4330,hfq
2024-08-20,7.596,7.596,7.436,7.446,1814732,,,-1.5860,hfq
2024-08-21,7.436,7.526,7.356,7.466,1977821,,,0.2686,hfq
2024-08-22,7.446,7.496,7.366,7.386,1959165,,,-1.0715,hfq
2024-08-23,7.386,7.556,7.306,7.506,2876304,,,1.6247,hfq
2024-08-26,7.306,7.606,7.306,7.476,2302203,,,-0.3997,hfq
2024-08-27,7.436,7.546,7.396,7.416,2218080,,,-0.8026,hfq
2024-08-28,7.456,7.456,7.326,7.346,1397073,,,-0.9439,hfq
2024-08-29,7.326,7.536,7.316,7.506,2598319,,,2.1781,hfq
2024-08-30,7.476,7.656,7.426,7.576,5002612,,,0.9326,hfq
2024-09-02,7.556,7.576,7.286,7.296,2616241,,,-3.6959,hfq
2024-09-03,7.286,7.406,7.236,7.376,2635045,,,1.0965,hfq
2024-09-04,7.306,7.366,7.246,7.266,1923534,,,-1.4913,hfq
2024-09-05,7.246,7.326,7.186,7.246,2598731,,,-0.2753,hfq
2024-09-06,7.256,7.256,7.156,7.156,2301828,,,-1.2421,hfq
2024-09-09,7.156,7.186,7.076,7.156,2128251,,,0.0000,hfq
2024-09-10,7.156,7.286,7.116,7.276,2566815,,,1.6769,hfq
2024-09-11,7.286,7.306,7.186,7.286,1813896,,,0.1374,hfq
2024-09-12,7.246,7.366,7.246,7.286,1723497,,,0.0000,hfq
2024-09-13,7.286,7.306,7.156,7.186,1682196,,,-1.3725,hfq
2024-09-18,7.156,7.236,7.146,7.186,1389931,,,0.0000,hfq
2024-09-19,7.236,7.326,7.166,7.286,2406598,,,1.3916,hfq
2024-09-20,7.336,7.336,7.156,7.186,2000425,,,-1.3725,hfq
2024-09-23,7.156,7.236,7.146,7.166,1032524,,,-0.2783,hfq
2024-09-24,7.166,7.416,7.166,7.396,4142841,,,3.2096,hfq
2024-09-25,7.476,7.566,7.426,7.446,5890727,,,0.6760,hfq
2024-09-26,7.436,7.616,7.386,7.616,7143843,,,2.2831,hfq
2024-09-27,7.766,8.086,7.676,7.956,8624144,,,4.4643,hfq
2024-09-30,8.306,9.216,8.116,9.056,29552212,,,13.8260,hfq
2024-10-08,10.676,10.706,9.546,10.266,30211423,,,13.3613,hfq
2024-10-09,10.076,10.076,8.956,9.376,22327945,,,-8.6694,hfq
2024-10-10,9.436,9.576,9.156,9.286,12808095,,,-0.9599,hfq
2024-10-11,9.346,9.346,8.646,8.746,7702721,,,-5.8152,hfq
2024-10-14,8.776,9.226,8.656,9.136,9800367,,,4.4592,hfq
2024-10-15,9.056,9.316,8.986,9.006,7131758,,,-1.4229,hfq
2024-10-16,8.926,9.176,8.826,8.926,5424071,,,-0.8883,hfq
2024-10-17,8.946,9.046,8.686,8.716,5163545,,,-2.3527,hfq
2024-10-18,8.666,9.526,8.656,9.236,13907263,,,5.9660,hfq
2024-10-21,9.266,9.636,9.156,9.376,15646912,,,1.5158,hfq
2024-10-22,9.276,9.516,9.156,9.366,9167972,,,-0.1067,hfq
2024-10-23,9.366,9.606,9.316,9.366,7428713,,,0.0000,hfq
2024-10-24,9.296,9.446,9.116,9.386,8423009,,,0.2135,hfq
2024-10-25,9.396,9.726,9.376,9.566,7791165,,,1.9177,hfq
2024-10-28,9.566,9.576,9.406,9.516,6101995,,,-0.5227,hfq
2024-10-29,9.516,9.516,9.096,9.126,9450134,,,-4.0984,hfq
2024-10-30,9.136,9.266,9.086,9.216,6763339,,,0.9862,hfq
2024-10-31,9.256,9.466,9.106,9.446,8731791,,,2.4957,hfq
2024-11-01,9.476,9.506,9.086,9.156,7492970,,,-3.0701,hfq
2024-11-04,9.116,9.326,9.096,9.216,4794034,,,0.6553,hfq
2024-11-05,9.206,9.456,9.146,9.436,7428758,,,2.3872,hfq
2024-11-06,9.506,9.576,9.336,9.406,9845653,,,-0.3179,hfq
2024-11-07,9.366,10.286,9.326,10.006,17853716,,,6.3789,hfq
2024-11-08,10.146,10.696,10.146,10.346,22894613,,,3.3980,hfq
2024-11-11,10.618,10.968,10.328,10.838,27275899,,,4.7555,hfq
2024-11-12,10.728,10.958,10.158,10.268,16352251,,,-5.2593,hfq
2024-11-13,10.358,10.568,10.168,10.418,8952070,,,1.4608,hfq
2024-11-14,10.338,10.868,10.318,10.368,15283554,,,-0.4799,hfq
2024-11-15,10.388,10.498,9.788,9.818,10708057,,,-5.3048,hfq
2024-11-18,9.968,10.018,9.618,9.698,8124657,,,-1.2222,hfq
2024-11-19,9.828,10.248,9.698,10.188,9184778,,,5.0526,hfq
2024-11-20,10.178,10.188,9.938,10.118,6751325,,,-0.6871,hfq
2024-11-21,10.138,10.258,9.908,10.038,6223898,,,-0.7907,hfq
2024-11-22,9.968,10.128,9.648,9.648,6245911,,,-3.8852,hfq
2024-11-25,9.678,9.948,9.478,9.648,9131813,,,0.0000,hfq
2024-11-26,9.658,9.668,9.308,9.368,7843095,,,-2.9022,hfq
2024-11-27,9.378,9.618,9.118,9.608,9928402,,,2.5619,hfq
2024-11-28,9.538,9.618,9.378,9.418,6915127,,,-1.9775,hfq
2024-11-29,9.398,9.638,9.238,9.518,7009790,,,1.0618,hfq
2024-12-02,9.678,10.188,9.528,10.088,16550880,,,5.9887,hfq
2024-12-03,10.118,10.548,10.118,10.318,20174105,,,2.2799,hfq
2024-12-04,10.368,10.418,10.128,10.198,10219783,,,-1.1630,hfq
2024-12-05,10.188,10.328,10.118,10.178,7323656,,,-0.1961,hfq
2024-12-06,10.258,10.388,9.998,10.288,7828573,,,1.0808,hfq
2024-12-09,10.238,11.108,10.238,10.588,18558853,,,2.9160,hfq
2024-12-10,10.968,11.788,10.798,11.568,42821131,,,9.2558,hfq
2024-12-11,11.628,11.788,11.278,11.708,30758434,,,1.2102,hfq
2024-12-12,11.758,11.758,11.138,11.578,22336337,,,-1.1104,hfq
2024-12-13,11.478,12.008,11.408,11.578,37883972,,,0.0000,hfq
2024-12-16,11.868,11.968,11.088,11.178,19724334,,,-3.4548,hfq
2024-12-17,11.168,11.338,11.098,11.168,11112473,,,-0.0895,hfq
2024-12-18,11.268,11.818,10.918,11.448,15011515,,,2.5072,hfq
2024-12-19,11.468,11.868,11.228,11.738,21945238,,,2.5332,hfq
2024-12-20,11.578,11.708,11.018,11.318,35637501,,,-3.5781,hfq
2024-12-23,11.248,11.298,10.618,10.738,25921725,,,-5.1246,hfq
2024-12-24,10.718,10.828,10.328,10.698,17840639,,,-0.3725,hfq
2024-12-25,10.648,11.098,10.448,10.968,15032648,,,2.5238,hfq
2024-12-26,10.958,11.138,10.708,10.748,13681295,,,-2.0058,hfq
2024-12-27,10.838,10.918,10.588,10.668,8337457,,,-0.7443,hfq
2024-12-30,10.748,10.788,10.288,10.338,10042783,,,-3.0934,hfq
2024-12-31,10.348,10.408,10.118,10.188,12308116,,,-1.4510,hfq
2025-01-02,10.188,10.328,9.768,9.888,8678003,,,-2.9446,hfq
2025-01-03,9.868,9.958,9.618,9.748,9252261,,,-1.4159,hfq
2025-01-06,9.768,10.238,9.648,10.118,10827099,,,3.7957,hfq
2025-01-07,10.118,10.258,9.868,10.018,7523450,,,-0.9883,hfq
2025-01-08,10.028,10.208,9.728,10.028,7542014,,,0.0998,hfq
2025-01-09,9.938,10.138,9.898,9.928,4485338,,,-0.9972,hfq
2025-01-10,9.828,10.408,9.798,9.818,9437694,,,-1.1080,hfq
2025-01-13,9.828,9.948,9.618,9.798,4400189,,,-0.2037,hfq
2025-01-14,9.888,10.208,9.798,10.098,7210676,,,3.0618,hfq
2025-01-15,10.098,10.178,9.888,9.958,5025913,,,-1.3864,hfq
2025-01-16,9.988,10.288,9.938,10.038,5456398,,,0.8034,hfq
2025-01-17,10.038,10.358,9.978,10.228,6253630,,,1.8928,hfq
2025-01-20,10.298,10.368,10.138,10.188,4823982,,,-0.3911,hfq
2025-01-21,10.308,10.308,10.038,10.098,3657731,,,-0.8834,hfq
2025-01-22,10.188,10.188,9.938,10.018,4046261,,,-0.7922,hfq
2025-01-23,10.048,10.248,9.868,9.878,5594809,,,-1.3975,hfq
2025-01-24,9.878,10.178,9.848,10.158,4929866,,,2.8346,hfq
2025-01-27,10.168,10.288,9.978,9.978,3854196,,,-1.7720,hfq
2025-02-05,10.138,10.218,9.958,10.078,4324400,,,1.0022,hfq
2025-02-06,10.038,10.378,9.988,10.368,8824690,,,2.8776,hfq
2025-02-07,10.368,10.898,10.158,10.768,14753860,,,3.8580,hfq
2025-02-10,10.718,10.918,10.518,10.688,8751387,,,-0.7429,hfq
2025-02-11,10.708,10.708,10.298,10.408,7196349,,,-2.6198,hfq
2025-02-12,10.438,10.618,10.408,10.618,7363657,,,2.0177,hfq
2025-02-13,10.518,10.608,10.248,10.298,7284117,,,-3.0138,hfq
2025-02-14,10.288,10.398,10.198,10.278,4879647,,,-0.1942,hfq
2025-02-17,10.298,10.388,10.088,10.098,7952341,,,-1.7513,hfq
2025-02-18,10.148,10.188,9.838,9.908,6529053,,,-1.8816,hfq
2025-02-19,9.878,11.268,9.878,11.098,21760288,,,12.0105,hfq
2025-02-20,11.008,11.148,10.778,10.878,10456764,,,-1.9823,hfq
2025-02-21,10.898,10.978,10.728,10.848,9615348,,,-0.2758,hfq
2025-02-24,10.868,11.568,10.778,11.418,19853991,,,5.2544,hfq
2025-02-25,11.228,11.368,11.038,11.128,11659919,,,-2.5398,hfq
2025-02-26,11.138,11.328,10.988,11.158,10779134,,,0.2696,hfq
2025-02-27,11.158,11.178,10.818,11.068,7333802,,,-0.8066,hfq
2025-02-28,11.008,11.078,10.488,10.668,10976084,,,-3.6140,hfq
2025-03-03,10.758,10.958,10.598,10.748,7360095,,,0.7499,hfq
2025-03-04,10.808,10.988,10.658,10.798,5669303,,,0.4652,hfq
2025-03-05,10.848,11.028,10.628,10.948,7857271,,,1.3891,hfq
2025-03-06,11.058,11.668,10.928,11.428,32138308,,,4.3844,hfq
2025-03-07,11.358,11.378,11.048,11.198,10451401,,,-2.0126,hfq
2025-03-10,11.138,11.318,11.128,11.228,7133717,,,0.2679,hfq
2025-03-11,10.998,11.278,10.898,10.998,11545077,,,-2.0485,hfq
2025-03-12,11.008,11.058,10.398,10.468,21459416,,,-4.8191,hfq
2025-03-13,10.468,10.638,10.318,10.408,13339428,,,-0.5732,hfq
2025-03-14,10.438,10.788,10.328,10.658,15186141,,,2.4020,hfq
2025-03-17,10.798,11.498,10.628,11.378,25179329,,,6.7555,hfq
2025-03-18,11.308,11.598,11.238,11.348,12207296,,,-0.2637,hfq
2025-03-19,11.278,11.478,11.218,11.298,8077475,,,-0.4406,hfq
2025-03-20,11.298,11.528,11.028,11.078,9590472,,,-1.9472,hfq
2025-03-21,11.018,11.108,10.868,10.998,10288098,,,-0.7222,hfq
2025-03-24,11.018,11.268,10.848,11.088,9432799,,,0.8183,hfq
2025-03-25,11.108,11.348,10.948,11.248,9724870,,,1.4430,hfq
2025-03-26,11.188,11.408,11.038,11.108,7424334,,,-1.2447,hfq
2025-03-27,11.098,11.618,10.978,11.368,14227776,,,2.3407,hfq
2025-03-28,11.328,11.638,11.158,11.488,16188528,,,1.0556,hfq
2025-03-31,11.488,11.698,11.228,11.628,18600719,,,1.2187,hfq
2025-04-01,11.618,11.858,11.438,11.638,13759625,,,0.0860,hfq
2025-04-02,11.628,11.858,11.428,11.628,10004490,,,-0.0859,hfq
2025-04-03,11.478,11.788,11.448,11.618,9509449,,,-0.0860,hfq
2025-04-07,11.038,11.518,10.548,10.948,15235230,,,-5.7669,hfq
2025-04-08,11.178,11.478,10.748,10.978,12965176,,,0.2740,hfq
2025-04-09,10.618,11.308,10.378,11.168,11815098,,,1.7307,hfq
2025-04-10,11.168,11.528,11.108,11.108,9830726,,,-0.5372,hfq
2025-04-11,11.098,11.798,10.928,11.528,15486265,,,3.7811,hfq
2025-04-14,11.538,11.648,11.378,11.538,8244347,,,0.0867,hfq
2025-04-15,11.438,11.528,11.108,11.228,7568768,,,-2.6868,hfq
2025-04-16,11.208,11.388,10.918,11.168,7580683,,,-0.5344,hfq
2025-04-17,11.008,11.578,11.008,11.398,8325357,,,2.0595,hfq
2025-04-18,11.448,11.448,11.188,11.398,8621980,,,0.0000,hfq
2025-04-21,11.258,11.478,11.188,11.328,6254077,,,-0.6141,hfq
2025-04-22,11.218,11.948,11.198,11.578,16289184,,,2.2069,hfq
2025-04-23,11.608,11.798,11.268,11.318,8291427,,,-2.2456,hfq
2025-04-24,11.328,11.348,11.068,11.218,7079812,,,-0.8835,hfq
2025-04-25,11.168,11.488,11.148,11.198,6440646,,,-0.1783,hfq
2025-04-28,11.128,11.298,10.808,10.908,11772045,,,-2.5897,hfq
2025-04-29,10.908,11.298,10.588,10.708,12823700,,,-1.8335,hfq
2025-04-30,10.708,10.868,10.598,10.798,8010814,,,0.8405,hfq
2025-05-06,10.838,10.998,10.768,10.928,8102918,,,1.2039,hfq
2025-05-07,11.038,11.198,10.808,10.898,9435407,,,-0.2745,hfq
2025-05-08,10.838,11.068,10.738,10.778,9184874,,,-1.1011,hfq
2025-05-09,10.778,10.858,10.458,10.508,7257894,,,-2.5051,hfq
2025-05-12,10.548,10.718,10.468,10.698,5538476,,,1.8081,hfq
2025-05-13,10.778,10.778,10.248,10.288,13387021,,,-3.8325,hfq
2025-05-14,10.318,10.538,10.248,10.428,9545168,,,1.3608,hfq
2025-05-15,10.328,10.498,10.318,10.388,3802183,,,-0.3836,hfq
2025-05-16,10.558,10.558,10.288,10.318,5901355,,,-0.6739,hfq
2025-05-19,10.298,10.438,10.188,10.228,8485237,,,-0.8723,hfq
2025-05-20,10.238,10.248,10.098,10.148,10997491,,,-0.7822,hfq
2025-05-21,10.148,10.208,10.048,10.168,5574775,,,0.1971,hfq
2025-05-22,10.118,10.198,10.028,10.048,5587441,,,-1.1802,hfq
2025-05-23,10.048,10.128,9.908,9.928,4556688,,,-1.1943,hfq
2025-05-26,9.948,10.028,9.878,9.948,3426670,,,0.2015,hfq
2025-05-27,9.978,10.228,9.888,10.198,8632550,,,2.5131,hfq
2025-05-28,10.218,10.218,10.088,10.098,3683906,,,-0.9806,hfq
2025-05-29,10.158,10.268,10.088,10.198,5731818,,,0.9903,hfq
2025-05-30,10.148,10.228,10.048,10.098,4284602,,,-0.9806,hfq
2025-06-03,10.098,10.158,9.928,10.008,8854820,,,-0.8913,hfq
2025-06-04,10.008,10.048,9.798,9.988,7432139,,,-0.1998,hfq
2025-06-05,9.998,10.198,9.948,10.088,5514195,,,1.0012,hfq
2025-06-06,10.058,10.168,10.008,10.048,3668900,,,-0.3965,hfq
2025-06-09,10.068,10.108,9.958,9.978,7979616,,,-0.6967,hfq
2025-06-10,9.978,10.028,9.778,9.888,5035875,,,-0.9020,hfq
2025-06-11,9.888,10.188,9.888,10.108,8473379,,,2.2249,hfq
2025-06-12,10.118,10.168,9.978,10.118,6076994,,,0.0989,hfq
2025-06-13,10.118,10.138,9.828,9.878,12392848,,,-2.3720,hfq
2025-06-16,9.828,9.928,9.788,9.848,6139283,,,-0.3037,hfq
2025-06-17,9.848,9.918,9.788,9.898,2947192,,,0.5077,hfq
2025-06-18,9.908,9.968,9.838,9.898,2973135,,,0.0000,hfq
2025-06-19,9.914,10.014,9.834,9.924,3999554,,,0.2627,hfq
2025-06-20,9.844,10.044,9.844,9.934,2837842,,,0.1008,hfq
2025-06-23,9.894,10.354,9.894,10.164,11414691,,,2.3153,hfq
2025-06-24,10.114,10.174,9.984,10.104,9395993,,,-0.5903,hfq
2025-06-25,10.134,10.164,10.044,10.134,6769225,,,0.2969,hfq
2025-06-26,10.154,10.184,10.034,10.044,7104849,,,-0.8881,hfq
2025-06-27,10.114,10.354,10.064,10.164,12212105,,,1.1947,hfq
2025-06-30,10.224,10.284,10.144,10.184,8561984,,,0.1968,hfq
2025-07-01,10.224,10.454,10.154,10.354,11532770,,,1.6693,hfq
2025-07-02,10.324,10.344,10.154,10.184,8432463,,,-1.6419,hfq
2025-07-03,10.184,10.254,10.124,10.144,4986124,,,-0.3928,hfq
2025-07-04,10.144,10.194,10.054,10.064,4792560,,,-0.7886,hfq
2025-07-07,10.064,10.134,10.044,10.064,3987028,,,0.0000,hfq
2025-07-08,10.094,10.244,10.094,10.144,5452239,,,0.7949,hfq
2025-07-09,10.134,10.204,10.104,10.124,4450928,,,-0.1972,hfq
2025-07-10,10.114,10.194,10.114,10.144,4330594,,,0.1976,hfq
2025-07-11,10.154,10.204,10.094,10.154,5350886,,,0.0986,hfq
2025-07-14,10.154,10.214,10.134,10.154,4311716,,,0.0000,hfq
2025-07-15,10.194,10.214,10.004,10.114,8130725,,,-0.3939,hfq
2025-07-16,10.154,10.154,10.024,10.054,7469017,,,-0.5932,hfq
2025-07-17,10.074,10.074,9.964,10.014,7416689,,,-0.3979,hfq
2025-07-18,10.034,10.054,9.944,9.994,6708508,,,-0.1997,hfq
2025-07-21,10.014,10.034,9.964,10.004,6329585,,,0.1001,hfq
2025-07-22,10.014,10.084,9.994,10.074,8434137,,,0.6997,hfq
2025-07-23,10.004,10.124,10.004,10.064,9713502,,,-0.0993,hfq
2025-07-24,10.044,10.224,10.044,10.194,10067657,,,1.2917,hfq
2025-07-25,10.224,10.284,10.174,10.274,9351582,,,0.7848,hfq
2025-07-28,10.294,10.304,10.184,10.194,7608079,,,-0.7787,hfq
2025-07-29,10.214,10.344,10.144,10.344,11185395,,,1.4715,hfq
2025-07-30,10.344,10.414,10.194,10.244,8639560,,,-0.9667,hfq
2025-07-31,10.204,10.294,10.054,10.094,10382733,,,-1.4643,hfq
2025-08-01,10.114,10.144,10.004,10.074,6661527,,,-0.1981,hfq
2025-08-04,10.054,10.294,10.024,10.254,8883871,,,1.7868,hfq
2025-08-05,10.294,10.464,10.224,10.264,9636173,,,0.0975,hfq
2025-08-06,10.264,10.464,10.224,10.404,9303842,,,1.3640,hfq
2025-08-07,10.394,10.504,10.334,10.404,8568208,,,0.0000,hfq
2025-08-08,10.434,10.454,10.314,10.374,6494685,,,-0.2884,hfq
2025-08-11,10.344,10.464,10.314,10.324,11095743,,,-0.4820,hfq
2025-08-12,10.364,10.364,10.104,10.294,16866290,,,-0.2906,hfq
2025-08-13,10.864,12.324,10.864,11.624,93154854,,,12.9201,hfq
2025-08-14,11.764,11.954,11.204,11.564,58751889,,,-0.5162,hfq
2025-08-15,11.444,11.644,11.354,11.534,36614821,,,-0.2594,hfq
2025-08-18,11.464,11.614,11.244,11.364,41918331,,,-1.4739,hfq
2025-08-19,11.294,11.384,11.044,11.154,24479927,,,-1.8479,hfq
2025-08-20,11.364,11.394,10.984,11.224,25192359,,,0.6276,hfq
2025-08-21,11.234,11.244,10.994,11.054,20401883,,,-1.5146,hfq
2025-08-22,11.004,11.504,11.004,11.244,36232517,,,1.7188,hfq
2025-08-25,11.344,11.524,11.214,11.254,33556496,,,0.0889,hfq
2025-08-26,11.194,11.514,11.154,11.354,24368320,,,0.8886,hfq
2025-08-27,11.354,11.484,11.054,11.064,27730811,,,-2.5542,hfq
2025-08-28,11.074,11.154,10.694,11.074,25767838,,,0.0904,hfq
2025-08-29,11.074,11.144,10.904,11.144,17341448,,,0.6321,hfq
2025-09-01,11.164,11.334,11.054,11.214,17897067,,,0.6281,hfq
2025-09-02,11.234,11.234,10.794,10.884,16146358,,,-2.9428,hfq
2025-09-03,10.884,11.044,10.704,10.724,11256985,,,-1.4700,hfq
2025-09-04,10.754,10.804,10.484,10.554,15596929,,,-1.5852,hfq
2025-09-05,10.594,11.344,10.514,11.264,27535478,,,6.7273,hfq
2025-09-08,11.254,11.274,10.964,11.134,15164151,,,-1.1541,hfq
2025-09-09,11.164,11.174,10.834,10.854,12370272,,,-2.5148,hfq
2025-09-10,10.944,10.954,10.704,10.844,9922859,,,-0.0921,hfq
2025-09-11,10.834,11.274,10.754,11.154,17325137,,,2.8587,hfq
2025-09-12,11.204,11.594,11.064,11.444,25807485,,,2.6000,hfq
2025-09-15,11.554,11.754,11.334,11.574,25536069,,,1.1360,hfq
2025-09-16,11.584,11.824,11.484,11.594,15473905,,,0.1728,hfq
2025-09-17,11.584,11.864,11.534,11.774,17366779,,,1.5525,hfq
2025-09-18,11.484,11.744,11.244,11.364,24231695,,,-3.4822,hfq
2025-09-19,11.324,12.394,11.324,11.924,38775118,,,4.9278,hfq
2025-09-22,11.924,12.044,11.734,11.804,14634018,,,-1.0064,hfq
2025-09-23,11.804,11.934,11.444,11.724,15532191,,,-0.6777,hfq
2025-09-24,11.604,12.444,11.604,12.424,36393391,,,5.9707,hfq
2025-09-25,12.304,12.464,12.014,12.034,21073252,,,-3.1391,hfq
2025-09-26,11.974,12.234,11.854,11.974,17020522,,,-0.4986,hfq
2025-09-29,11.924,12.864,11.924,12.524,39683489,,,4.5933,hfq
2025-09-30,12.594,12.684,12.314,12.474,20745457,,,-0.3992,hfq
2025-10-09,12.554,12.974,12.474,12.814,23616646,,,2.7257,hfq
2025-10-10,12.594,12.814,12.454,12.614,15972668,,,-1.5608,hfq
2025-10-13,12.304,13.214,12.304,12.964,25253712,,,2.7747,hfq
2025-10-14,13.011,13.231,12.481,12.481,21279823,,,-3.7257,hfq
2025-10-15,12.531,12.621,12.131,12.301,16864413,,,-1.4422,hfq
2025-10-16,12.271,12.411,12.171,12.341,12174494,,,0.3252,hfq
2025-10-17,12.351,12.771,12.311,12.391,20324368,,,0.4052,hfq
2025-10-20,12.501,12.721,12.311,12.361,12278602,,,-0.2421,hfq
2025-10-21,12.311,13.201,12.281,12.821,20822041,,,3.7214,hfq
2025-10-22,12.701,12.941,12.591,12.631,9718350,,,-1.4819,hfq
2025-10-23,12.571,12.651,12.231,12.461,9857086,,,-1.3459,hfq
2025-10-24,12.501,12.841,12.441,12.751,10167848,,,2.3273,hfq
2025-10-27,12.781,13.271,12.671,12.861,17196590,,,0.8627,hfq
2025-10-28,12.721,13.041,12.701,12.911,9031735,,,0.3888,hfq
2025-10-29,12.991,13.431,12.831,13.261,18746418,,,2.7109,hfq
2025-10-30,13.181,13.551,13.011,13.241,18073831,,,-0.1508,hfq
2025-10-31,13.381,13.991,13.211,13.651,21761284,,,3.0964,hfq
2025-11-03,13.801,14.031,13.301,13.971,17580347,,,2.3442,hfq
2025-11-04,13.931,14.011,13.581,13.701,10277906,,,-1.9326,hfq
2025-11-05,13.561,13.891,13.311,13.601,11854153,,,-0.7299,hfq
2025-11-06,13.581,13.881,13.421,13.481,10670888,,,-0.8823,hfq
2025-11-07,13.501,13.831,13.421,13.571,9192765,,,0.6676,hfq
2025-11-10,13.661,13.861,13.141,13.281,13662832,,,-2.1369,hfq
2025-11-11,13.261,13.501,13.121,13.261,10588892,,,-0.1506,hfq
2025-11-12,13.221,13.261,12.921,12.941,8336699,,,-2.4131,hfq
2025-11-13,12.981,13.461,12.911,13.161,10979361,,,1.7000,hfq
2025-11-14,13.171,13.281,12.971,13.081,9442558,,,-0.6079,hfq
2025-11-17,13.191,13.651,12.911,12.931,11309214,,,-1.1467,hfq
2025-11-18,12.921,12.951,12.671,12.721,8017524,,,-1.6240,hfq
2025-11-19,12.791,12.891,12.401,12.551,9502840,,,-1.3364,hfq
2025-11-20,12.611,12.861,12.361,12.411,8127402,,,-1.1154,hfq
2025-11-21,12.401,12.511,12.201,12.281,7966573,,,-1.0475,hfq
2025-11-24,12.301,12.651,12.221,12.531,9071252,,,2.0357,hfq
2025-11-25,12.531,12.741,12.391,12.391,6593854,,,-1.1172,hfq
2025-11-26,12.401,12.611,12.321,12.401,5302759,,,0.0807,hfq
2025-11-27,12.461,12.701,12.381,12.421,6662341,,,0.1613,hfq
2025-11-28,12.431,13.031,12.351,12.961,13908235,,,4.3475,hfq
2025-12-01,12.971,12.981,12.701,12.861,6705409,,,-0.7715,hfq
2025-12-02,12.821,13.071,12.711,12.751,5537925,,,-0.8553,hfq
2025-12-03,12.761,12.811,12.511,12.581,5557030,,,-1.3332,hfq
2025-12-04,12.581,12.751,12.441,12.661,8345462,,,0.6359,hfq
2025-12-05,12.721,12.811,12.511,12.731,4755163,,,0.5529,hfq
2025-12-08,12.901,12.931,12.631,12.831,5762837,,,0.7855,hfq
2025-12-09,12.831,13.081,12.761,12.771,6809831,,,-0.4676,hfq
2025-12-10,12.731,12.951,12.621,12.831,6569560,,,0.4698,hfq
2025-12-11,12.851,12.971,12.401,12.431,9869756,,,-3.1174,hfq
2025-12-12,12.441,13.101,12.431,13.041,13189442,,,4.9071,hfq
2025-12-15,13.131,13.751,13.051,13.451,18814854,,,3.1439,hfq
2025-12-16,13.541,13.541,13.041,13.241,9133470,,,-1.5612,hfq
2025-12-17,13.051,13.361,12.851,13.171,7085241,,,-0.5287,hfq
2025-12-18,13.091,13.331,13.041,13.051,6875401,,,-0.9111,hfq
2025-12-19,13.121,13.231,12.981,13.151,6413625,,,0.7662,hfq
2025-12-22,13.231,13.851,13.201,13.501,22745693,,,2.6614,hfq
2025-12-23,13.541,15.091,13.451,14.551,41632331,,,7.7772,hfq
2025-12-24,14.361,14.851,14.281,14.791,23871680,,,1.6494,hfq
2025-12-25,14.691,14.981,14.501,14.711,13356467,,,-0.5409,hfq
2025-12-26,14.631,15.181,14.501,14.531,15629818,,,-1.2236,hfq
2025-12-29,14.481,14.641,14.221,14.401,13529302,,,-0.8946,hfq
2025-12-30,14.351,14.541,14.131,14.251,9593996,,,-1.0416,hfq
2025-12-31,14.341,14.831,14.251,14.741,15845178,,,3.4384,hfq
2026-01-05,14.881,15.551,14.751,15.531,27660576,,,5.3592,hfq
2026-01-06,15.481,15.891,15.211,15.301,15342782,,,-1.4809,hfq
2026-01-07,15.471,18.321,15.301,18.321,60041241,,,19.7373,hfq
2026-01-08,18.501,19.361,17.711,19.201,60563733,,,4.8032,hfq
2026-01-09,18.781,19.241,18.401,18.861,33594445,,,-1.7707,hfq
2026-01-12,18.831,19.801,18.461,19.751,39900604,,,4.7187,hfq
2026-01-13,19.161,20.191,18.601,19.661,33911556,,,-0.4557,hfq
2026-01-14,19.471,20.771,19.431,20.221,37007335,,,2.8483,hfq
2026-01-15,19.661,20.861,19.661,20.101,31778494,,,-0.5934,hfq
2026-01-16,20.861,22.401,20.021,22.191,44652902,,,10.3975,hfq
2026-01-19,20.801,22.821,20.801,21.701,42765998,,,-2.2081,hfq
2026-01-20,21.801,23.501,20.901,22.801,47132331,,,5.0689,hfq
2026-01-21,22.471,25.201,22.201,23.481,45090155,,,2.9823,hfq
2026-01-22,23.501,24.031,21.631,21.981,51549888,,,-6.3881,hfq
2026-01-23,21.931,22.521,21.701,22.211,41918982,,,1.0464,hfq
2026-01-26,22.021,22.091,21.221,21.711,29734957,,,-2.2511,hfq
2026-01-27,21.551,22.101,21.201,21.401,29987436,,,-1.4278,hfq
2026-01-28,21.501,21.651,20.601,21.021,36230464,,,-1.7756,hfq
2026-01-29,21.131,21.461,20.241,20.351,26467966,,,-3.1873,hfq
2026-01-30,20.601,20.881,19.841,20.331,23354347,,,-0.0983,hfq
2026-02-02,20.261,20.301,19.211,19.301,22195157,,,-5.0662,hfq
2026-02-03,19.491,20.761,19.381,20.671,32934717,,,7.0981,hfq
2026-02-04,20.501,20.801,20.101,20.361,16821878,,,-1.4997,hfq
2026-02-05,20.241,20.521,19.631,20.421,18892917,,,0.2947,hfq
2026-02-06,20.201,21.421,19.921,20.921,30939304,,,2.4485,hfq
2026-02-09,21.451,22.121,20.851,21.461,27574121,,,2.5811,hfq
2026-02-10,21.401,22.031,20.931,21.711,23846929,,,1.1649,hfq
2026-02-11,21.781,22.601,21.541,22.131,20715262,,,1.9345,hfq
2026-02-12,22.131,23.991,21.721,23.551,26199709,,,6.4163,hfq
2026-02-13,23.201,24.831,22.601,24.421,22772242,,,3.6941,hfq
2026-02-24,24.451,24.621,23.651,23.661,15637542,,,-3.1121,hfq
2026-02-25,23.721,26.581,23.031,25.221,27521425,,,6.5931,hfq
2026-02-26,25.161,25.421,24.331,25.291,15341763,,,0.2775,hfq
2026-02-27,25.061,26.361,24.201,25.901,15332342,,,2.4119,hfq
2026-03-02,25.401,27.601,25.351,27.371,22521594,,,5.6755,hfq
2026-03-03,27.701,30.201,27.201,27.321,51728765,,,-0.1827,hfq
2026-03-04,28.341,28.701,25.321,26.621,52457004,,,-2.5621,hfq
2026-03-05,26.951,27.781,26.021,26.511,31993465,,,-0.4132,hfq
2026-03-06,26.381,27.531,25.881,26.001,23380977,,,-1.9237,hfq
2026-03-09,27.101,27.171,24.451,25.241,46622729,,,-2.9230,hfq
2026-03-10,24.991,26.021,24.621,25.491,29679764,,,0.9905,hfq
2026-03-11,25.501,25.961,24.651,25.011,24473433,,,-1.8830,hfq
2026-03-12,25.231,27.351,24.901,26.651,38089637,,,6.5571,hfq
2026-03-13,27.781,28.221,25.431,25.731,38853843,,,-3.4520,hfq
2026-03-16,25.701,26.771,24.331,24.661,38776868,,,-4.1584,hfq
2026-03-17,24.561,24.631,23.451,23.591,27739912,,,-4.3388,hfq
2026-03-18,23.711,24.001,23.261,23.451,18405181,,,-0.5934,hfq
2026-03-19,23.701,24.581,23.001,23.961,33834324,,,2.1747,hfq
2026-03-20,23.781,24.641,23.351,23.431,25853132,,,-2.2119,hfq
2026-03-23,23.311,25.851,23.231,23.801,41031753,,,1.5791,hfq
2026-03-24,23.211,23.401,22.221,23.051,30145737,,,-3.1511,hfq
2026-03-25,22.881,23.291,22.401,22.961,26516097,,,-0.3904,hfq
2026-03-26,22.911,23.851,22.591,23.041,25718099,,,0.3484,hfq
2026-03-27,23.201,24.601,22.951,23.881,27525747,,,3.6457,hfq
2026-03-30,24.561,24.591,23.261,23.801,24460700,,,-0.3350,hfq
2026-03-31,23.501,23.701,22.231,22.451,25594060,,,-5.6720,hfq
2026-04-01,22.551,22.791,21.481,22.391,28057456,,,-0.2672,hfq
2026-04-02,22.381,23.381,22.321,23.091,22296041,,,3.1263,hfq
2026-04-03,23.471,23.831,22.901,23.251,18068673,,,0.6929,hfq
2026-04-07,23.481,24.641,23.331,23.701,20848303,,,1.9354,hfq
2026-04-08,23.021,25.001,22.581,24.741,38230552,,,4.3880,hfq
2026-04-09,24.371,25.001,24.061,24.431,18698925,,,-1.2530,hfq
2026-04-10,24.101,24.821,23.981,24.131,15294908,,,-1.2279,hfq
2026-04-13,23.871,24.591,23.211,23.831,18436857,,,-1.2432,hfq
2026-04-14,23.721,25.081,23.351,24.581,22327307,,,3.1472,hfq
2026-04-15,25.201,25.401,23.551,24.061,21454782,,,-2.1155,hfq
2026-04-16,24.351,26.451,24.021,26.211,37433918,,,8.9356,hfq
2026-04-17,25.711,25.901,25.261,25.521,19409294,,,-2.6325,hfq
2026-04-20,25.561,26.731,24.621,26.481,35529302,,,3.7616,hfq
2026-04-21,26.591,30.141,26.401,29.701,49018869,,,12.1597,hfq
2026-04-22,30.201,31.101,29.001,30.021,35332761,,,1.0774,hfq
2026-04-23,30.561,30.881,29.401,30.251,33969807,,,0.7661,hfq
2026-04-24,30.201,32.571,29.701,30.411,42150491,,,0.5289,hfq
2026-04-27,30.201,35.001,30.201,31.991,49425576,,,5.1955,hfq
2026-04-28,32.211,32.331,29.821,30.981,42147408,,,-3.1571,hfq
2026-04-29,30.641,31.871,30.301,30.671,29467486,,,-1.0006,hfq
2026-04-30,31.241,32.001,29.761,30.261,33047338,,,-1.3368,hfq
2026-05-06,30.801,31.431,30.061,30.201,30378940,,,-0.1983,hfq
2026-05-07,29.221,29.551,27.581,28.001,59286920,,,-7.2845,hfq
2026-05-08,28.071,29.001,27.801,27.841,31121321,,,-0.5714,hfq
2026-05-11,28.051,29.291,27.571,28.751,44170426,,,3.2686,hfq
2026-05-12,28.651,29.201,28.081,28.511,27205496,,,-0.8348,hfq
2026-05-13,28.251,30.041,27.961,29.611,34974792,,,3.8582,hfq
2026-05-14,29.701,32.101,29.681,30.251,42301898,,,2.1614,hfq
2026-05-15,30.391,33.181,29.111,31.971,50622761,,,5.6858,hfq
2026-05-18,32.891,33.851,31.081,33.221,45389819,,,3.9098,hfq
2026-05-19,32.741,35.161,31.311,34.981,43170360,,,5.2979,hfq
2026-05-20,34.941,36.301,33.561,34.361,38335849,,,-1.7724,hfq
2026-05-21,34.201,34.201,30.861,30.951,47859736,,,-9.9240,hfq
2026-05-22,31.591,31.821,29.781,30.061,35042192,,,-2.8755,hfq
2026-05-25,30.061,31.221,28.401,30.291,33636437,,,0.7651,hfq
2026-05-26,30.161,30.261,29.191,29.881,21563974,,,-1.3535,hfq
2026-05-27,30.081,31.651,29.751,30.041,29814600,,,0.5355,hfq
2026-05-28,29.901,30.501,29.231,29.491,27968533,,,-1.8308,hfq
2026-05-29,29.501,29.691,27.401,27.901,32398078,,,-5.3915,hfq
2026-06-01,28.001,28.741,26.931,27.011,21559338,,,-3.1898,hfq
2026-06-02,27.061,28.771,26.711,27.821,23595364,,,2.9988,hfq
2026-06-03,27.921,28.451,27.151,28.241,25165758,,,1.5097,hfq
2026-06-04,27.901,30.511,27.721,30.321,33793439,,,7.3652,hfq
2026-06-05,29.701,30.371,28.051,28.311,31421937,,,-6.6291,hfq
2026-06-08,26.171,27.971,26.171,26.841,24952486,,,-5.1923,hfq
2026-06-09,26.821,28.381,26.711,27.801,23742025,,,3.5766,hfq
2026-06-10,27.531,29.761,27.531,29.331,33266018,,,5.5034,hfq
2026-06-11,29.651,34.301,28.691,33.001,64882516,,,12.5124,hfq
2026-06-12,31.701,31.751,29.001,29.151,49732959,,,-11.6663,hfq
2026-06-15,29.251,29.531,28.001,28.321,33529265,,,-2.8472,hfq
2026-06-16,28.881,30.801,28.651,30.001,41260646,,,5.9320,hfq
2026-06-17,28.991,33.801,28.901,33.701,45313635,,,12.3329,hfq
2026-06-18,32.821,34.061,32.091,33.611,36192685,,,-0.2671,hfq
2026-06-22,34.611,39.881,33.781,38.581,55553768,,,14.7868,hfq
2026-06-23,41.511,42.171,37.501,38.771,59223720,,,0.4925,hfq
2026-06-24,36.901,39.851,34.221,38.791,52932137,,,0.0516,hfq
2026-06-25,39.241,42.081,37.301,40.401,56278113,,,4.1504,hfq
2026-06-26,39.521,40.611,37.761,39.001,40041568,,,-3.4653,hfq
2026-06-29,40.961,46.751,39.391,46.751,65266788,,,19.8713,hfq
2026-06-30,47.061,55.241,45.361,52.361,63638455,,,11.9997,hfq
2026-07-01,53.261,57.571,51.921,55.261,64739573,,,5.5385,hfq
2026-07-02,50.941,54.461,48.961,49.461,69265718,,,-10.4956,hfq
2026-07-03,50.261,53.371,45.281,46.711,75210152,,,-5.5599,hfq
2026-07-06,46.261,46.811,42.691,45.331,64941146,,,-2.9543,hfq
2026-07-07,45.091,48.541,43.681,48.271,56720223,,,6.4856,hfq
2026-07-08,48.261,50.141,46.541,47.061,52908828,,,-2.5067,hfq
2026-07-09,47.991,51.741,45.661,51.161,53902973,,,8.7121,hfq
2026-07-10,51.771,52.761,43.361,43.861,65836772,,,-14.2687,hfq
2026-07-13,45.261,48.791,44.091,44.531,56011999,,,1.5276,hfq
2026-07-14,44.361,45.211,42.021,42.861,50217693,,,-3.7502,hfq
2026-07-15,43.051,43.721,40.871,41.161,41957632,,,-3.9663,hfq
2026-07-16,40.101,42.261,39.111,39.621,35034477,,,-3.7414,hfq
2026-07-17,39.071,42.121,37.861,38.021,41389719,,,-4.0383,hfq
2026-07-20,38.771,39.261,33.661,35.261,54755751,,,-7.2591,hfq
2026-07-21,35.261,38.261,31.941,37.461,52663517,,,6.2392,hfq
2026-07-22,37.181,38.221,36.131,36.821,37698454,,,-1.7084,hfq
2026-07-23,36.931,38.061,36.011,36.761,24045568,,,-0.1630,hfq
2026-07-24,36.061,39.551,35.691,38.711,43389834,,,5.3045,hfq
2026-07-27,38.051,40.711,37.761,40.201,45877640,,,3.8490,hfq
2026-07-28,38.761,39.801,35.961,36.101,33308250,,,-10.1988,hfq
2026-07-29,35.961,36.041,31.571,34.451,44455114,,,-4.5705,hfq
2026-07-30,34.681,34.821,30.131,31.141,44358696,,,-9.6078,hfq
2026-07-31,34.261,34.861,31.431,31.721,35127413,,,1.8625,hfq
2026-08-03,30.341,32.141,29.261,29.491,30843515,,,-7.0300,hfq
2026-08-04,29.751,32.811,28.951,32.621,34522700,,,10.6134,hfq
2026-08-05,32.321,35.941,32.141,35.011,31191848,,,7.3266,hfq
2026-08-06,34.261,39.931,34.031,37.421,45021583,,,6.8836,hfq
2026-08-07,36.741,38.541,36.361,37.921,37338236,,,1.3361,hfq
2026-08-10,38.021,38.231,36.511,37.921,29816891,,,0.0000,hfq
2026-08-11,37.241,38.971,37.161,37.431,22945674,,,-1.2922,hfq
2026-08-12,37.761,39.241,36.531,38.441,26600544,,,2.6983,hfq
2026-08-13,38.721,39.001,36.521,36.761,27392214,,,-4.3703,hfq
2026-08-14,38.261,40.621,38.261,39.261,37878146,,,6.8007,hfq
2026-08-17,39.561,42.591,38.431,41.761,46407989,,,6.3676,hfq
2026-08-18,41.521,42.131,39.841,40.991,31171352,,,-1.8438,hfq
2026-08-19,39.691,41.351,37.661,38.141,31816840,,,-6.9527,hfq
2026-08-20,38.271,38.691,36.261,38.261,24460055,,,0.3146,hfq
2026-08-21,38.371,39.431,36.741,37.541,30372018,,,-1.8818,hfq
2026-08-24,37.921,37.921,34.341,35.361,24539080,,,-5.8070,hfq
2026-08-25,34.761,35.251,33.701,34.551,19450873,,,-2.2907,hfq
2026-08-26,34.541,35.321,33.921,35.071,17075038,,,1.5050,hfq
2026-08-27,35.241,36.911,34.941,36.331,21622932,,,3.5927,hfq
2026-08-28,36.481,36.831,34.321,34.591,28235523,,,-4.7893,hfq
2026-08-31,33.791,34.201,32.211,33.881,46083744,,,-2.0526,hfq
2026-09-01,33.591,33.861,31.471,31.911,31156916,,,-5.8145,hfq
2026-09-02,31.261,31.891,30.781,31.091,19891079,,,-2.5696,hfq
2026-09-03,31.391,31.391,29.671,30.261,35502699,,,-2.6696,hfq
2026-09-04,30.441,31.231,28.701,29.031,28686757,,,-4.0646,hfq
2026-09-07,29.341,30.561,29.181,29.961,29895350,,,3.2035,hfq
2026-09-08,30.461,30.551,29.021,29.201,19753311,,,-2.5366,hfq
2026-09-09,29.441,29.951,28.861,29.071,14987783,,,-0.4452,hfq
2026-09-10,28.901,29.401,28.681,28.861,13960926,,,-0.7224,hfq
2026-09-11,28.871,28.891,27.241,28.061,19521197,,,-2.7719,hfq
2026-09-14,27.641,28.711,27.281,28.221,14536695,,,0.5702,hfq
2026-09-15,27.961,29.341,27.961,28.661,19178429,,,1.5591,hfq
2026-09-16,28.851,30.121,28.391,29.531,29570994,,,3.0355,hfq
2026-09-17,29.511,31.391,28.861,30.611,47305116,,,3.6572,hfq
2026-09-18,31.661,33.841,30.561,33.161,65527258,,,8.3303,hfq
