model,factor_id,engine,n,mean,std,min,max,unique_ratio,is_constant,rule_score_mean,rule_score_std
ipo_approx_v1,B_DAY_001,bazi,500,0.0796,0.8002,-1.0000,1.0000,0.0100,False,7.2600,3.4578
ipo_approx_v1,B_DAY_002,bazi,500,0.1350,0.2372,0.0000,1.0000,0.0060,False,1.3500,2.3722
ipo_approx_v1,B_DAY_003,bazi,500,0.5970,0.1977,0.5000,1.0000,0.0040,False,5.9700,1.9771
ipo_approx_v1,B_DAY_004,bazi,500,0.0796,0.8002,-1.0000,1.0000,0.0100,False,7.2600,3.4578
ipo_approx_v1,B_DAY_005,bazi,500,0.5038,0.3249,0.0000,1.0000,0.0200,False,5.0000,0.0000
ipo_approx_v1,B_DAY_006,bazi,500,-0.0400,0.8429,-1.0000,1.0000,0.0060,False,7.1200,4.5283
ipo_approx_v1,B_DAY_007,bazi,500,0.7080,0.2464,0.5000,1.0000,0.0040,False,7.0800,2.4645
ipo_approx_v1,B_DAY_008,bazi,500,0.0960,0.2092,0.0000,1.0000,0.0060,False,0.9600,2.0925
ipo_approx_v1,B_MONTH_001,bazi,500,-0.1224,0.7845,-1.0000,1.0000,0.0100,False,7.2080,3.3294
ipo_approx_v1,B_MONTH_002,bazi,500,0.0796,0.8002,-1.0000,1.0000,0.0100,False,7.2600,3.4578
ipo_approx_v1,B_MONTH_003,bazi,500,0.9440,0.2299,0.0000,1.0000,0.0040,False,9.4400,2.2992
ipo_approx_v1,B_MONTH_004,bazi,500,0.7280,0.4450,0.0000,1.0000,0.0040,False,7.2800,4.4499
ipo_approx_v1,B_MONTH_005,bazi,500,0.8040,0.3970,0.0000,1.0000,0.0040,False,8.0400,3.9697
ipo_approx_v1,B_MONTH_006,bazi,500,0.0360,0.1863,0.0000,1.0000,0.0040,False,0.3600,1.8629
ipo_approx_v1,B_MONTH_007,bazi,500,0.5970,0.1977,0.5000,1.0000,0.0040,False,5.9700,1.9771
ipo_approx_v1,B_MONTH_008,bazi,500,0.1350,0.2372,0.0000,1.0000,0.0060,False,1.3500,2.3722
ipo_approx_v1,B_MONTH_009,bazi,500,0.7080,0.2464,0.5000,1.0000,0.0040,False,7.0800,2.4645
ipo_approx_v1,B_MONTH_010,bazi,500,0.0960,0.2092,0.0000,1.0000,0.0060,False,0.9600,2.0925
ipo_approx_v1,B_MONTH_011,bazi,500,0.5082,0.3125,0.0000,1.0000,0.0200,False,5.0000,0.0000
ipo_approx_v1,B_MONTH_012,bazi,500,-0.0400,0.8429,-1.0000,1.0000,0.0060,False,7.1200,4.5283
ipo_approx_v1,B_NATAL_001,bazi,500,-0.1900,0.6848,-1.0000,1.0000,0.0100,False,5.8600,4.0200
ipo_approx_v1,B_NATAL_002,bazi,500,0.6190,0.2895,0.0000,1.0000,0.0100,False,6.1900,2.8955
ipo_approx_v1,B_NATAL_003,bazi,500,0.5040,0.5000,0.0000,1.0000,0.0040,False,5.0400,4.9998
ipo_approx_v1,B_NATAL_004,bazi,500,0.1820,0.3858,0.0000,1.0000,0.0040,False,1.8200,3.8584
ipo_approx_v1,B_NATAL_005,bazi,500,0.6275,0.2532,0.0000,1.0000,0.0100,False,6.2750,2.5322
ipo_approx_v1,B_NATAL_006,bazi,500,0.6405,0.2853,0.0000,1.0000,0.0100,False,6.4050,2.8528
ipo_approx_v1,B_NATAL_007,bazi,500,0.6440,0.2762,0.0000,1.0000,0.0100,False,6.4400,2.7616
ipo_approx_v1,B_NATAL_008,bazi,500,0.6280,0.2817,0.0000,1.0000,0.0100,False,6.2800,2.8172
ipo_approx_v1,B_NATAL_009,bazi,500,0.6148,0.2972,0.2000,1.0000,0.0100,False,6.8952,0.5224
ipo_approx_v1,B_NATAL_010,bazi,500,0.6288,0.3048,0.2000,1.0000,0.0100,False,5.9756,1.2026
ipo_approx_v1,B_NATAL_011,bazi,500,0.2527,0.2269,0.0000,1.0000,0.0080,False,2.5265,2.2692
ipo_approx_v1,B_NATAL_012,bazi,500,0.4861,0.1771,0.1000,1.0000,0.5540,False,4.8606,1.7706
ipo_approx_v1,B_NATAL_013,bazi,500,-0.1145,0.4657,-0.9814,0.9311,0.0260,False,4.4266,3.4132
ipo_approx_v1,B_NATAL_014,bazi,500,0.1827,0.1153,0.0000,0.6318,0.3060,False,4.4835,2.6612
ipo_approx_v1,B_NATAL_015,bazi,500,0.1795,0.0990,0.0000,0.5000,0.2780,False,4.4637,2.4160
ipo_approx_v1,B_NATAL_016,bazi,500,0.6034,0.4208,-0.7992,1.0000,0.8100,False,6.7756,2.8652
ipo_approx_v1,B_NATAL_017,bazi,500,0.8347,0.2028,0.3333,1.0000,0.0060,False,8.3468,2.0275
ipo_approx_v1,B_NATAL_018,bazi,500,0.0200,0.9998,-1.0000,1.0000,0.0040,False,5.0000,0.0000
ipo_approx_v1,B_YEAR_001,bazi,500,-0.1224,0.7845,-1.0000,1.0000,0.0100,False,7.2080,3.3294
ipo_approx_v1,B_YEAR_002,bazi,500,-0.1224,0.7845,-1.0000,1.0000,0.0100,False,7.2080,3.3294
ipo_approx_v1,B_YEAR_003,bazi,500,0.4120,0.4922,0.0000,1.0000,0.0040,False,4.1200,4.9220
ipo_approx_v1,B_YEAR_004,bazi,500,0.3740,0.4839,0.0000,1.0000,0.0040,False,3.7400,4.8386
ipo_approx_v1,B_YEAR_005,bazi,500,0.1460,0.2543,0.0000,1.0000,0.0060,False,1.4600,2.5433
ipo_approx_v1,B_YEAR_006,bazi,500,0.1190,0.2436,0.0000,1.0000,0.0060,False,1.1900,2.4360
ipo_approx_v1,B_YEAR_007,bazi,500,0.1290,0.2426,0.0000,1.0000,0.0060,False,1.2900,2.4261
ipo_approx_v1,B_YEAR_008,bazi,500,0.1530,0.2609,0.0000,1.0000,0.0060,False,1.5300,2.6094
ipo_approx_v1,B_YEAR_009,bazi,500,0.1960,0.8565,-1.0000,1.0000,0.0060,False,7.7200,4.1954
ipo_approx_v1,B_YEAR_010,bazi,500,0.0420,0.2006,0.0000,1.0000,0.0040,False,0.4200,2.0059
ipo_approx_v1,Z_AGE_001,ziwei,500,0.4367,0.3085,-0.1325,0.8435,0.0280,False,4.5696,2.7762
ipo_approx_v1,Z_AGE_002,ziwei,500,-0.3260,0.3560,-1.0000,0.0000,0.0060,False,2.6080,2.8479
ipo_approx_v1,Z_CAREER_001,ziwei,500,0.3668,0.3315,-0.2605,0.8701,0.0420,False,4.0481,2.8390
ipo_approx_v1,Z_CAREER_002,ziwei,500,0.5770,0.3429,0.0000,1.0000,0.0060,False,2.8850,1.7144
ipo_approx_v1,Z_CAREER_003,ziwei,500,-0.2440,0.3024,-1.0000,0.0000,0.0060,False,1.9520,2.4194
ipo_approx_v1,Z_CAREER_004,ziwei,500,0.1720,0.3774,0.0000,1.0000,0.0040,False,1.3760,3.0190
ipo_approx_v1,Z_DAY_001,ziwei,500,-0.0615,0.6552,-1.0000,1.0000,0.0240,False,2.8748,1.6014
ipo_approx_v1,Z_DAY_002,ziwei,500,0.3906,0.3402,-0.2605,0.8701,0.0420,False,4.2361,2.9811
ipo_approx_v1,Z_DAY_003,ziwei,500,-0.1587,0.2101,-1.0000,0.0000,0.0080,False,1.2694,1.6812
ipo_approx_v1,Z_DAY_004,ziwei,500,-0.0400,0.6643,-1.0000,1.0000,0.0240,False,2.9802,1.4805
ipo_approx_v1,Z_DAY_005,ziwei,500,0.0938,0.6657,-1.0000,1.0000,0.0240,False,2.9711,1.5719
ipo_approx_v1,Z_DECADE_001,ziwei,500,0.4187,0.3243,-0.2605,0.8701,0.0420,False,4.4657,2.8478
ipo_approx_v1,Z_DECADE_002,ziwei,500,-0.2530,0.2958,-1.0000,0.0000,0.0060,False,2.0240,2.3663
ipo_approx_v1,Z_FIN_001,ziwei,500,0.4115,0.3210,-0.2605,0.8701,0.0420,False,4.2988,2.9599
ipo_approx_v1,Z_FIN_002,ziwei,500,0.5630,0.3557,0.0000,1.0000,0.0060,False,2.8150,1.7786
ipo_approx_v1,Z_FIN_003,ziwei,500,-0.2320,0.2832,-1.0000,0.0000,0.0060,False,1.8560,2.2652
ipo_approx_v1,Z_FIN_004,ziwei,500,0.1820,0.3858,0.0000,1.0000,0.0040,False,1.4560,3.0868
ipo_approx_v1,Z_LIFE_001,ziwei,500,0.4094,0.3306,-0.2605,0.8701,0.0420,False,4.4106,2.8699
ipo_approx_v1,Z_LIFE_002,ziwei,500,0.5980,0.3382,0.0000,1.0000,0.0060,False,2.9900,1.6911
ipo_approx_v1,Z_LIFE_003,ziwei,500,0.1527,0.2181,0.0000,0.6667,0.0060,False,1.2214,1.7451
ipo_approx_v1,Z_LIFE_004,ziwei,500,-0.2630,0.3245,-1.0000,0.0000,0.0060,False,2.1040,2.5964
ipo_approx_v1,Z_LIFE_005,ziwei,500,-0.0335,0.4331,-0.9051,0.7616,0.0120,False,2.6231,2.2799
ipo_approx_v1,Z_LIFE_006,ziwei,500,0.0000,0.0000,0.0000,0.0000,0.0020,True,0.0000,0.0000
ipo_approx_v1,Z_LIFE_007,ziwei,500,-0.0590,0.6819,-1.0000,1.0000,0.0100,False,2.8750,1.8566
ipo_approx_v1,Z_MONTH_001,ziwei,500,0.0491,0.6580,-1.0000,1.0000,0.0240,False,2.8602,1.6444
ipo_approx_v1,Z_MONTH_002,ziwei,500,0.4275,0.3272,-0.2605,0.8701,0.0400,False,4.5524,2.8731
ipo_approx_v1,Z_MONTH_003,ziwei,500,-0.1473,0.1940,-1.0000,0.0000,0.0080,False,1.1788,1.5519
ipo_approx_v1,Z_MONTH_004,ziwei,500,0.0938,0.6657,-1.0000,1.0000,0.0240,False,2.9711,1.5719
ipo_approx_v1,Z_MONTH_005,ziwei,500,0.1025,0.5863,-1.0000,1.0000,0.0240,False,2.5657,1.5086
ipo_approx_v1,Z_MOVE_001,ziwei,500,0.3737,0.3340,-0.2605,0.8701,0.0420,False,4.1038,2.8772
ipo_approx_v1,Z_MOVE_002,ziwei,500,-0.2610,0.3121,-1.0000,0.0000,0.0060,False,2.0880,2.4964
ipo_approx_v1,Z_MOVE_003,ziwei,500,0.1600,0.3666,0.0000,1.0000,0.0040,False,1.2800,2.9328
ipo_approx_v1,Z_MUTAGEN_001,ziwei,500,0.4300,0.4496,0.0000,1.0000,0.0060,False,4.3000,4.4956
ipo_approx_v1,Z_MUTAGEN_002,ziwei,500,0.4290,0.4444,0.0000,1.0000,0.0060,False,4.2900,4.4436
ipo_approx_v1,Z_MUTAGEN_003,ziwei,500,0.3550,0.4410,0.0000,1.0000,0.0060,False,3.5500,4.4099
ipo_approx_v1,Z_MUTAGEN_004,ziwei,500,-0.4340,0.4513,-1.0000,0.0000,0.0060,False,4.3400,4.5127
ipo_approx_v1,Z_MUTAGEN_005,ziwei,500,0.4580,0.3677,0.0000,1.0000,0.0060,False,4.5800,3.6774
ipo_approx_v1,Z_MUTAGEN_006,ziwei,500,-0.3500,0.4770,-1.0000,0.0000,0.0040,False,2.8000,3.8158
ipo_approx_v1,Z_TRINE_001,ziwei,500,0.5775,0.2231,-0.0250,0.8617,0.1280,False,5.7761,2.2287
ipo_approx_v1,Z_TRINE_002,ziwei,500,0.3400,0.2272,0.0000,0.8333,0.0120,False,3.4001,2.2720
ipo_approx_v1,Z_TRINE_003,ziwei,500,-0.5000,0.2632,-1.0000,0.0000,0.0100,False,5.0000,2.6315
ipo_approx_v1,Z_TRINE_004,ziwei,500,-0.0077,0.5356,-0.9311,0.9311,0.0220,False,4.6790,2.6082
ipo_approx_v1,Z_TRINE_005,ziwei,500,0.6852,0.2476,0.0000,1.0000,0.0120,False,3.4260,1.2380
ipo_approx_v1,Z_YEAR_001,ziwei,500,-0.2727,0.0000,-0.2727,-0.2727,0.0020,True,1.3640,0.0000
ipo_approx_v1,Z_YEAR_002,ziwei,500,0.4841,0.2392,-0.0997,0.8122,0.0120,False,4.9929,2.0576
ipo_approx_v1,Z_YEAR_003,ziwei,500,-0.4673,0.1990,-1.0000,-0.3333,0.0060,False,3.7388,1.5917
ipo_approx_v1,Z_YEAR_004,ziwei,500,0.0938,0.6657,-1.0000,1.0000,0.0240,False,2.9711,1.5719
ipo_approx_v1,Z_YEAR_005,ziwei,500,0.1025,0.5863,-1.0000,1.0000,0.0240,False,2.5657,1.5086
ipo_approx_v1,Z_YEAR_006,ziwei,500,0.0460,0.1445,0.0000,0.5000,0.0040,False,0.4600,1.4451
listing_close_v1,B_DAY_001,bazi,500,-0.2296,0.7680,-1.0000,1.0000,0.0100,False,7.1200,3.6826
listing_close_v1,B_DAY_002,bazi,500,0.1400,0.2417,0.0000,1.0000,0.0060,False,1.4000,2.4166
listing_close_v1,B_DAY_003,bazi,500,0.0980,0.2177,0.0000,1.0000,0.0060,False,0.9800,2.1771
listing_close_v1,B_DAY_004,bazi,500,-0.2296,0.7680,-1.0000,1.0000,0.0100,False,7.1200,3.6826
listing_close_v1,B_DAY_005,bazi,500,0.4993,0.3145,0.0000,1.0000,0.0200,False,5.0000,0.0000
listing_close_v1,B_DAY_006,bazi,500,-0.1040,0.8131,-1.0000,1.0000,0.0060,False,6.7200,4.6948
listing_close_v1,B_DAY_007,bazi,500,0.2360,0.3087,0.0000,1.0000,0.0060,False,2.3600,3.0871
listing_close_v1,B_DAY_008,bazi,500,0.1220,0.2283,0.0000,1.0000,0.0060,False,1.2200,2.2829
listing_close_v1,B_MONTH_001,bazi,500,0.3464,0.6936,-1.0000,1.0000,0.0100,False,7.0880,3.1420
listing_close_v1,B_MONTH_002,bazi,500,-0.2296,0.7680,-1.0000,1.0000,0.0100,False,7.1200,3.6826
listing_close_v1,B_MONTH_003,bazi,500,0.9480,0.2220,0.0000,1.0000,0.0040,False,9.4800,2.2203
listing_close_v1,B_MONTH_004,bazi,500,0.7900,0.4073,0.0000,1.0000,0.0040,False,7.9000,4.0731
listing_close_v1,B_MONTH_005,bazi,500,0.7640,0.4246,0.0000,1.0000,0.0040,False,7.6400,4.2462
listing_close_v1,B_MONTH_006,bazi,500,0.0400,0.1960,0.0000,1.0000,0.0040,False,0.4000,1.9596
listing_close_v1,B_MONTH_007,bazi,500,0.0980,0.2177,0.0000,1.0000,0.0060,False,0.9800,2.1771
listing_close_v1,B_MONTH_008,bazi,500,0.1400,0.2417,0.0000,1.0000,0.0060,False,1.4000,2.4166
listing_close_v1,B_MONTH_009,bazi,500,0.2360,0.3087,0.0000,1.0000,0.0060,False,2.3600,3.0871
listing_close_v1,B_MONTH_010,bazi,500,0.1220,0.2283,0.0000,1.0000,0.0060,False,1.2200,2.2829
listing_close_v1,B_MONTH_011,bazi,500,0.5171,0.3265,0.0000,1.0000,0.0200,False,5.0000,0.0000
listing_close_v1,B_MONTH_012,bazi,500,-0.1040,0.8131,-1.0000,1.0000,0.0060,False,6.7200,4.6948
listing_close_v1,B_NATAL_001,bazi,500,-0.2100,0.6663,-1.0000,1.0000,0.0100,False,5.7000,4.0386
listing_close_v1,B_NATAL_002,bazi,500,0.6350,0.2660,0.0000,1.0000,0.0100,False,6.3500,2.6604
listing_close_v1,B_NATAL_003,bazi,500,0.5160,0.4997,0.0000,1.0000,0.0040,False,5.1600,4.9974
listing_close_v1,B_NATAL_004,bazi,500,0.2360,0.4246,0.0000,1.0000,0.0040,False,2.3600,4.2462
listing_close_v1,B_NATAL_005,bazi,500,0.6115,0.2932,0.0000,1.0000,0.0100,False,6.1150,2.9316
listing_close_v1,B_NATAL_006,bazi,500,0.6135,0.2859,0.0000,1.0000,0.0100,False,6.1350,2.8591
listing_close_v1,B_NATAL_007,bazi,500,0.6135,0.2915,0.0000,1.0000,0.0100,False,6.1350,2.9154
listing_close_v1,B_NATAL_008,bazi,500,0.6505,0.2659,0.0000,1.0000,0.0100,False,6.5050,2.6594
listing_close_v1,B_NATAL_009,bazi,500,0.5984,0.2868,0.2000,1.0000,0.0100,False,6.9432,0.4922
listing_close_v1,B_NATAL_010,bazi,500,0.5516,0.2686,0.2000,1.0000,0.0100,False,5.9104,1.2211
listing_close_v1,B_NATAL_011,bazi,500,0.2620,0.2232,0.0000,1.0000,0.0080,False,2.6199,2.2316
listing_close_v1,B_NATAL_012,bazi,500,0.5017,0.1623,0.1177,0.9843,0.5260,False,5.0171,1.6226
listing_close_v1,B_NATAL_013,bazi,500,-0.0972,0.4921,-0.9904,0.9311,0.0280,False,4.6799,3.4332
listing_close_v1,B_NATAL_014,bazi,500,0.1859,0.1070,0.0000,0.5753,0.2820,False,4.5886,2.5267
listing_close_v1,B_NATAL_015,bazi,500,0.1768,0.1104,0.0000,0.4847,0.2800,False,4.3838,2.6745
listing_close_v1,B_NATAL_016,bazi,500,0.6105,0.3959,-0.7455,1.0000,0.8340,False,6.7188,2.7939
listing_close_v1,B_NATAL_017,bazi,500,0.8260,0.2144,0.0000,1.0000,0.0080,False,8.2601,2.1435
listing_close_v1,B_NATAL_018,bazi,500,-0.0200,0.9998,-1.0000,1.0000,0.0040,False,5.0000,0.0000
listing_close_v1,B_YEAR_001,bazi,500,0.3464,0.6936,-1.0000,1.0000,0.0100,False,7.0880,3.1420
listing_close_v1,B_YEAR_002,bazi,500,0.3464,0.6936,-1.0000,1.0000,0.0100,False,7.0880,3.1420
listing_close_v1,B_YEAR_003,bazi,500,0.3880,0.4873,0.0000,1.0000,0.0040,False,3.8800,4.8729
listing_close_v1,B_YEAR_004,bazi,500,0.3840,0.4864,0.0000,1.0000,0.0040,False,3.8400,4.8636
listing_close_v1,B_YEAR_005,bazi,500,0.1560,0.2696,0.0000,1.0000,0.0060,False,1.5600,2.6956
listing_close_v1,B_YEAR_006,bazi,500,0.0960,0.2044,0.0000,1.0000,0.0060,False,0.9600,2.0441
listing_close_v1,B_YEAR_007,bazi,500,0.1180,0.2238,0.0000,1.0000,0.0060,False,1.1800,2.2378
listing_close_v1,B_YEAR_008,bazi,500,0.1540,0.2575,0.0000,1.0000,0.0060,False,1.5400,2.5746
listing_close_v1,B_YEAR_009,bazi,500,0.2620,0.8564,-1.0000,1.0000,0.0060,False,8.0200,3.9849
listing_close_v1,B_YEAR_010,bazi,500,0.0340,0.1812,0.0000,1.0000,0.0040,False,0.3400,1.8123
listing_close_v1,Z_AGE_001,ziwei,500,0.4456,0.3049,-0.1325,0.8435,0.0260,False,4.5669,2.8791
listing_close_v1,Z_AGE_002,ziwei,500,-0.1540,0.2308,-0.5000,0.0000,0.0040,False,1.2320,1.8467
listing_close_v1,Z_CAREER_001,ziwei,500,0.3778,0.3375,-0.2605,0.8701,0.0420,False,4.0875,2.9928
listing_close_v1,Z_CAREER_002,ziwei,500,0.5890,0.3558,0.0000,1.0000,0.0060,False,2.9450,1.7789
listing_close_v1,Z_CAREER_003,ziwei,500,-0.2370,0.3215,-1.0000,0.0000,0.0060,False,1.8960,2.5716
listing_close_v1,Z_CAREER_004,ziwei,500,0.1660,0.3721,0.0000,1.0000,0.0040,False,1.3280,2.9766
listing_close_v1,Z_DAY_001,ziwei,500,-0.0145,0.6277,-1.0000,1.0000,0.0240,False,2.7620,1.4927
listing_close_v1,Z_DAY_002,ziwei,500,0.3876,0.3200,-0.2605,0.8701,0.0420,False,4.1601,2.8206
listing_close_v1,Z_DAY_003,ziwei,500,-0.1607,0.1971,-0.6667,0.0000,0.0060,False,1.2854,1.5770
listing_close_v1,Z_DAY_004,ziwei,500,0.0138,0.6828,-1.0000,1.0000,0.0240,False,3.0147,1.6041
listing_close_v1,Z_DAY_005,ziwei,500,0.0865,0.6414,-1.0000,1.0000,0.0240,False,2.8838,1.4681
listing_close_v1,Z_DECADE_001,ziwei,500,0.3865,0.3347,-0.2605,0.8701,0.0440,False,4.2879,2.7844
listing_close_v1,Z_DECADE_002,ziwei,500,-0.2380,0.3168,-1.0000,0.0000,0.0060,False,1.9040,2.5343
listing_close_v1,Z_FIN_001,ziwei,500,0.3831,0.3381,-0.2605,0.8701,0.0420,False,4.1983,2.9128
listing_close_v1,Z_FIN_002,ziwei,500,0.5730,0.3452,0.0000,1.0000,0.0060,False,2.8650,1.7261
listing_close_v1,Z_FIN_003,ziwei,500,-0.2820,0.3186,-1.0000,0.0000,0.0060,False,2.2560,2.5484
listing_close_v1,Z_FIN_004,ziwei,500,0.1320,0.3385,0.0000,1.0000,0.0040,False,1.0560,2.7079
listing_close_v1,Z_LIFE_001,ziwei,500,0.3808,0.3342,-0.2605,0.8701,0.0440,False,4.1593,2.8938
listing_close_v1,Z_LIFE_002,ziwei,500,0.5780,0.3477,0.0000,1.0000,0.0060,False,2.8900,1.7386
listing_close_v1,Z_LIFE_003,ziwei,500,0.1913,0.2709,0.0000,1.0000,0.0080,False,1.5307,2.1673
listing_close_v1,Z_LIFE_004,ziwei,500,-0.2330,0.3037,-1.0000,0.0000,0.0060,False,1.8640,2.4293
listing_close_v1,Z_LIFE_005,ziwei,500,0.0246,0.4476,-0.7616,0.9640,0.0140,False,2.7297,2.3256
listing_close_v1,Z_LIFE_006,ziwei,500,0.0000,0.0000,0.0000,0.0000,0.0020,True,0.0000,0.0000
listing_close_v1,Z_LIFE_007,ziwei,500,-0.0240,0.6681,-1.0000,1.0000,0.0100,False,2.8100,1.8108
listing_close_v1,Z_MONTH_001,ziwei,500,-0.0262,0.6332,-1.0000,1.0000,0.0240,False,2.8129,1.4593
listing_close_v1,Z_MONTH_002,ziwei,500,0.3502,0.3373,-0.2605,0.8701,0.0420,False,3.8586,2.9583
listing_close_v1,Z_MONTH_003,ziwei,500,-0.1580,0.2026,-0.6667,0.0000,0.0060,False,1.2641,1.6206
listing_close_v1,Z_MONTH_004,ziwei,500,0.0865,0.6414,-1.0000,1.0000,0.0240,False,2.8838,1.4681
listing_close_v1,Z_MONTH_005,ziwei,500,0.0298,0.5887,-1.0000,1.0000,0.0240,False,2.4784,1.5950
listing_close_v1,Z_MOVE_001,ziwei,500,0.3910,0.3338,-0.2605,0.8701,0.0440,False,4.2335,2.9170
listing_close_v1,Z_MOVE_002,ziwei,500,-0.2620,0.3307,-1.0000,0.0000,0.0060,False,2.0960,2.6455
listing_close_v1,Z_MOVE_003,ziwei,500,0.1740,0.3791,0.0000,1.0000,0.0040,False,1.3920,3.0329
listing_close_v1,Z_MUTAGEN_001,ziwei,500,0.4150,0.4442,0.0000,1.0000,0.0060,False,4.1500,4.4416
listing_close_v1,Z_MUTAGEN_002,ziwei,500,0.4290,0.4511,0.0000,1.0000,0.0060,False,4.2900,4.5106
listing_close_v1,Z_MUTAGEN_003,ziwei,500,0.3990,0.4586,0.0000,1.0000,0.0060,False,3.9900,4.5858
listing_close_v1,Z_MUTAGEN_004,ziwei,500,-0.4000,0.4517,-1.0000,0.0000,0.0060,False,4.0000,4.5166
listing_close_v1,Z_MUTAGEN_005,ziwei,500,0.4820,0.3710,0.0000,1.0000,0.0060,False,4.8200,3.7105
listing_close_v1,Z_MUTAGEN_006,ziwei,500,-0.3280,0.4695,-1.0000,0.0000,0.0040,False,2.6240,3.7559
listing_close_v1,Z_TRINE_001,ziwei,500,0.5740,0.2215,-0.0250,0.8617,0.1260,False,5.7462,2.1998
listing_close_v1,Z_TRINE_002,ziwei,500,0.4317,0.1860,0.0000,0.8333,0.0120,False,4.3167,1.8604
listing_close_v1,Z_TRINE_003,ziwei,500,-0.4920,0.3129,-1.0000,0.0000,0.0100,False,4.9200,3.1295
listing_close_v1,Z_TRINE_004,ziwei,500,0.1356,0.5318,-0.9311,0.9311,0.0200,False,4.6646,2.8922
listing_close_v1,Z_TRINE_005,ziwei,500,0.6944,0.2374,0.0000,1.0000,0.0120,False,3.4720,1.1871
listing_close_v1,Z_YEAR_001,ziwei,500,-0.2727,0.0000,-0.2727,-0.2727,0.0020,True,1.3640,0.0000
listing_close_v1,Z_YEAR_002,ziwei,500,0.4651,0.2656,-0.0997,0.8122,0.0120,False,4.8190,2.3391
listing_close_v1,Z_YEAR_003,ziwei,500,-0.3287,0.1782,-0.6667,0.0000,0.0060,False,2.6295,1.4255
listing_close_v1,Z_YEAR_004,ziwei,500,0.0865,0.6414,-1.0000,1.0000,0.0240,False,2.8838,1.4681
listing_close_v1,Z_YEAR_005,ziwei,500,0.0298,0.5887,-1.0000,1.0000,0.0240,False,2.4784,1.5950
listing_close_v1,Z_YEAR_006,ziwei,500,0.0240,0.1069,0.0000,0.5000,0.0040,False,0.2400,1.0688
listing_open_v1,B_DAY_001,bazi,500,0.0580,0.8186,-1.0000,1.0000,0.0100,False,7.5160,3.2957
listing_open_v1,B_DAY_002,bazi,500,0.1380,0.2407,0.0000,1.0000,0.0060,False,1.3800,2.4074
listing_open_v1,B_DAY_003,bazi,500,0.5910,0.1929,0.5000,1.0000,0.0040,False,5.9100,1.9292
listing_open_v1,B_DAY_004,bazi,500,0.0580,0.8186,-1.0000,1.0000,0.0100,False,7.5160,3.2957
listing_open_v1,B_DAY_005,bazi,500,0.4993,0.3145,0.0000,1.0000,0.0200,False,5.0000,0.0000
listing_open_v1,B_DAY_006,bazi,500,-0.1040,0.8131,-1.0000,1.0000,0.0060,False,6.7200,4.6948
listing_open_v1,B_DAY_007,bazi,500,0.7020,0.2453,0.5000,1.0000,0.0040,False,7.0200,2.4535
listing_open_v1,B_DAY_008,bazi,500,0.1210,0.2277,0.0000,1.0000,0.0060,False,1.2100,2.2773
listing_open_v1,B_MONTH_001,bazi,500,-0.0908,0.7680,-1.0000,1.0000,0.0100,False,6.9960,3.2948
listing_open_v1,B_MONTH_002,bazi,500,0.0580,0.8186,-1.0000,1.0000,0.0100,False,7.5160,3.2957
listing_open_v1,B_MONTH_003,bazi,500,0.9620,0.1912,0.0000,1.0000,0.0040,False,9.6200,1.9120
listing_open_v1,B_MONTH_004,bazi,500,0.7560,0.4295,0.0000,1.0000,0.0040,False,7.5600,4.2949
listing_open_v1,B_MONTH_005,bazi,500,0.7640,0.4246,0.0000,1.0000,0.0040,False,7.6400,4.2462
listing_open_v1,B_MONTH_006,bazi,500,0.0420,0.2006,0.0000,1.0000,0.0040,False,0.4200,2.0059
listing_open_v1,B_MONTH_007,bazi,500,0.5910,0.1929,0.5000,1.0000,0.0040,False,5.9100,1.9292
listing_open_v1,B_MONTH_008,bazi,500,0.1380,0.2407,0.0000,1.0000,0.0060,False,1.3800,2.4074
listing_open_v1,B_MONTH_009,bazi,500,0.7020,0.2453,0.5000,1.0000,0.0040,False,7.0200,2.4535
listing_open_v1,B_MONTH_010,bazi,500,0.1210,0.2277,0.0000,1.0000,0.0060,False,1.2100,2.2773
listing_open_v1,B_MONTH_011,bazi,500,0.5171,0.3265,0.0000,1.0000,0.0200,False,5.0000,0.0000
listing_open_v1,B_MONTH_012,bazi,500,-0.1040,0.8131,-1.0000,1.0000,0.0060,False,6.7200,4.6948
listing_open_v1,B_NATAL_001,bazi,500,-0.1470,0.6884,-1.0000,1.0000,0.0100,False,5.7900,4.0032
listing_open_v1,B_NATAL_002,bazi,500,0.6080,0.2812,0.0000,1.0000,0.0100,False,6.0800,2.8122
listing_open_v1,B_NATAL_003,bazi,500,0.4760,0.4994,0.0000,1.0000,0.0040,False,4.7600,4.9942
listing_open_v1,B_NATAL_004,bazi,500,0.2280,0.4195,0.0000,1.0000,0.0040,False,2.2800,4.1954
listing_open_v1,B_NATAL_005,bazi,500,0.6255,0.2477,0.0000,1.0000,0.0100,False,6.2550,2.4774
listing_open_v1,B_NATAL_006,bazi,500,0.6170,0.2843,0.0000,1.0000,0.0100,False,6.1700,2.8427
listing_open_v1,B_NATAL_007,bazi,500,0.6365,0.2757,0.0000,1.0000,0.0100,False,6.3650,2.7567
listing_open_v1,B_NATAL_008,bazi,500,0.6445,0.2945,0.0000,1.0000,0.0100,False,6.4450,2.9452
listing_open_v1,B_NATAL_009,bazi,500,0.5936,0.2947,0.2000,1.0000,0.0100,False,6.9336,0.4987
listing_open_v1,B_NATAL_010,bazi,500,0.6328,0.3094,0.2000,1.0000,0.0100,False,5.9356,1.2036
listing_open_v1,B_NATAL_011,bazi,500,0.2547,0.2252,0.0000,1.0000,0.0080,False,2.5465,2.2517
listing_open_v1,B_NATAL_012,bazi,500,0.4953,0.1622,0.0783,0.9255,0.5180,False,4.9533,1.6225
listing_open_v1,B_NATAL_013,bazi,500,-0.1154,0.4926,-0.9904,0.9311,0.0280,False,4.6999,3.5807
listing_open_v1,B_NATAL_014,bazi,500,0.1795,0.1086,0.0000,0.5082,0.3020,False,4.4633,2.6597
listing_open_v1,B_NATAL_015,bazi,500,0.1742,0.0958,0.0000,0.4765,0.2880,False,4.3401,2.3579
listing_open_v1,B_NATAL_016,bazi,500,0.6196,0.4098,-0.9337,1.0000,0.8060,False,6.8512,2.8720
listing_open_v1,B_NATAL_017,bazi,500,0.8420,0.2069,0.0000,1.0000,0.0080,False,8.4201,2.0691
listing_open_v1,B_NATAL_018,bazi,500,-0.0200,0.9998,-1.0000,1.0000,0.0040,False,5.0000,0.0000
listing_open_v1,B_YEAR_001,bazi,500,-0.0908,0.7680,-1.0000,1.0000,0.0100,False,6.9960,3.2948
listing_open_v1,B_YEAR_002,bazi,500,-0.0908,0.7680,-1.0000,1.0000,0.0100,False,6.9960,3.2948
listing_open_v1,B_YEAR_003,bazi,500,0.3880,0.4873,0.0000,1.0000,0.0040,False,3.8800,4.8729
listing_open_v1,B_YEAR_004,bazi,500,0.3840,0.4864,0.0000,1.0000,0.0040,False,3.8400,4.8636
listing_open_v1,B_YEAR_005,bazi,500,0.1570,0.2699,0.0000,1.0000,0.0060,False,1.5700,2.6991
listing_open_v1,B_YEAR_006,bazi,500,0.0970,0.2052,0.0000,1.0000,0.0060,False,0.9700,2.0516
listing_open_v1,B_YEAR_007,bazi,500,0.1170,0.2232,0.0000,1.0000,0.0060,False,1.1700,2.2318
listing_open_v1,B_YEAR_008,bazi,500,0.1550,0.2578,0.0000,1.0000,0.0060,False,1.5500,2.5783
listing_open_v1,B_YEAR_009,bazi,500,0.2620,0.8564,-1.0000,1.0000,0.0060,False,8.0200,3.9849
listing_open_v1,B_YEAR_010,bazi,500,0.0300,0.1706,0.0000,1.0000,0.0040,False,0.3000,1.7059
listing_open_v1,Z_AGE_001,ziwei,500,0.4496,0.3218,-0.1325,0.8435,0.0280,False,4.6814,2.9418
listing_open_v1,Z_AGE_002,ziwei,500,-0.3260,0.3560,-1.0000,0.0000,0.0060,False,2.6080,2.8479
listing_open_v1,Z_CAREER_001,ziwei,500,0.3843,0.3345,-0.2605,0.8701,0.0420,False,4.2280,2.8424
listing_open_v1,Z_CAREER_002,ziwei,500,0.5950,0.3471,0.0000,1.0000,0.0060,False,2.9750,1.7355
listing_open_v1,Z_CAREER_003,ziwei,500,-0.2470,0.3008,-1.0000,0.0000,0.0060,False,1.9760,2.4065
listing_open_v1,Z_CAREER_004,ziwei,500,0.1420,0.3491,0.0000,1.0000,0.0040,False,1.1360,2.7924
listing_open_v1,Z_DAY_001,ziwei,500,-0.0451,0.6517,-1.0000,1.0000,0.0240,False,2.8384,1.6167
listing_open_v1,Z_DAY_002,ziwei,500,0.3472,0.3421,-0.2605,0.8701,0.0440,False,3.8251,3.0202
listing_open_v1,Z_DAY_003,ziwei,500,-0.1593,0.2133,-1.0000,0.0000,0.0080,False,1.2748,1.7065
listing_open_v1,Z_DAY_004,ziwei,500,-0.0600,0.6706,-1.0000,1.0000,0.0240,False,2.9911,1.5453
listing_open_v1,Z_DAY_005,ziwei,500,0.0738,0.6595,-1.0000,1.0000,0.0240,False,2.9366,1.5451
listing_open_v1,Z_DECADE_001,ziwei,500,0.3924,0.3305,-0.2605,0.8701,0.0440,False,4.2057,2.9383
listing_open_v1,Z_DECADE_002,ziwei,500,-0.2550,0.3008,-1.0000,0.0000,0.0060,False,2.0400,2.4063
listing_open_v1,Z_FIN_001,ziwei,500,0.3875,0.3350,-0.2605,0.8701,0.0440,False,4.2329,2.8841
listing_open_v1,Z_FIN_002,ziwei,500,0.5850,0.3395,0.0000,1.0000,0.0060,False,2.9250,1.6976
listing_open_v1,Z_FIN_003,ziwei,500,-0.2330,0.2902,-1.0000,0.0000,0.0060,False,1.8640,2.3215
listing_open_v1,Z_FIN_004,ziwei,500,0.1540,0.3609,0.0000,1.0000,0.0040,False,1.2320,2.8876
listing_open_v1,Z_LIFE_001,ziwei,500,0.3993,0.3378,-0.2605,0.8701,0.0420,False,4.3091,2.9649
listing_open_v1,Z_LIFE_002,ziwei,500,0.5810,0.3549,0.0000,1.0000,0.0060,False,2.9050,1.7744
listing_open_v1,Z_LIFE_003,ziwei,500,0.1473,0.2126,0.0000,0.6667,0.0060,False,1.1787,1.7005
listing_open_v1,Z_LIFE_004,ziwei,500,-0.2660,0.3198,-1.0000,0.0000,0.0060,False,2.1280,2.5580
listing_open_v1,Z_LIFE_005,ziwei,500,-0.0418,0.4304,-0.9051,0.7616,0.0120,False,2.6364,2.2397
listing_open_v1,Z_LIFE_006,ziwei,500,0.0000,0.0000,0.0000,0.0000,0.0020,True,0.0000,0.0000
listing_open_v1,Z_LIFE_007,ziwei,500,-0.0590,0.6731,-1.0000,1.0000,0.0100,False,2.8350,1.8372
listing_open_v1,Z_MONTH_001,ziwei,500,0.0611,0.6482,-1.0000,1.0000,0.0240,False,2.8129,1.6385
listing_open_v1,Z_MONTH_002,ziwei,500,0.4277,0.3279,-0.2605,0.8701,0.0420,False,4.5056,2.9571
listing_open_v1,Z_MONTH_003,ziwei,500,-0.1573,0.1981,-1.0000,0.0000,0.0080,False,1.2588,1.5849
listing_open_v1,Z_MONTH_004,ziwei,500,0.0738,0.6595,-1.0000,1.0000,0.0240,False,2.9366,1.5451
listing_open_v1,Z_MONTH_005,ziwei,500,0.0433,0.5869,-1.0000,1.0000,0.0240,False,2.5275,1.5073
listing_open_v1,Z_MOVE_001,ziwei,500,0.3976,0.3435,-0.2605,0.8701,0.0440,False,4.3063,3.0104
listing_open_v1,Z_MOVE_002,ziwei,500,-0.2310,0.2952,-1.0000,0.0000,0.0060,False,1.8480,2.3615
listing_open_v1,Z_MOVE_003,ziwei,500,0.1600,0.3666,0.0000,1.0000,0.0040,False,1.2800,2.9328
listing_open_v1,Z_MUTAGEN_001,ziwei,500,0.4320,0.4499,0.0000,1.0000,0.0060,False,4.3200,4.4986
listing_open_v1,Z_MUTAGEN_002,ziwei,500,0.3800,0.4389,0.0000,1.0000,0.0060,False,3.8000,4.3886
listing_open_v1,Z_MUTAGEN_003,ziwei,500,0.3370,0.4449,0.0000,1.0000,0.0060,False,3.3700,4.4489
listing_open_v1,Z_MUTAGEN_004,ziwei,500,-0.4030,0.4451,-1.0000,0.0000,0.0060,False,4.0300,4.4507
listing_open_v1,Z_MUTAGEN_005,ziwei,500,0.4360,0.3687,0.0000,1.0000,0.0060,False,4.3600,3.6865
listing_open_v1,Z_MUTAGEN_006,ziwei,500,-0.3180,0.4657,-1.0000,0.0000,0.0040,False,2.5440,3.7256
listing_open_v1,Z_TRINE_001,ziwei,500,0.5902,0.2083,-0.0250,0.8617,0.1260,False,5.9054,2.0748
listing_open_v1,Z_TRINE_002,ziwei,500,0.3333,0.2186,0.0000,0.8333,0.0120,False,3.3334,2.1858
listing_open_v1,Z_TRINE_003,ziwei,500,-0.4880,0.2619,-1.0000,0.0000,0.0100,False,4.8800,2.6193
listing_open_v1,Z_TRINE_004,ziwei,500,-0.0046,0.5213,-0.9311,0.9311,0.0220,False,4.5427,2.5571
listing_open_v1,Z_TRINE_005,ziwei,500,0.6996,0.2334,0.0000,1.0000,0.0120,False,3.4980,1.1670
listing_open_v1,Z_YEAR_001,ziwei,500,-0.2727,0.0000,-0.2727,-0.2727,0.0020,True,1.3640,0.0000
listing_open_v1,Z_YEAR_002,ziwei,500,0.4572,0.2704,-0.0997,0.8122,0.0120,False,4.7472,2.3828
listing_open_v1,Z_YEAR_003,ziwei,500,-0.4673,0.1990,-1.0000,-0.3333,0.0060,False,3.7388,1.5917
listing_open_v1,Z_YEAR_004,ziwei,500,0.0738,0.6595,-1.0000,1.0000,0.0240,False,2.9366,1.5451
listing_open_v1,Z_YEAR_005,ziwei,500,0.0433,0.5869,-1.0000,1.0000,0.0240,False,2.5275,1.5073
listing_open_v1,Z_YEAR_006,ziwei,500,0.0490,0.1487,0.0000,0.5000,0.0040,False,0.4900,1.4866
