hypothesis_id,birth_model,partition,direction_source,year,event_count,mean_excess_return,up_rate,direction
HYP-BZ-RAW-001,listing_open_v1,OOS,raw,2023,1037,-0.020038,0.457088,-1
HYP-BZ-RAW-001,listing_open_v1,OOS,raw,2024,857,-0.043307,0.364061,-1
HYP-BZ-RAW-001,listing_open_v1,OOS,raw,2025,747,-0.009962,0.472557,-1
HYP-BZ-RAW-001,listing_open_v1,OOS,raw,2026,491,-0.003615,0.541752,-1
HYP-BZ-RAW-001,listing_close_v1,OOS,raw,2023,944,-0.020516,0.458686,-1
HYP-BZ-RAW-001,listing_close_v1,OOS,raw,2024,841,-0.042086,0.373365,-1
HYP-BZ-RAW-001,listing_close_v1,OOS,raw,2025,757,-0.009649,0.472919,-1
HYP-BZ-RAW-001,listing_close_v1,OOS,raw,2026,510,-0.0048,0.535294,-1
HYP-BZ-RAW-001,ipo_approx_v1,OOS,raw,2023,1042,-0.019301,0.460653,-1
HYP-BZ-RAW-001,ipo_approx_v1,OOS,raw,2024,848,-0.04036,0.369104,-1
HYP-BZ-RAW-001,ipo_approx_v1,OOS,raw,2025,749,-0.010059,0.4753,-1
HYP-BZ-RAW-001,ipo_approx_v1,OOS,raw,2026,492,-0.006139,0.528455,-1
HYP-BZ-CAL-001,listing_open_v1,OOS,calibrated,2023,208,-0.005273,0.466346,-1
HYP-BZ-CAL-001,listing_open_v1,OOS,calibrated,2024,231,-0.065156,0.307359,-1
HYP-BZ-CAL-001,listing_open_v1,OOS,calibrated,2025,225,0.008846,0.488889,1
HYP-BZ-CAL-001,listing_open_v1,OOS,calibrated,2026,167,0.006572,0.550898,1
HYP-BZ-CAL-001,listing_close_v1,OOS,calibrated,2023,183,-0.026363,0.420765,-1
HYP-BZ-CAL-001,listing_close_v1,OOS,calibrated,2024,247,-0.042169,0.360324,-1
HYP-BZ-CAL-001,listing_close_v1,OOS,calibrated,2025,258,0.000296,0.472868,1
HYP-BZ-CAL-001,listing_close_v1,OOS,calibrated,2026,186,-0.000213,0.521505,-1
HYP-BZ-CAL-001,ipo_approx_v1,OOS,calibrated,2023,209,-0.00771,0.430622,-1
HYP-BZ-CAL-001,ipo_approx_v1,OOS,calibrated,2024,240,-0.035626,0.375,-1
HYP-BZ-CAL-001,ipo_approx_v1,OOS,calibrated,2025,223,-3e-06,0.515695,-1
HYP-BZ-CAL-001,ipo_approx_v1,OOS,calibrated,2026,141,0.001097,0.524823,1
HYP-ZW-RAW-001,listing_open_v1,OOS,raw,2023,234,-0.027901,0.478632,-1
HYP-ZW-RAW-001,listing_open_v1,OOS,raw,2024,205,-0.035041,0.37561,-1
HYP-ZW-RAW-001,listing_open_v1,OOS,raw,2025,185,-0.015106,0.437838,-1
HYP-ZW-RAW-001,listing_open_v1,OOS,raw,2026,131,0.01519,0.557252,1
HYP-ZW-RAW-001,listing_close_v1,OOS,raw,2023,280,-0.029297,0.439286,-1
HYP-ZW-RAW-001,listing_close_v1,OOS,raw,2024,293,-0.03261,0.385666,-1
HYP-ZW-RAW-001,listing_close_v1,OOS,raw,2025,228,-0.008303,0.447368,-1
HYP-ZW-RAW-001,listing_close_v1,OOS,raw,2026,173,-0.012486,0.526012,-1
HYP-ZW-RAW-001,ipo_approx_v1,OOS,raw,2023,246,-0.002676,0.48374,-1
HYP-ZW-RAW-001,ipo_approx_v1,OOS,raw,2024,244,-0.036987,0.352459,-1
HYP-ZW-RAW-001,ipo_approx_v1,OOS,raw,2025,229,-0.02012,0.445415,-1
HYP-ZW-RAW-001,ipo_approx_v1,OOS,raw,2026,170,0.011391,0.541176,1
HYP-ZW-CAL-001,listing_open_v1,OOS,calibrated,2023,202,-0.034042,0.455446,-1
HYP-ZW-CAL-001,listing_open_v1,OOS,calibrated,2024,189,-0.032917,0.380952,-1
HYP-ZW-CAL-001,listing_open_v1,OOS,calibrated,2025,169,-0.014283,0.43787,-1
HYP-ZW-CAL-001,listing_open_v1,OOS,calibrated,2026,118,0.013583,0.542373,1
HYP-ZW-CAL-001,listing_close_v1,OOS,calibrated,2023,213,-0.031875,0.431925,-1
HYP-ZW-CAL-001,listing_close_v1,OOS,calibrated,2024,217,-0.035943,0.387097,-1
HYP-ZW-CAL-001,listing_close_v1,OOS,calibrated,2025,164,-0.016289,0.432927,-1
HYP-ZW-CAL-001,listing_close_v1,OOS,calibrated,2026,126,-0.010638,0.555556,-1
HYP-ZW-CAL-001,ipo_approx_v1,OOS,calibrated,2023,196,-0.007902,0.484694,-1
HYP-ZW-CAL-001,ipo_approx_v1,OOS,calibrated,2024,209,-0.044575,0.339713,-1
HYP-ZW-CAL-001,ipo_approx_v1,OOS,calibrated,2025,195,-0.02187,0.446154,-1
HYP-ZW-CAL-001,ipo_approx_v1,OOS,calibrated,2026,143,0.009738,0.538462,1
HYP-HL-RAW-001,listing_open_v1,OOS,raw,2023,224,-0.009983,0.424107,-1
HYP-HL-RAW-001,listing_open_v1,OOS,raw,2024,568,-0.091905,0.251761,-1
HYP-HL-RAW-001,listing_open_v1,OOS,raw,2025,458,-0.01013,0.504367,-1
HYP-HL-RAW-001,listing_open_v1,OOS,raw,2026,209,0.007516,0.62201,1
HYP-HL-RAW-001,listing_close_v1,OOS,raw,2023,239,-0.038127,0.405858,-1
HYP-HL-RAW-001,listing_close_v1,OOS,raw,2024,547,-0.086619,0.270567,-1
HYP-HL-RAW-001,listing_close_v1,OOS,raw,2025,440,-0.006872,0.511364,-1
HYP-HL-RAW-001,listing_close_v1,OOS,raw,2026,243,-0.020349,0.530864,-1
HYP-HL-RAW-001,ipo_approx_v1,OOS,raw,2023,236,-0.012877,0.377119,-1
HYP-HL-RAW-001,ipo_approx_v1,OOS,raw,2024,550,-0.096607,0.245455,-1
HYP-HL-RAW-001,ipo_approx_v1,OOS,raw,2025,466,-0.007015,0.497854,-1
HYP-HL-RAW-001,ipo_approx_v1,OOS,raw,2026,207,0.004744,0.584541,1
HYP-HL-CAL-001,listing_open_v1,OOS,calibrated,2023,137,-0.00489,0.423358,-1
HYP-HL-CAL-001,listing_open_v1,OOS,calibrated,2024,368,-0.110426,0.206522,-1
HYP-HL-CAL-001,listing_open_v1,OOS,calibrated,2025,232,-0.009783,0.517241,-1
HYP-HL-CAL-001,listing_open_v1,OOS,calibrated,2026,100,0.034511,0.66,1
HYP-HL-CAL-001,listing_close_v1,OOS,calibrated,2023,52,0.008209,0.403846,1
HYP-HL-CAL-001,listing_close_v1,OOS,calibrated,2024,315,-0.111995,0.215873,-1
HYP-HL-CAL-001,listing_close_v1,OOS,calibrated,2025,207,0.009425,0.531401,1
HYP-HL-CAL-001,listing_close_v1,OOS,calibrated,2026,111,0.011514,0.576577,1
HYP-HL-CAL-001,ipo_approx_v1,OOS,calibrated,2023,141,-0.01775,0.35461,-1
HYP-HL-CAL-001,ipo_approx_v1,OOS,calibrated,2024,366,-0.114182,0.202186,-1
HYP-HL-CAL-001,ipo_approx_v1,OOS,calibrated,2025,232,0.005332,0.525862,1
HYP-HL-CAL-001,ipo_approx_v1,OOS,calibrated,2026,95,0.010341,0.621053,1
HYP-CON-BZ-ZW-RAW-001,listing_open_v1,OOS,raw,2023,226,-0.027916,0.473451,-1
HYP-CON-BZ-ZW-RAW-001,listing_open_v1,OOS,raw,2024,198,-0.033347,0.373737,-1
HYP-CON-BZ-ZW-RAW-001,listing_open_v1,OOS,raw,2025,182,-0.01555,0.434066,-1
HYP-CON-BZ-ZW-RAW-001,listing_open_v1,OOS,raw,2026,125,0.016784,0.568,1
HYP-CON-BZ-ZW-RAW-001,listing_close_v1,OOS,raw,2023,239,-0.028634,0.435146,-1
HYP-CON-BZ-ZW-RAW-001,listing_close_v1,OOS,raw,2024,278,-0.032119,0.395683,-1
HYP-CON-BZ-ZW-RAW-001,listing_close_v1,OOS,raw,2025,223,-0.007094,0.443946,-1
HYP-CON-BZ-ZW-RAW-001,listing_close_v1,OOS,raw,2026,166,-0.009999,0.536145,-1
HYP-CON-BZ-ZW-RAW-001,ipo_approx_v1,OOS,raw,2023,237,-0.002473,0.489451,-1
HYP-CON-BZ-ZW-RAW-001,ipo_approx_v1,OOS,raw,2024,230,-0.031851,0.36087,-1
HYP-CON-BZ-ZW-RAW-001,ipo_approx_v1,OOS,raw,2025,225,-0.01978,0.448889,-1
HYP-CON-BZ-ZW-RAW-001,ipo_approx_v1,OOS,raw,2026,156,0.00861,0.525641,1
HYP-CON-BZ-ZW-CAL-001,listing_open_v1,OOS,calibrated,2023,39,-0.042635,0.461538,-1
HYP-CON-BZ-ZW-CAL-001,listing_open_v1,OOS,calibrated,2024,51,-0.068124,0.27451,-1
HYP-CON-BZ-ZW-CAL-001,listing_open_v1,OOS,calibrated,2025,50,-0.021878,0.5,-1
HYP-CON-BZ-ZW-CAL-001,listing_open_v1,OOS,calibrated,2026,35,0.006484,0.457143,1
HYP-CON-BZ-ZW-CAL-001,listing_close_v1,OOS,calibrated,2023,35,-0.051441,0.371429,-1
HYP-CON-BZ-ZW-CAL-001,listing_close_v1,OOS,calibrated,2024,58,-0.048647,0.310345,-1
HYP-CON-BZ-ZW-CAL-001,listing_close_v1,OOS,calibrated,2025,40,-0.009695,0.4,-1
HYP-CON-BZ-ZW-CAL-001,listing_close_v1,OOS,calibrated,2026,33,0.043431,0.757576,1
HYP-CON-BZ-ZW-CAL-001,ipo_approx_v1,OOS,calibrated,2023,36,0.019791,0.472222,1
HYP-CON-BZ-ZW-CAL-001,ipo_approx_v1,OOS,calibrated,2024,39,0.00475,0.384615,1
HYP-CON-BZ-ZW-CAL-001,ipo_approx_v1,OOS,calibrated,2025,59,0.024177,0.610169,1
HYP-CON-BZ-ZW-CAL-001,ipo_approx_v1,OOS,calibrated,2026,35,-0.019984,0.485714,-1
HYP-CON-BZ-HL-RAW-001,listing_open_v1,OOS,raw,2023,223,-0.009561,0.426009,-1
HYP-CON-BZ-HL-RAW-001,listing_open_v1,OOS,raw,2024,534,-0.090144,0.252809,-1
HYP-CON-BZ-HL-RAW-001,listing_open_v1,OOS,raw,2025,447,-0.009441,0.505593,-1
HYP-CON-BZ-HL-RAW-001,listing_open_v1,OOS,raw,2026,203,0.007281,0.615764,1
HYP-CON-BZ-HL-RAW-001,listing_close_v1,OOS,raw,2023,228,-0.030635,0.412281,-1
HYP-CON-BZ-HL-RAW-001,listing_close_v1,OOS,raw,2024,511,-0.084941,0.277886,-1
HYP-CON-BZ-HL-RAW-001,listing_close_v1,OOS,raw,2025,435,-0.005783,0.512644,-1
HYP-CON-BZ-HL-RAW-001,listing_close_v1,OOS,raw,2026,241,-0.021215,0.526971,-1
HYP-CON-BZ-HL-RAW-001,ipo_approx_v1,OOS,raw,2023,233,-0.010794,0.377682,-1
HYP-CON-BZ-HL-RAW-001,ipo_approx_v1,OOS,raw,2024,511,-0.091184,0.250489,-1
HYP-CON-BZ-HL-RAW-001,ipo_approx_v1,OOS,raw,2025,454,-0.006678,0.497797,-1
HYP-CON-BZ-HL-RAW-001,ipo_approx_v1,OOS,raw,2026,200,0.001803,0.575,1
HYP-CON-BZ-HL-CAL-001,listing_open_v1,OOS,calibrated,2023,27,-0.004235,0.481481,-1
HYP-CON-BZ-HL-CAL-001,listing_open_v1,OOS,calibrated,2024,124,-0.11518,0.177419,-1
HYP-CON-BZ-HL-CAL-001,listing_open_v1,OOS,calibrated,2025,85,0.009403,0.552941,1
HYP-CON-BZ-HL-CAL-001,listing_open_v1,OOS,calibrated,2026,43,0.020654,0.651163,1
HYP-CON-BZ-HL-CAL-001,listing_close_v1,OOS,calibrated,2023,10,-0.02182,0.2,-1
HYP-CON-BZ-HL-CAL-001,listing_close_v1,OOS,calibrated,2024,109,-0.106286,0.220183,-1
HYP-CON-BZ-HL-CAL-001,listing_close_v1,OOS,calibrated,2025,82,0.016918,0.536585,1
HYP-CON-BZ-HL-CAL-001,listing_close_v1,OOS,calibrated,2026,50,-0.002873,0.52,-1
HYP-CON-BZ-HL-CAL-001,ipo_approx_v1,OOS,calibrated,2023,28,-0.012129,0.321429,-1
HYP-CON-BZ-HL-CAL-001,ipo_approx_v1,OOS,calibrated,2024,123,-0.107321,0.227642,-1
HYP-CON-BZ-HL-CAL-001,ipo_approx_v1,OOS,calibrated,2025,96,0.043717,0.604167,1
HYP-CON-BZ-HL-CAL-001,ipo_approx_v1,OOS,calibrated,2026,30,-0.004068,0.6,-1
HYP-CON-ZW-HL-RAW-001,listing_open_v1,OOS,raw,2023,46,-0.039505,0.369565,-1
HYP-CON-ZW-HL-RAW-001,listing_open_v1,OOS,raw,2024,120,-0.061174,0.291667,-1
HYP-CON-ZW-HL-RAW-001,listing_open_v1,OOS,raw,2025,108,-0.015312,0.472222,-1
HYP-CON-ZW-HL-RAW-001,listing_open_v1,OOS,raw,2026,54,0.005882,0.648148,1
HYP-CON-ZW-HL-RAW-001,listing_close_v1,OOS,raw,2023,60,-0.034056,0.4,-1
HYP-CON-ZW-HL-RAW-001,listing_close_v1,OOS,raw,2024,170,-0.086209,0.282353,-1
HYP-CON-ZW-HL-RAW-001,listing_close_v1,OOS,raw,2025,124,-0.006002,0.508065,-1
HYP-CON-ZW-HL-RAW-001,listing_close_v1,OOS,raw,2026,86,-0.009765,0.593023,-1
HYP-CON-ZW-HL-RAW-001,ipo_approx_v1,OOS,raw,2023,62,-0.014637,0.419355,-1
HYP-CON-ZW-HL-RAW-001,ipo_approx_v1,OOS,raw,2024,132,-0.086764,0.257576,-1
HYP-CON-ZW-HL-RAW-001,ipo_approx_v1,OOS,raw,2025,138,-0.00841,0.492754,-1
HYP-CON-ZW-HL-RAW-001,ipo_approx_v1,OOS,raw,2026,72,0.03968,0.625,1
HYP-CON-ZW-HL-CAL-001,listing_open_v1,OOS,calibrated,2023,24,-0.031439,0.291667,-1
HYP-CON-ZW-HL-CAL-001,listing_open_v1,OOS,calibrated,2024,69,-0.084206,0.217391,-1
HYP-CON-ZW-HL-CAL-001,listing_open_v1,OOS,calibrated,2025,54,-0.032423,0.407407,-1
HYP-CON-ZW-HL-CAL-001,listing_open_v1,OOS,calibrated,2026,25,0.038024,0.72,1
HYP-CON-ZW-HL-CAL-001,listing_close_v1,OOS,calibrated,2023,8,0.045143,0.625,1
HYP-CON-ZW-HL-CAL-001,listing_close_v1,OOS,calibrated,2024,64,-0.118373,0.21875,-1
HYP-CON-ZW-HL-CAL-001,listing_close_v1,OOS,calibrated,2025,43,-0.006278,0.511628,-1
HYP-CON-ZW-HL-CAL-001,listing_close_v1,OOS,calibrated,2026,28,0.005694,0.642857,1
HYP-CON-ZW-HL-CAL-001,ipo_approx_v1,OOS,calibrated,2023,34,-0.027801,0.382353,-1
HYP-CON-ZW-HL-CAL-001,ipo_approx_v1,OOS,calibrated,2024,78,-0.11721,0.205128,-1
HYP-CON-ZW-HL-CAL-001,ipo_approx_v1,OOS,calibrated,2025,59,0.011239,0.644068,1
HYP-CON-ZW-HL-CAL-001,ipo_approx_v1,OOS,calibrated,2026,29,-0.01394,0.551724,-1
HYP-CON-ALL3-RAW-001,listing_open_v1,OOS,raw,2023,46,-0.039505,0.369565,-1
HYP-CON-ALL3-RAW-001,listing_open_v1,OOS,raw,2024,115,-0.060503,0.286957,-1
HYP-CON-ALL3-RAW-001,listing_open_v1,OOS,raw,2025,106,-0.014778,0.471698,-1
HYP-CON-ALL3-RAW-001,listing_open_v1,OOS,raw,2026,53,0.004024,0.641509,1
HYP-CON-ALL3-RAW-001,listing_close_v1,OOS,raw,2023,55,-0.023397,0.4,-1
HYP-CON-ALL3-RAW-001,listing_close_v1,OOS,raw,2024,165,-0.085586,0.290909,-1
HYP-CON-ALL3-RAW-001,listing_close_v1,OOS,raw,2025,121,-0.002309,0.512397,-1
HYP-CON-ALL3-RAW-001,listing_close_v1,OOS,raw,2026,86,-0.009765,0.593023,-1
HYP-CON-ALL3-RAW-001,ipo_approx_v1,OOS,raw,2023,62,-0.014637,0.419355,-1
HYP-CON-ALL3-RAW-001,ipo_approx_v1,OOS,raw,2024,123,-0.080516,0.260163,-1
HYP-CON-ALL3-RAW-001,ipo_approx_v1,OOS,raw,2025,135,-0.007792,0.496296,-1
HYP-CON-ALL3-RAW-001,ipo_approx_v1,OOS,raw,2026,68,0.036194,0.602941,1
HYP-CON-ALL3-CAL-001,listing_open_v1,OOS,calibrated,2023,3,-0.014614,0.333333,-1
HYP-CON-ALL3-CAL-001,listing_open_v1,OOS,calibrated,2024,29,-0.12443,0.206897,-1
HYP-CON-ALL3-CAL-001,listing_open_v1,OOS,calibrated,2025,22,-0.026205,0.5,-1
HYP-CON-ALL3-CAL-001,listing_open_v1,OOS,calibrated,2026,10,-0.031272,0.5,-1
HYP-CON-ALL3-CAL-001,listing_close_v1,OOS,calibrated,2023,1,0.043112,1.0,1
HYP-CON-ALL3-CAL-001,listing_close_v1,OOS,calibrated,2024,19,-0.156562,0.157895,-1
HYP-CON-ALL3-CAL-001,listing_close_v1,OOS,calibrated,2025,11,0.009141,0.454545,1
HYP-CON-ALL3-CAL-001,listing_close_v1,OOS,calibrated,2026,9,0.08673,0.888889,1
HYP-CON-ALL3-CAL-001,ipo_approx_v1,OOS,calibrated,2023,6,-0.027704,0.166667,-1
HYP-CON-ALL3-CAL-001,ipo_approx_v1,OOS,calibrated,2024,23,-0.06975,0.304348,-1
HYP-CON-ALL3-CAL-001,ipo_approx_v1,OOS,calibrated,2025,32,0.054617,0.78125,1
HYP-CON-ALL3-CAL-001,ipo_approx_v1,OOS,calibrated,2026,8,-0.074897,0.25,-1
HYP-CFL-BZ-POS-ZW-NEG-CAL-001,listing_open_v1,OOS,calibrated,2023,49,-0.012259,0.44898,-1
HYP-CFL-BZ-POS-ZW-NEG-CAL-001,listing_open_v1,OOS,calibrated,2024,55,-0.06487,0.309091,-1
HYP-CFL-BZ-POS-ZW-NEG-CAL-001,listing_open_v1,OOS,calibrated,2025,44,-0.005825,0.409091,-1
HYP-CFL-BZ-POS-ZW-NEG-CAL-001,listing_open_v1,OOS,calibrated,2026,39,-0.049688,0.435897,-1
HYP-CFL-BZ-POS-ZW-NEG-CAL-001,listing_close_v1,OOS,calibrated,2023,39,0.003242,0.435897,1
HYP-CFL-BZ-POS-ZW-NEG-CAL-001,listing_close_v1,OOS,calibrated,2024,58,-0.036067,0.413793,-1
HYP-CFL-BZ-POS-ZW-NEG-CAL-001,listing_close_v1,OOS,calibrated,2025,75,-0.001196,0.466667,-1
HYP-CFL-BZ-POS-ZW-NEG-CAL-001,listing_close_v1,OOS,calibrated,2026,55,-0.045579,0.509091,-1
HYP-CFL-BZ-POS-ZW-NEG-CAL-001,ipo_approx_v1,OOS,calibrated,2023,59,-0.029056,0.355932,-1
HYP-CFL-BZ-POS-ZW-NEG-CAL-001,ipo_approx_v1,OOS,calibrated,2024,68,-0.081742,0.294118,-1
HYP-CFL-BZ-POS-ZW-NEG-CAL-001,ipo_approx_v1,OOS,calibrated,2025,50,-0.015055,0.38,-1
HYP-CFL-BZ-POS-ZW-NEG-CAL-001,ipo_approx_v1,OOS,calibrated,2026,37,-0.004086,0.540541,-1
HYP-CFL-BZ-NEG-ZW-POS-CAL-001,listing_open_v1,OOS,calibrated,2023,57,-0.009419,0.561404,-1
HYP-CFL-BZ-NEG-ZW-POS-CAL-001,listing_open_v1,OOS,calibrated,2024,46,-0.019583,0.478261,-1
HYP-CFL-BZ-NEG-ZW-POS-CAL-001,listing_open_v1,OOS,calibrated,2025,33,-0.021718,0.393939,-1
HYP-CFL-BZ-NEG-ZW-POS-CAL-001,listing_open_v1,OOS,calibrated,2026,33,-0.008104,0.454545,-1
HYP-CFL-BZ-NEG-ZW-POS-CAL-001,listing_close_v1,OOS,calibrated,2023,96,-0.032078,0.427083,-1
HYP-CFL-BZ-NEG-ZW-POS-CAL-001,listing_close_v1,OOS,calibrated,2024,52,-0.038109,0.442308,-1
HYP-CFL-BZ-NEG-ZW-POS-CAL-001,listing_close_v1,OOS,calibrated,2025,31,-0.031605,0.419355,-1
HYP-CFL-BZ-NEG-ZW-POS-CAL-001,listing_close_v1,OOS,calibrated,2026,21,-0.008096,0.428571,-1
HYP-CFL-BZ-NEG-ZW-POS-CAL-001,ipo_approx_v1,OOS,calibrated,2023,51,-0.027623,0.45098,-1
HYP-CFL-BZ-NEG-ZW-POS-CAL-001,ipo_approx_v1,OOS,calibrated,2024,72,-0.055546,0.388889,-1
HYP-CFL-BZ-NEG-ZW-POS-CAL-001,ipo_approx_v1,OOS,calibrated,2025,50,-0.046288,0.36,-1
HYP-CFL-BZ-NEG-ZW-POS-CAL-001,ipo_approx_v1,OOS,calibrated,2026,46,0.02286,0.630435,1
HYP-CFL-BZ-POS-HL-NEG-CAL-001,listing_open_v1,OOS,calibrated,2023,116,-0.015083,0.491379,-1
HYP-CFL-BZ-POS-HL-NEG-CAL-001,listing_open_v1,OOS,calibrated,2024,18,-0.01767,0.444444,-1
HYP-CFL-BZ-POS-HL-NEG-CAL-001,listing_open_v1,OOS,calibrated,2025,31,-0.005976,0.322581,-1
HYP-CFL-BZ-POS-HL-NEG-CAL-001,listing_open_v1,OOS,calibrated,2026,11,0.032838,0.636364,1
HYP-CFL-BZ-POS-HL-NEG-CAL-001,listing_close_v1,OOS,calibrated,2023,76,-0.02324,0.5,-1
HYP-CFL-BZ-POS-HL-NEG-CAL-001,listing_close_v1,OOS,calibrated,2024,31,0.001021,0.419355,1
HYP-CFL-BZ-POS-HL-NEG-CAL-001,listing_close_v1,OOS,calibrated,2025,34,-0.003417,0.382353,-1
HYP-CFL-BZ-POS-HL-NEG-CAL-001,listing_close_v1,OOS,calibrated,2026,8,0.0653,0.75,1
HYP-CFL-BZ-POS-HL-NEG-CAL-001,ipo_approx_v1,OOS,calibrated,2023,106,-0.018348,0.462264,-1
HYP-CFL-BZ-POS-HL-NEG-CAL-001,ipo_approx_v1,OOS,calibrated,2024,17,-0.025819,0.411765,-1
HYP-CFL-BZ-POS-HL-NEG-CAL-001,ipo_approx_v1,OOS,calibrated,2025,19,-0.005269,0.368421,-1
HYP-CFL-BZ-POS-HL-NEG-CAL-001,ipo_approx_v1,OOS,calibrated,2026,4,0.401375,0.5,1
HYP-CFL-ZW-POS-HL-NEG-CAL-001,listing_open_v1,OOS,calibrated,2023,108,-0.029642,0.5,-1
HYP-CFL-ZW-POS-HL-NEG-CAL-001,listing_open_v1,OOS,calibrated,2024,54,0.031872,0.555556,1
HYP-CFL-ZW-POS-HL-NEG-CAL-001,listing_open_v1,OOS,calibrated,2025,24,-0.043482,0.125,-1
HYP-CFL-ZW-POS-HL-NEG-CAL-001,listing_open_v1,OOS,calibrated,2026,31,0.017087,0.419355,1
HYP-CFL-ZW-POS-HL-NEG-CAL-001,listing_close_v1,OOS,calibrated,2023,87,-0.03005,0.482759,-1
HYP-CFL-ZW-POS-HL-NEG-CAL-001,listing_close_v1,OOS,calibrated,2024,41,0.055545,0.585366,1
HYP-CFL-ZW-POS-HL-NEG-CAL-001,listing_close_v1,OOS,calibrated,2025,27,0.012111,0.37037,1
HYP-CFL-ZW-POS-HL-NEG-CAL-001,listing_close_v1,OOS,calibrated,2026,26,0.017081,0.5,1
HYP-CFL-ZW-POS-HL-NEG-CAL-001,ipo_approx_v1,OOS,calibrated,2023,104,0.002486,0.5,1
HYP-CFL-ZW-POS-HL-NEG-CAL-001,ipo_approx_v1,OOS,calibrated,2024,69,-0.011635,0.376812,-1
HYP-CFL-ZW-POS-HL-NEG-CAL-001,ipo_approx_v1,OOS,calibrated,2025,29,-0.035392,0.37931,-1
HYP-CFL-ZW-POS-HL-NEG-CAL-001,ipo_approx_v1,OOS,calibrated,2026,35,-0.058849,0.314286,-1
