code,symbol,name,board,mktcap_yi,source
600176,sh600176,中国巨石,SSE_MAIN,1802.2121549456,sina_hs_a
600016,sh600016,民生银行,SSE_MAIN,1514.8716801691999,sina_hs_a
600795,sh600795,国电电力,SSE_MAIN,938.1535637132,sina_hs_a
600895,sh600895,张江高科,SSE_MAIN,442.30573548,sina_hs_a
601021,sh601021,春秋航空,SSE_MAIN,409.921704237,sina_hs_a
601866,sh601866,中远海发,SSE_MAIN,324.361800984,sina_hs_a
601155,sh601155,新城控股,SSE_MAIN,276.0882375744,sina_hs_a
600153,sh600153,建发股份,SSE_MAIN,242.69137671869998,sina_hs_a
603667,sh603667,五洲新春,SSE_MAIN,195.8289473342,sina_hs_a
603000,sh603000,人民网,SSE_MAIN,191.837398216,sina_hs_a
603025,sh603025,大豪科技,SSE_MAIN,151.5300526961,sina_hs_a
603093,sh603093,南华期货,SSE_MAIN,132.051985488,sina_hs_a
601022,sh601022,宁波远洋,SSE_MAIN,124.17476304520001,sina_hs_a
600461,sh600461,洪城环境,SSE_MAIN,117.697538671,sina_hs_a
603220,sh603220,中贝通信,SSE_MAIN,97.9390085982,sina_hs_a
600307,sh600307,酒钢宏兴,SSE_MAIN,92.6976898752,sina_hs_a
600654,sh600654,中安科,SSE_MAIN,87.0695356266,sina_hs_a
600729,sh600729,重百集团,SSE_MAIN,80.9993208603,sina_hs_a
600305,sh600305,恒顺醋业,SSE_MAIN,73.3500659552,sina_hs_a
600325,sh600325,华发股份,SSE_MAIN,68.2533724768,sina_hs_a
603229,sh603229,奥翔药业,SSE_MAIN,62.936523591000004,sina_hs_a
600230,sh600230,沧州大化,SSE_MAIN,56.381490243,sina_hs_a
600073,sh600073,光明肉业,SSE_MAIN,51.950212748800006,sina_hs_a
600569,sh600569,安阳钢铁,SSE_MAIN,51.1291006708,sina_hs_a
605300,sh605300,佳禾食品,SSE_MAIN,45.2581002612,sina_hs_a
600101,sh600101,明星电力,SSE_MAIN,43.5002801974,sina_hs_a
600830,sh600830,香溢融通,SSE_MAIN,38.5720012203,sina_hs_a
600622,sh600622,光大嘉宝,SSE_MAIN,35.992449648,sina_hs_a
605189,sh605189,富春染织,SSE_MAIN,33.4720089295,sina_hs_a
603527,sh603527,众源新材,SSE_MAIN,31.411845919999998,sina_hs_a
688002,sh688002,睿创微纳,SSE_STAR,869.6468788280001,sina_hs_a
688548,sh688548,广钢气体股份,SSE_STAR,434.082113409,sina_hs_a
688502,sh688502,茂莱光学,SSE_STAR,239.19313964519998,sina_hs_a
688106,sh688106,金宏气体,SSE_STAR,149.366760922,sina_hs_a
688112,sh688112,鼎阳科技,SSE_STAR,122.0756558067,sina_hs_a
688699,sh688699,明微电子,SSE_STAR,75.44931072,sina_hs_a
688439,sh688439,振华风光,SSE_STAR,75.38,sina_hs_a
688776,sh688776,国光电气,SSE_STAR,50.3332597836,sina_hs_a
688429,sh688429,时创能源,SSE_STAR,38.32007664,sina_hs_a
688636,sh688636,智明达电子,SSE_STAR,36.102969470400005,sina_hs_a
001389,sz001389,广合科技,SZSE_MAIN,799.0451473191999,sina_hs_a
000688,sz000688,国城矿业,SZSE_MAIN,303.37733273599997,sina_hs_a
001359,sz001359,平安电工,SZSE_MAIN,213.39727547860002,sina_hs_a
000685,sz000685,中山公用,SZSE_MAIN,160.129466283,sina_hs_a
000901,sz000901,航天科技,SZSE_MAIN,114.70154204220002,sina_hs_a
000848,sz000848,承德露露,SZSE_MAIN,83.130006031,sina_hs_a
000813,sz000813,德展健康,SZSE_MAIN,68.15593005,sina_hs_a
000915,sz000915,华特达因,SZSE_MAIN,56.3098558455,sina_hs_a
000520,sz000520,凤凰航运,SZSE_MAIN,41.495421655,sina_hs_a
000576,sz000576,甘化科工,SZSE_MAIN,36.1354281192,sina_hs_a
002460,sz002460,赣锋锂业,SZSE_SME,968.672814648,sina_hs_a
002948,sz002948,青岛银行,SZSE_SME,352.131460802,sina_hs_a
002153,sz002153,石基信息,SZSE_SME,206.5999737637,sina_hs_a
002611,sz002611,东方精工,SZSE_SME,170.05484134760002,sina_hs_a
002310,sz002310,东方新能,SZSE_SME,137.984408691,sina_hs_a
002922,sz002922,伊戈尔,SZSE_SME,99.3915037248,sina_hs_a
002351,sz002351,漫步者,SZSE_SME,88.9107,sina_hs_a
002075,sz002075,沙钢股份,SZSE_SME,78.10018584199999,sina_hs_a
002068,sz002068,黑猫股份,SZSE_SME,73.38745056079999,sina_hs_a
002314,sz002314,南山控股,SZSE_SME,60.654328291199995,sina_hs_a
002301,sz002301,齐心集团,SZSE_SME,56.545019567299995,sina_hs_a
002811,sz002811,郑中设计,SZSE_SME,47.334989768499995,sina_hs_a
002453,sz002453,华软科技,SZSE_SME,43.3804045284,sina_hs_a
002623,sz002623,亚玛顿,SZSE_SME,35.755177407599994,sina_hs_a
002687,sz002687,乔治白,SZSE_SME,32.1039756276,sina_hs_a
300450,sz300450,先导智能,SZSE_GEM,544.6242324802,sina_hs_a
300684,sz300684,中石科技,SZSE_GEM,293.1895783947,sina_hs_a
300975,sz300975,商络电子,SZSE_GEM,185.5602136404,sina_hs_a
301292,sz301292,海科新源,SZSE_GEM,136.9971238922,sina_hs_a
301109,sz301109,军信股份,SZSE_GEM,102.2674691232,sina_hs_a
300328,sz300328,宜安科技,SZSE_GEM,85.19827224,sina_hs_a
300045,sz300045,华力创通,SZSE_GEM,77.201664994,sina_hs_a
301322,sz301322,绿通科技,SZSE_GEM,64.68017508519999,sina_hs_a
301408,sz301408,华人健康,SZSE_GEM,59.001475,sina_hs_a
300465,sz300465,高伟达,SZSE_GEM,50.6318016337,sina_hs_a
300453,sz300453,三鑫医疗,SZSE_GEM,47.0397931775,sina_hs_a
300571,sz300571,平治信息,SZSE_GEM,40.5050637482,sina_hs_a
300649,sz300649,杭州园林,SZSE_GEM,37.4209337034,sina_hs_a
301222,sz301222,浙江恒威,SZSE_GEM,35.912555616,sina_hs_a
300948,sz300948,冠中生态,SZSE_GEM,31.1501227525,sina_hs_a
