engine,birth_model,partition,year,market_phase,sample_count,available_count,unavailable_count,availability_rate,raw_direction_positive,raw_direction_neutral,raw_direction_negative,mean_opinion_score,std_opinion_score,min_opinion_score,max_opinion_score,p25_opinion_score,p50_opinion_score,p75_opinion_score,p95_opinion_score,calibrated_positive,calibrated_neutral,calibrated_negative,calibrated_direction_entropy_bits,mean_rank_score,calibration_status
bazi,ipo_approx_v1,OOS,2023,2022_2026,483,483,0,1.0,475,8,0,65.391636,3.259818,54.55,73.43,63.26,65.54,67.635,70.647,146,258,79,1.432215,55.212629,"{""ok"": 483}"
bazi,ipo_approx_v1,OOS,2024,2022_2026,490,490,0,1.0,449,41,0,64.69302,4.304801,50.82,73.74,62.3825,64.71,68.2175,70.8685,161,206,123,1.553728,50.85086,"{""ok"": 490}"
bazi,ipo_approx_v1,OOS,2025,2022_2026,493,493,0,1.0,491,2,0,64.131237,2.93737,57.09,71.38,61.8,64.22,66.51,68.768,89,254,150,1.461085,44.030017,"{""ok"": 493}"
bazi,ipo_approx_v1,OOS,2026,2022_2026,997,997,0,1.0,991,6,0,65.688034,3.388538,55.53,76.4,63.27,65.64,68.09,71.032,362,458,177,1.488967,57.142677,"{""ok"": 997}"
bazi,ipo_approx_v1,TRAIN,2010,2010_2014,291,291,0,1.0,280,11,0,64.61622,3.005296,55.91,71.26,63.085,65.11,66.53,68.715,51,176,64,1.359605,49.126536,"{""ok"": 291}"
bazi,ipo_approx_v1,TRAIN,2011,2010_2014,326,326,0,1.0,322,4,0,65.100368,2.961446,56.25,72.94,63.1675,65.425,66.9375,69.8675,75,189,62,1.39908,52.548842,"{""ok"": 326}"
bazi,ipo_approx_v1,TRAIN,2012,2010_2014,353,353,0,1.0,324,29,0,64.029632,3.738383,51.9,71.43,61.25,64.81,66.72,69.396,70,180,103,1.476859,45.486002,"{""ok"": 353}"
bazi,ipo_approx_v1,TRAIN,2013,2010_2014,371,371,0,1.0,363,8,0,64.105903,3.223238,53.34,72.47,61.86,63.68,66.775,69.495,81,169,121,1.523257,44.014058,"{""ok"": 371}"
bazi,ipo_approx_v1,TRAIN,2014,2010_2014,372,372,0,1.0,370,2,0,66.577446,3.333657,57.3,73.8,64.09,66.915,69.14,71.52,177,149,46,1.411454,65.00574,"{""ok"": 372}"
bazi,ipo_approx_v1,TRAIN,2015,2015_2019,384,384,0,1.0,370,14,0,64.145625,3.457976,56.47,72.25,61.5625,64.1,66.4925,69.8,82,182,120,1.510575,44.591499,"{""ok"": 384}"
bazi,ipo_approx_v1,TRAIN,2016,2015_2019,399,399,0,1.0,396,3,0,64.415238,3.044694,56.35,73.02,62.26,64.29,66.59,69.486,76,215,108,1.446682,46.281509,"{""ok"": 399}"
bazi,ipo_approx_v1,TRAIN,2017,2015_2019,410,410,0,1.0,404,6,0,65.655415,3.171948,56.32,73.01,63.6,65.97,67.935,70.7565,139,204,67,1.457198,57.936471,"{""ok"": 410}"
bazi,ipo_approx_v1,TRAIN,2018,2015_2019,433,433,0,1.0,423,10,0,64.18649,3.127184,55.15,71.71,61.63,64.45,66.44,68.692,83,208,142,1.492441,45.293152,"{""ok"": 433}"
bazi,ipo_approx_v1,VALIDATION,2019,2015_2019,438,438,0,1.0,409,29,0,63.560822,3.767233,54.74,74.68,60.9175,63.35,65.9925,70.0065,86,183,169,1.517297,39.838747,"{""ok"": 438}"
bazi,ipo_approx_v1,VALIDATION,2020,2020_2021,443,443,0,1.0,436,7,0,64.917472,3.134087,55.52,72.15,62.77,64.67,67.1,70.419,111,240,92,1.450301,50.448966,"{""ok"": 443}"
bazi,ipo_approx_v1,VALIDATION,2021,2020_2021,459,459,0,1.0,388,71,0,63.628192,4.451052,52.77,72.03,61.28,64.51,67.04,69.325,112,200,147,1.544863,44.777114,"{""ok"": 459}"
bazi,ipo_approx_v1,VALIDATION,2022,2022_2026,474,474,0,1.0,468,6,0,65.28557,3.296073,56.38,73.85,62.915,65.11,67.24,71.657,129,249,96,1.465441,52.966981,"{""ok"": 474}"
bazi,listing_close_v1,OOS,2023,2022_2026,483,483,0,1.0,446,37,0,64.913354,4.4107,52.7,73.97,61.8,65.07,68.45,71.47,150,222,111,1.526928,53.294129,"{""ok"": 483}"
bazi,listing_close_v1,OOS,2024,2022_2026,490,490,0,1.0,390,100,0,63.136816,5.273795,50.86,73.19,58.7925,63.83,67.0,70.9365,112,203,175,1.543885,43.458159,"{""ok"": 490}"
bazi,listing_close_v1,OOS,2025,2022_2026,493,493,0,1.0,489,4,0,64.860101,3.297059,55.7,71.57,62.25,65.17,67.44,69.904,119,280,94,1.414381,52.595011,"{""ok"": 493}"
bazi,listing_close_v1,OOS,2026,2022_2026,997,997,0,1.0,985,12,0,65.468104,3.868959,55.83,75.49,62.38,65.26,68.64,71.63,329,485,183,1.482467,56.193573,"{""ok"": 997}"
bazi,listing_close_v1,TRAIN,2010,2010_2014,290,290,0,1.0,275,15,0,64.430103,3.640162,53.19,73.58,62.19,64.53,66.955,69.9375,58,175,57,1.365428,49.469214,"{""ok"": 290}"
bazi,listing_close_v1,TRAIN,2011,2010_2014,325,325,0,1.0,310,15,0,65.357969,4.0155,54.78,73.3,63.04,65.93,68.26,71.358,109,150,66,1.510496,56.553985,"{""ok"": 325}"
bazi,listing_close_v1,TRAIN,2012,2010_2014,353,353,0,1.0,284,69,0,62.351161,4.429766,52.76,71.22,58.78,62.55,65.7,69.296,48,161,144,1.435691,36.792326,"{""ok"": 353}"
bazi,listing_close_v1,TRAIN,2013,2010_2014,371,371,0,1.0,336,35,0,63.721644,4.352704,52.49,72.76,60.99,63.57,67.45,70.395,88,163,120,1.540398,45.27433,"{""ok"": 371}"
bazi,listing_close_v1,TRAIN,2014,2010_2014,372,372,0,1.0,372,0,0,65.707634,3.7095,58.26,74.95,62.555,65.44,68.64,72.2495,131,182,59,1.456167,57.7319,"{""ok"": 372}"
bazi,listing_close_v1,TRAIN,2015,2015_2019,384,384,0,1.0,377,7,0,65.190885,3.448837,55.71,72.1,62.7175,65.495,67.7475,70.65,107,208,69,1.437784,55.032991,"{""ok"": 384}"
bazi,listing_close_v1,TRAIN,2016,2015_2019,399,399,0,1.0,397,2,0,64.783258,3.537588,55.62,73.4,62.055,64.78,67.7,70.255,104,208,87,1.474648,51.706365,"{""ok"": 399}"
bazi,listing_close_v1,TRAIN,2017,2015_2019,408,408,0,1.0,381,27,0,64.248922,3.973111,52.23,73.13,61.37,64.67,67.21,70.2925,90,207,111,1.488605,48.778148,"{""ok"": 408}"
bazi,listing_close_v1,TRAIN,2018,2015_2019,433,433,0,1.0,426,7,0,64.404157,3.675935,56.46,72.59,61.33,64.39,67.27,70.612,97,216,120,1.497082,48.725533,"{""ok"": 433}"
bazi,listing_close_v1,VALIDATION,2019,2015_2019,438,438,0,1.0,427,11,0,64.702557,3.719084,53.89,74.3,62.04,64.73,67.4925,71.071,104,248,86,1.418291,50.927139,"{""ok"": 438}"
bazi,listing_close_v1,VALIDATION,2020,2020_2021,443,443,0,1.0,415,28,0,64.548036,4.059999,54.26,73.37,61.78,64.64,67.65,70.929,112,230,101,1.478825,50.354101,"{""ok"": 443}"
bazi,listing_close_v1,VALIDATION,2021,2020_2021,459,459,0,1.0,386,73,0,63.169325,4.756426,50.34,73.59,59.455,63.36,66.91,70.481,92,188,179,1.522016,42.565743,"{""ok"": 459}"
bazi,listing_close_v1,VALIDATION,2022,2022_2026,474,474,0,1.0,460,14,0,64.463397,3.600139,56.21,74.34,61.955,63.99,66.9975,71.275,93,291,90,1.348222,48.864365,"{""ok"": 474}"
bazi,listing_open_v1,OOS,2023,2022_2026,483,483,0,1.0,474,9,0,65.36236,3.488638,53.06,73.51,63.15,65.37,68.045,70.968,150,250,83,1.452324,55.627869,"{""ok"": 483}"
bazi,listing_open_v1,OOS,2024,2022_2026,490,490,0,1.0,453,37,0,64.726469,4.32353,49.7,73.76,62.395,64.37,68.24,71.3175,157,216,117,1.540426,51.515314,"{""ok"": 490}"
bazi,listing_open_v1,OOS,2025,2022_2026,493,493,0,1.0,489,4,0,64.006227,3.066128,56.1,71.64,61.56,64.03,66.37,69.584,77,264,152,1.424252,44.024012,"{""ok"": 493}"
bazi,listing_open_v1,OOS,2026,2022_2026,997,997,0,1.0,991,6,0,65.74345,3.416484,57.08,75.16,63.29,65.73,68.18,71.19,360,482,155,1.455051,58.507862,"{""ok"": 997}"
bazi,listing_open_v1,TRAIN,2010,2010_2014,290,290,0,1.0,272,18,0,64.327655,3.238361,54.61,72.61,62.59,65.015,66.5675,68.7405,55,174,61,1.370178,48.211032,"{""ok"": 290}"
bazi,listing_open_v1,TRAIN,2011,2010_2014,325,325,0,1.0,320,5,0,64.781969,3.09993,55.14,73.38,62.37,64.71,66.96,69.844,73,181,71,1.433646,50.447284,"{""ok"": 325}"
bazi,listing_open_v1,TRAIN,2012,2010_2014,353,353,0,1.0,325,28,0,63.86915,3.685526,54.02,70.37,61.18,64.65,66.51,69.226,66,179,108,1.47185,45.242789,"{""ok"": 353}"
bazi,listing_open_v1,TRAIN,2013,2010_2014,371,371,0,1.0,354,17,0,63.87469,3.505167,52.88,71.71,61.515,63.41,66.83,69.215,82,170,119,1.523418,43.690944,"{""ok"": 371}"
bazi,listing_open_v1,TRAIN,2014,2010_2014,372,372,0,1.0,371,1,0,66.676828,3.507675,57.41,73.89,64.145,67.355,69.5125,71.7335,189,138,45,1.395681,66.032669,"{""ok"": 372}"
bazi,listing_open_v1,TRAIN,2015,2015_2019,384,384,0,1.0,370,14,0,63.82987,3.525948,55.37,71.44,61.0375,64.08,66.3525,69.548,69,190,125,1.474328,43.542877,"{""ok"": 384}"
bazi,listing_open_v1,TRAIN,2016,2015_2019,399,399,0,1.0,394,5,0,64.263058,3.027354,56.02,71.73,62.035,64.24,66.405,69.298,70,221,108,1.422941,46.116566,"{""ok"": 399}"
bazi,listing_open_v1,TRAIN,2017,2015_2019,408,408,0,1.0,401,7,0,65.518946,3.179729,53.56,73.04,63.83,65.75,67.81,70.412,123,219,66,1.42846,57.774789,"{""ok"": 408}"
bazi,listing_open_v1,TRAIN,2018,2015_2019,433,433,0,1.0,417,16,0,64.363764,3.507715,54.87,71.81,61.38,64.82,67.06,69.48,105,200,128,1.530124,48.351379,"{""ok"": 433}"
bazi,listing_open_v1,VALIDATION,2019,2015_2019,438,438,0,1.0,408,30,0,63.334361,3.645884,54.32,73.67,60.8,63.215,65.5975,69.524,68,208,162,1.458133,39.201701,"{""ok"": 438}"
bazi,listing_open_v1,VALIDATION,2020,2020_2021,443,443,0,1.0,436,7,0,64.92237,3.287571,54.69,73.39,62.66,64.52,67.4,70.516,117,252,74,1.401531,51.486999,"{""ok"": 443}"
bazi,listing_open_v1,VALIDATION,2021,2020_2021,459,459,0,1.0,389,70,0,63.33634,4.322046,50.74,72.56,61.03,64.09,66.395,69.117,87,227,145,1.48233,42.960285,"{""ok"": 459}"
bazi,listing_open_v1,VALIDATION,2022,2022_2026,474,474,0,1.0,472,2,0,65.285717,3.352916,56.51,74.11,62.5425,65.07,67.2675,71.671,126,257,91,1.444034,53.8532,"{""ok"": 474}"
huangli,ipo_approx_v1,OOS,2023,2022_2026,483,483,0,1.0,49,299,135,48.028157,7.257678,33.74,64.47,41.5,47.15,54.64,59.557,0,156,327,0.907594,19.43271,"{""ok"": 483}"
huangli,ipo_approx_v1,OOS,2024,2022_2026,490,490,0,1.0,462,28,0,65.256367,4.42084,53.16,76.5,62.4,65.725,68.215,72.27,292,198,0,0.973288,75.434567,"{""ok"": 490}"
huangli,ipo_approx_v1,OOS,2025,2022_2026,493,493,0,1.0,352,141,0,60.725619,4.859866,48.04,74.01,57.83,60.5,64.09,68.65,99,367,27,1.01158,59.039916,"{""ok"": 493}"
huangli,ipo_approx_v1,OOS,2026,2022_2026,997,997,0,1.0,54,918,25,51.424433,4.912359,36.72,62.92,46.96,52.35,55.06,58.41,0,514,483,0.999302,25.460418,"{""ok"": 997}"
huangli,ipo_approx_v1,TRAIN,2010,2010_2014,291,291,0,1.0,4,219,68,46.736804,5.900262,31.56,58.44,42.04,47.47,51.59,55.245,0,51,240,0.669592,14.354,"{""ok"": 291}"
huangli,ipo_approx_v1,TRAIN,2011,2010_2014,326,326,0,1.0,33,192,101,47.642209,7.081647,34.81,62.75,40.76,47.24,52.95,59.115,0,93,233,0.862541,18.186537,"{""ok"": 326}"
huangli,ipo_approx_v1,TRAIN,2012,2010_2014,353,353,0,1.0,320,33,0,64.799802,4.990142,52.34,75.6,60.58,65.26,68.09,72.45,204,149,0,0.982417,73.319394,"{""ok"": 353}"
huangli,ipo_approx_v1,TRAIN,2013,2010_2014,371,371,0,1.0,253,118,0,60.620512,6.233264,47.91,74.85,56.5,61.1,65.84,69.46,103,210,58,1.396558,58.088554,"{""ok"": 371}"
huangli,ipo_approx_v1,TRAIN,2014,2010_2014,372,372,0,1.0,358,14,0,69.521909,5.940567,50.73,79.29,65.22,70.13,74.63,77.87,291,79,2,0.792392,84.928323,"{""ok"": 372}"
huangli,ipo_approx_v1,TRAIN,2015,2015_2019,384,384,0,1.0,361,23,0,64.64125,4.873045,52.76,78.13,60.65,65.325,67.97,72.34,198,186,0,0.999295,73.146588,"{""ok"": 384}"
huangli,ipo_approx_v1,TRAIN,2016,2015_2019,399,399,0,1.0,166,233,0,57.29807,4.274221,45.87,68.43,54.135,57.54,59.57,64.46,17,337,45,0.754841,45.721897,"{""ok"": 399}"
huangli,ipo_approx_v1,TRAIN,2017,2015_2019,410,410,0,1.0,233,177,0,58.233951,4.231728,48.14,70.49,54.66,58.92,61.28,64.759,21,359,30,0.663431,49.778304,"{""ok"": 410}"
huangli,ipo_approx_v1,TRAIN,2018,2015_2019,433,433,0,1.0,22,409,2,51.896536,4.000482,40.75,61.12,49.74,52.0,54.71,58.06,0,208,225,0.998888,25.583852,"{""ok"": 433}"
huangli,ipo_approx_v1,VALIDATION,2019,2015_2019,438,438,0,1.0,91,337,10,53.007078,5.770753,40.36,67.15,48.65,52.43,57.1575,62.8195,5,221,212,1.078314,30.808824,"{""ok"": 438}"
huangli,ipo_approx_v1,VALIDATION,2020,2020_2021,443,443,0,1.0,358,85,0,61.734876,4.33174,46.87,74.78,59.98,61.96,64.01,68.53,90,338,15,0.930288,63.555883,"{""ok"": 443}"
huangli,ipo_approx_v1,VALIDATION,2021,2020_2021,459,459,0,1.0,342,117,0,61.724183,6.148267,48.77,77.4,57.82,61.52,66.385,71.21,145,297,17,1.107652,62.056791,"{""ok"": 459}"
huangli,ipo_approx_v1,VALIDATION,2022,2022_2026,474,474,0,1.0,212,255,7,55.070886,6.236464,36.99,67.41,49.9,56.88,60.04,62.73,7,303,164,1.032263,39.064255,"{""ok"": 474}"
huangli,listing_close_v1,OOS,2023,2022_2026,483,483,0,1.0,90,337,56,51.884265,6.798559,34.27,64.47,46.555,53.44,57.46,60.37,0,239,244,0.999923,26.428773,"{""ok"": 483}"
huangli,listing_close_v1,OOS,2024,2022_2026,490,490,0,1.0,412,78,0,63.096163,5.008118,49.47,76.5,59.75,63.99,66.79,70.344,214,261,15,1.159983,67.223388,"{""ok"": 490}"
huangli,listing_close_v1,OOS,2025,2022_2026,493,493,0,1.0,413,80,0,62.15643,4.725116,50.68,73.45,59.32,62.67,64.86,69.52,132,325,36,1.180995,63.849941,"{""ok"": 493}"
huangli,listing_close_v1,OOS,2026,2022_2026,997,997,0,1.0,65,803,129,49.329679,6.021612,33.03,63.13,44.36,49.6,53.84,58.47,0,271,726,0.844058,18.043005,"{""ok"": 997}"
huangli,listing_close_v1,TRAIN,2010,2010_2014,290,290,0,1.0,5,188,97,44.901172,6.345065,32.42,59.71,38.5675,44.595,49.74,54.7725,0,25,265,0.423681,10.076927,"{""ok"": 290}"
huangli,listing_close_v1,TRAIN,2011,2010_2014,325,325,0,1.0,63,225,37,52.272277,6.471452,34.81,64.88,47.94,53.09,57.27,59.826,1,159,165,1.026783,27.008788,"{""ok"": 325}"
huangli,listing_close_v1,TRAIN,2012,2010_2014,353,353,0,1.0,277,76,0,62.383201,5.310219,51.01,77.13,58.45,62.9,66.27,70.674,143,203,7,1.099286,63.592212,"{""ok"": 353}"
huangli,listing_close_v1,TRAIN,2013,2010_2014,371,371,0,1.0,303,68,0,62.652642,5.413122,47.91,74.85,61.07,63.22,66.67,69.255,148,180,43,1.395486,66.171456,"{""ok"": 371}"
huangli,listing_close_v1,TRAIN,2014,2010_2014,372,372,0,1.0,271,101,0,64.022554,6.391391,50.46,76.43,57.6575,64.6,69.2,73.4565,190,173,9,1.138641,68.910706,"{""ok"": 372}"
huangli,listing_close_v1,TRAIN,2015,2015_2019,384,384,0,1.0,370,14,0,66.868828,4.625373,52.76,79.97,63.5325,67.34,69.88,73.6865,280,103,1,0.863846,81.124047,"{""ok"": 384}"
huangli,listing_close_v1,TRAIN,2016,2015_2019,399,399,0,1.0,169,230,0,57.025489,4.68183,42.17,66.75,53.49,57.21,60.53,64.296,17,281,101,1.051924,41.806352,"{""ok"": 399}"
huangli,listing_close_v1,TRAIN,2017,2015_2019,408,408,0,1.0,280,128,0,59.882083,4.193932,48.14,70.86,57.0,60.13,62.88,66.71,55,320,33,0.95807,53.899668,"{""ok"": 408}"
huangli,listing_close_v1,TRAIN,2018,2015_2019,433,433,0,1.0,108,322,3,53.482933,5.168426,39.66,64.01,49.64,53.8,57.99,61.204,0,223,210,0.99935,29.085353,"{""ok"": 433}"
huangli,listing_close_v1,VALIDATION,2019,2015_2019,438,438,0,1.0,155,281,2,55.904087,5.248181,40.36,68.97,51.98,56.73,59.2325,64.31,19,273,146,1.149792,37.781144,"{""ok"": 438}"
huangli,listing_close_v1,VALIDATION,2020,2020_2021,443,443,0,1.0,259,184,0,59.418284,4.983438,47.73,74.78,55.93,60.57,63.085,66.84,61,309,73,1.185036,52.083078,"{""ok"": 443}"
huangli,listing_close_v1,VALIDATION,2021,2020_2021,459,459,0,1.0,356,103,0,63.206863,6.177483,49.81,77.44,58.9,63.84,67.13,71.399,203,209,47,1.374013,66.729838,"{""ok"": 459}"
huangli,listing_close_v1,VALIDATION,2022,2022_2026,474,474,0,1.0,133,321,20,52.640612,6.865903,36.99,67.2,46.7825,53.83,58.08,61.8455,9,233,232,1.116726,28.920445,"{""ok"": 474}"
huangli,listing_open_v1,OOS,2023,2022_2026,483,483,0,1.0,38,326,119,47.722816,6.665759,33.74,64.47,42.01,46.71,52.855,58.55,0,129,354,0.837244,17.541788,"{""ok"": 483}"
huangli,listing_open_v1,OOS,2024,2022_2026,490,490,0,1.0,467,23,0,65.591224,4.388896,50.31,76.5,63.15,65.91,68.425,72.3375,316,170,4,0.994615,76.590337,"{""ok"": 490}"
huangli,listing_open_v1,OOS,2025,2022_2026,493,493,0,1.0,347,146,0,60.399959,4.936388,48.04,73.16,57.36,61.09,63.87,67.714,92,361,40,1.075163,57.983159,"{""ok"": 493}"
huangli,listing_open_v1,OOS,2026,2022_2026,997,997,0,1.0,75,883,39,51.590391,5.177454,36.72,62.92,46.9,52.43,55.62,58.69,0,522,475,0.998396,25.925437,"{""ok"": 997}"
huangli,listing_open_v1,TRAIN,2010,2010_2014,290,290,0,1.0,4,223,63,46.825414,5.941939,32.41,58.44,42.04,48.16,51.69,54.464,0,66,224,0.77378,14.417826,"{""ok"": 290}"
huangli,listing_open_v1,TRAIN,2011,2010_2014,325,325,0,1.0,28,202,95,48.088954,6.760147,34.81,64.88,41.14,48.12,52.88,58.476,1,88,236,0.871269,18.368216,"{""ok"": 325}"
huangli,listing_open_v1,TRAIN,2012,2010_2014,353,353,0,1.0,312,41,0,64.575439,5.041126,51.01,78.15,59.51,65.26,68.09,71.942,207,145,1,1.002792,72.543629,"{""ok"": 353}"
huangli,listing_open_v1,TRAIN,2013,2010_2014,371,371,0,1.0,231,140,0,60.344367,6.190178,47.03,74.85,56.495,61.07,65.74,69.42,105,208,58,1.401987,57.138412,"{""ok"": 371}"
huangli,listing_open_v1,TRAIN,2014,2010_2014,372,372,0,1.0,359,13,0,69.503011,6.386438,51.79,78.94,64.58,70.375,75.32,77.4735,274,94,4,0.896707,84.219463,"{""ok"": 372}"
huangli,listing_open_v1,TRAIN,2015,2015_2019,384,384,0,1.0,361,23,0,64.840182,4.627486,52.76,75.57,61.24,65.385,68.22,72.423,204,180,0,0.99718,74.027439,"{""ok"": 384}"
huangli,listing_open_v1,TRAIN,2016,2015_2019,399,399,0,1.0,180,219,0,57.320175,4.399701,42.17,68.64,54.605,57.69,59.93,64.29,16,333,50,0.779278,45.935115,"{""ok"": 399}"
huangli,listing_open_v1,TRAIN,2017,2015_2019,408,408,0,1.0,228,180,0,58.404902,4.281013,48.14,70.5,55.19,59.03,61.61,65.295,26,351,31,0.722397,50.315945,"{""ok"": 408}"
huangli,listing_open_v1,TRAIN,2018,2015_2019,433,433,0,1.0,34,387,12,51.904319,4.474976,36.91,63.04,49.26,52.0,55.43,58.7,0,203,230,0.997193,25.819204,"{""ok"": 433}"
huangli,listing_open_v1,VALIDATION,2019,2015_2019,438,438,0,1.0,98,337,3,53.169658,5.561325,40.35,68.12,49.31,52.34,57.35,62.8195,7,214,217,1.102225,30.832187,"{""ok"": 438}"
huangli,listing_open_v1,VALIDATION,2020,2020_2021,443,443,0,1.0,362,81,0,61.931941,4.363409,50.58,74.78,59.48,61.98,64.48,68.75,109,323,11,0.962457,64.174143,"{""ok"": 443}"
huangli,listing_open_v1,VALIDATION,2021,2020_2021,459,459,0,1.0,323,136,0,61.286492,6.146481,48.77,76.6,55.43,60.61,65.99,71.21,146,301,12,1.062277,60.555474,"{""ok"": 459}"
huangli,listing_open_v1,VALIDATION,2022,2022_2026,474,474,0,1.0,211,263,0,55.662679,5.962759,42.58,67.23,50.4275,56.88,60.0625,63.488,15,328,131,1.037986,40.934185,"{""ok"": 474}"
ziwei,ipo_approx_v1,OOS,2023,2022_2026,483,483,0,1.0,115,368,0,55.342836,3.606279,45.65,66.17,52.84,55.32,57.85,61.32,101,251,131,1.473405,47.214115,"{""ok"": 483}"
ziwei,ipo_approx_v1,OOS,2024,2022_2026,490,490,0,1.0,119,371,0,55.267469,3.650153,43.99,64.3,52.84,55.18,57.9,60.9585,104,250,136,1.483196,47.052185,"{""ok"": 490}"
ziwei,ipo_approx_v1,OOS,2025,2022_2026,493,493,0,1.0,109,384,0,55.415193,3.899995,44.52,66.29,52.68,55.49,57.75,61.854,100,251,142,1.479912,47.666006,"{""ok"": 493}"
ziwei,ipo_approx_v1,OOS,2026,2022_2026,997,997,0,1.0,313,682,2,55.857402,4.211016,40.46,68.42,53.06,56.1,58.68,62.73,273,471,253,1.524836,51.433351,"{""ok"": 997}"
ziwei,ipo_approx_v1,TRAIN,2010,2010_2014,291,291,0,1.0,128,163,0,57.825567,3.592526,47.7,68.71,55.33,57.45,60.6,63.94,117,147,27,1.344441,65.051166,"{""ok"": 291}"
ziwei,ipo_approx_v1,TRAIN,2011,2010_2014,326,326,0,1.0,89,237,0,55.433221,3.891607,43.5,66.2,52.91,55.36,58.315,61.715,81,158,87,1.514184,48.008707,"{""ok"": 326}"
ziwei,ipo_approx_v1,TRAIN,2012,2010_2014,353,353,0,1.0,59,294,0,53.871671,3.852694,42.85,66.24,51.07,53.73,56.2,59.732,43,156,154,1.412711,36.509803,"{""ok"": 353}"
ziwei,ipo_approx_v1,TRAIN,2013,2010_2014,371,371,0,1.0,70,301,0,54.98938,3.458902,44.3,62.75,52.34,54.81,57.32,61.1,64,194,113,1.448851,44.160614,"{""ok"": 371}"
ziwei,ipo_approx_v1,TRAIN,2014,2010_2014,372,372,0,1.0,95,277,0,55.348011,3.987667,45.63,69.23,52.89,54.935,58.185,62.377,84,186,102,1.496617,46.53122,"{""ok"": 372}"
ziwei,ipo_approx_v1,TRAIN,2015,2015_2019,384,384,0,1.0,116,268,0,55.849792,4.072468,44.74,69.09,53.0975,56.035,58.4725,62.7205,101,189,94,1.507164,50.897732,"{""ok"": 384}"
ziwei,ipo_approx_v1,TRAIN,2016,2015_2019,399,399,0,1.0,107,292,0,55.828296,3.403105,45.8,64.72,53.62,55.87,58.18,61.58,92,226,81,1.419553,50.990309,"{""ok"": 399}"
ziwei,ipo_approx_v1,TRAIN,2017,2015_2019,410,410,0,1.0,133,277,0,56.17439,3.951132,47.11,68.05,53.3,56.14,58.9,62.8625,114,199,97,1.511604,52.372041,"{""ok"": 410}"
ziwei,ipo_approx_v1,TRAIN,2018,2015_2019,433,433,0,1.0,150,283,0,56.678014,3.703934,45.76,68.16,54.04,56.43,59.35,63.306,136,218,79,1.471023,56.410419,"{""ok"": 433}"
ziwei,ipo_approx_v1,VALIDATION,2019,2015_2019,438,438,0,1.0,156,282,0,57.042078,3.873485,47.04,68.57,54.17,56.755,60.005,63.3275,144,224,70,1.445183,58.828177,"{""ok"": 438}"
ziwei,ipo_approx_v1,VALIDATION,2020,2020_2021,443,443,0,1.0,200,243,0,57.752483,3.678423,48.38,69.07,55.055,57.6,60.255,63.835,180,218,45,1.366488,64.322762,"{""ok"": 443}"
ziwei,ipo_approx_v1,VALIDATION,2021,2020_2021,459,459,0,1.0,228,231,0,57.995316,3.370646,49.62,68.47,55.57,57.97,60.2,63.71,206,222,31,1.28819,66.756873,"{""ok"": 459}"
ziwei,ipo_approx_v1,VALIDATION,2022,2022_2026,474,474,0,1.0,209,265,0,57.55597,3.511995,48.13,66.13,55.345,57.45,60.0675,63.7455,178,247,49,1.359106,63.601719,"{""ok"": 474}"
ziwei,listing_close_v1,OOS,2023,2022_2026,483,483,0,1.0,163,320,0,56.651284,3.780281,46.87,70.32,54.3,56.7,59.09,62.788,131,278,74,1.383905,55.481483,"{""ok"": 483}"
ziwei,listing_close_v1,OOS,2024,2022_2026,490,490,0,1.0,131,359,0,55.575,3.779614,43.03,66.16,53.2275,55.975,58.15,61.001,101,274,115,1.429349,48.691399,"{""ok"": 490}"
ziwei,listing_close_v1,OOS,2025,2022_2026,493,493,0,1.0,164,329,0,56.087465,4.300765,45.07,69.97,52.77,56.37,59.18,62.754,136,223,134,1.54108,51.236015,"{""ok"": 493}"
ziwei,listing_close_v1,OOS,2026,2022_2026,997,997,0,1.0,351,646,0,56.022919,4.339545,42.51,70.24,52.83,56.1,59.16,62.862,286,454,257,1.537757,51.085265,"{""ok"": 997}"
ziwei,listing_close_v1,TRAIN,2010,2010_2014,290,290,0,1.0,147,143,0,57.807276,3.681514,49.56,69.7,55.17,58.115,60.37,63.662,122,137,31,1.381425,63.400713,"{""ok"": 290}"
ziwei,listing_close_v1,TRAIN,2011,2010_2014,325,325,0,1.0,91,234,0,55.843477,3.73065,44.71,66.49,53.31,55.73,58.47,61.534,78,176,71,1.452747,49.872633,"{""ok"": 325}"
ziwei,listing_close_v1,TRAIN,2012,2010_2014,353,353,0,1.0,17,332,4,52.013796,3.880583,40.62,61.3,49.3,51.61,54.95,57.974,9,139,205,1.119741,25.132703,"{""ok"": 353}"
ziwei,listing_close_v1,TRAIN,2013,2010_2014,371,371,0,1.0,113,258,0,56.095364,3.486684,46.71,65.37,53.98,55.97,58.595,61.88,89,213,69,1.405028,51.477186,"{""ok"": 371}"
ziwei,listing_close_v1,TRAIN,2014,2010_2014,372,372,0,1.0,107,265,0,55.679597,4.248517,45.41,67.93,52.66,55.79,58.575,62.978,89,181,102,1.511202,48.279247,"{""ok"": 372}"
ziwei,listing_close_v1,TRAIN,2015,2015_2019,384,384,0,1.0,137,247,0,56.478854,4.227829,45.54,69.22,53.4475,56.58,59.19,63.478,107,196,81,1.482494,53.557206,"{""ok"": 384}"
ziwei,listing_close_v1,TRAIN,2016,2015_2019,399,399,0,1.0,119,280,0,56.141454,3.637615,44.71,68.42,53.715,55.96,58.485,62.122,95,225,79,1.421609,51.466485,"{""ok"": 399}"
ziwei,listing_close_v1,TRAIN,2017,2015_2019,408,408,0,1.0,124,284,0,55.86951,4.151781,44.3,67.01,52.82,55.84,58.6325,62.977,102,196,110,1.517964,49.628054,"{""ok"": 408}"
ziwei,listing_close_v1,TRAIN,2018,2015_2019,433,433,0,1.0,177,256,0,56.893418,3.935154,43.52,68.09,54.25,57.14,59.65,63.206,143,206,84,1.49671,57.450547,"{""ok"": 433}"
ziwei,listing_close_v1,VALIDATION,2019,2015_2019,438,438,0,1.0,209,229,0,57.480616,4.071642,46.28,69.39,54.54,57.72,60.4425,63.96,182,197,59,1.434516,61.251053,"{""ok"": 438}"
ziwei,listing_close_v1,VALIDATION,2020,2020_2021,443,443,0,1.0,243,200,0,58.269684,4.048294,46.08,70.1,55.25,58.22,61.155,64.843,201,201,41,1.352376,65.983126,"{""ok"": 443}"
ziwei,listing_close_v1,VALIDATION,2021,2020_2021,459,459,0,1.0,289,170,0,58.991852,3.85782,48.6,70.04,56.28,58.82,61.335,65.72,240,192,27,1.255534,70.75949,"{""ok"": 459}"
ziwei,listing_close_v1,VALIDATION,2022,2022_2026,474,474,0,1.0,185,289,0,56.839388,3.860168,46.38,66.71,54.045,57.05,59.705,62.72,156,234,84,1.47283,56.974171,"{""ok"": 474}"
ziwei,listing_open_v1,OOS,2023,2022_2026,483,483,0,1.0,122,361,0,55.514741,3.479651,45.65,66.5,52.975,55.68,58.01,61.05,93,266,124,1.435202,48.116252,"{""ok"": 483}"
ziwei,listing_open_v1,OOS,2024,2022_2026,490,490,0,1.0,108,382,0,55.091714,3.591241,44.26,63.27,52.7375,55.155,57.68,60.9995,92,258,140,1.456712,45.685525,"{""ok"": 490}"
ziwei,listing_open_v1,OOS,2025,2022_2026,493,493,0,1.0,119,374,0,55.21217,3.880474,44.52,67.13,52.36,55.32,57.83,61.698,99,236,158,1.499993,45.936089,"{""ok"": 493}"
ziwei,listing_open_v1,OOS,2026,2022_2026,997,997,0,1.0,292,704,1,55.701234,4.048098,41.99,69.32,52.96,55.82,58.44,62.094,251,493,253,1.505423,50.112993,"{""ok"": 997}"
ziwei,listing_open_v1,TRAIN,2010,2010_2014,290,290,0,1.0,136,154,0,57.813931,3.537703,48.56,66.44,55.5725,57.7,60.6775,63.71,126,142,22,1.309189,65.153492,"{""ok"": 290}"
ziwei,listing_open_v1,TRAIN,2011,2010_2014,325,325,0,1.0,80,245,0,55.460677,3.723445,43.5,64.89,52.85,55.89,57.63,61.682,70,166,89,1.483845,48.230792,"{""ok"": 325}"
ziwei,listing_open_v1,TRAIN,2012,2010_2014,353,353,0,1.0,51,302,0,53.554788,3.926581,44.81,63.63,50.52,53.61,56.41,59.766,37,144,172,1.374186,34.743195,"{""ok"": 353}"
ziwei,listing_open_v1,TRAIN,2013,2010_2014,371,371,0,1.0,75,296,0,55.069838,3.303117,46.07,64.24,52.815,54.67,57.3,60.475,63,202,106,1.428303,44.515168,"{""ok"": 371}"
ziwei,listing_open_v1,TRAIN,2014,2010_2014,372,372,0,1.0,96,276,0,55.4325,3.882581,44.83,67.62,52.96,55.4,58.0725,62.208,80,196,96,1.468208,47.844304,"{""ok"": 372}"
ziwei,listing_open_v1,TRAIN,2015,2015_2019,384,384,0,1.0,113,271,0,55.697734,4.023702,44.74,66.75,52.7825,56.02,58.835,62.111,104,177,103,1.534646,50.211652,"{""ok"": 384}"
ziwei,listing_open_v1,TRAIN,2016,2015_2019,399,399,0,1.0,111,288,0,55.888596,3.365097,44.77,65.39,53.57,55.99,58.305,60.836,96,229,74,1.405073,51.73496,"{""ok"": 399}"
ziwei,listing_open_v1,TRAIN,2017,2015_2019,408,408,0,1.0,125,283,0,56.011716,3.925894,46.92,64.86,53.09,55.9,58.95,62.6665,113,196,99,1.516862,51.532947,"{""ok"": 408}"
ziwei,listing_open_v1,TRAIN,2018,2015_2019,433,433,0,1.0,160,273,0,56.736305,3.560354,48.29,65.53,54.29,56.5,59.31,63.204,143,218,72,1.456698,56.937547,"{""ok"": 433}"
ziwei,listing_open_v1,VALIDATION,2019,2015_2019,438,438,0,1.0,168,270,0,56.971781,4.017574,45.32,67.09,54.3025,56.68,59.8375,63.632,149,208,81,1.489683,58.448242,"{""ok"": 438}"
ziwei,listing_open_v1,VALIDATION,2020,2020_2021,443,443,0,1.0,210,233,0,57.793386,3.555709,48.78,70.49,55.62,57.77,60.185,63.52,188,213,42,1.354971,65.207103,"{""ok"": 443}"
ziwei,listing_open_v1,VALIDATION,2021,2020_2021,459,459,0,1.0,217,242,0,58.000588,3.313537,49.9,68.47,55.555,57.69,60.205,63.966,198,236,25,1.245373,66.528892,"{""ok"": 459}"
ziwei,listing_open_v1,VALIDATION,2022,2022_2026,474,474,0,1.0,194,280,0,57.323565,3.511631,48.13,65.62,54.92,57.25,60.095,63.3045,169,240,65,1.420692,61.644494,"{""ok"": 474}"
