experiment_id,hypothesis_id,git_sha,dataset_version,universe_version,birth_model_version,factor_version,calibration_version,split_version,train_period,validation_period,oos_period,horizon,random_seed,created_at,result_status,oos_used,parameters,result_reasons,metrics,research_reuse_warning,registry_version
OOS3D--HYP-BZ-RAW-001--listing_open_v1,HYP-BZ-RAW-001,66939bbca70855226ceb2da52d6bbd6671d91113,phase3a_astockdata_cutoff_20260814,v2-phase3a,listing_open_v1,v1.1,cal-v1,phase3-oos-v1,2010-01-01..2018-12-31,2019-01-01..2022-12-31,2023-01-01..2026-08-14,20,20260918,2026-09-20T12:08:24,INVALID_CONTROL,True,"{""benchmark_code"": ""IDX000300"", ""birth_models"": [""listing_open_v1"", ""listing_close_v1"", ""ipo_approx_v1""], ""calibration_fit_hash"": ""7e9897570d3b5a28"", ""direction_source"": ""raw"", ""engines"": [""bazi""], ""expected_direction"": ""positive"", ""gate_version"": ""phase3d-oos-gate-v1"", ""horizons"": [5, 10, 20, 60], ""logic"": ""single"", ""methodology"": ""Phase 3D fixed holdout OOS pipeline"", ""permutation_draws"": 200, ""split_fingerprint"": ""6a059b3dbe54f22d""}","[""G3 未通过：以下负对照与真实事件集合 Jaccard > 0.9，对照失效：None, None。事件集合几乎等同于「整个面板」时，任何对照都无法区分真实与随机。""]","{""cohen_d"": 0.007966511681135172, ""event_count"": 3366, ""excess_up_rate"": 0.448595, ""gate_version"": ""phase3d-oos-gate-v1"", ""mean_excess_return"": -0.021427, ""mean_return"": -0.021917, ""median_return"": -0.005727, ""pending_fdr"": false, ""permutation_p"": 0.03980099502487562, ""sample_count"": 3132, ""std_return"": 0.182047, ""up_rate"": 0.47765, ""welch_p"": null}",,phase3d-experiments-v1
OOS3D--HYP-BZ-RAW-001--listing_close_v1,HYP-BZ-RAW-001,66939bbca70855226ceb2da52d6bbd6671d91113,phase3a_astockdata_cutoff_20260814,v2-phase3a,listing_close_v1,v1.1,cal-v1,phase3-oos-v1,2010-01-01..2018-12-31,2019-01-01..2022-12-31,2023-01-01..2026-08-14,20,20260918,2026-09-20T12:08:25,INCONCLUSIVE,True,"{""benchmark_code"": ""IDX000300"", ""birth_models"": [""listing_open_v1"", ""listing_close_v1"", ""ipo_approx_v1""], ""calibration_fit_hash"": ""7e9897570d3b5a28"", ""direction_source"": ""raw"", ""engines"": [""bazi""], ""expected_direction"": ""positive"", ""gate_version"": ""phase3d-oos-gate-v1"", ""horizons"": [5, 10, 20, 60], ""logic"": ""single"", ""methodology"": ""Phase 3D fixed holdout OOS pipeline"", ""permutation_draws"": 200, ""split_fingerprint"": ""6a059b3dbe54f22d""}","[""G5 未通过：OOS 效应只击败 4/5 类对照，结果不一致。""]","{""cohen_d"": 0.009551987405625026, ""event_count"": 3285, ""excess_up_rate"": 0.451507, ""gate_version"": ""phase3d-oos-gate-v1"", ""mean_excess_return"": -0.021138, ""mean_return"": -0.021238, ""median_return"": -0.005126, ""pending_fdr"": false, ""permutation_p"": 0.024875621890547265, ""sample_count"": 3052, ""std_return"": 0.182335, ""up_rate"": 0.479358, ""welch_p"": null}",,phase3d-experiments-v1
OOS3D--HYP-BZ-RAW-001--ipo_approx_v1,HYP-BZ-RAW-001,66939bbca70855226ceb2da52d6bbd6671d91113,phase3a_astockdata_cutoff_20260814,v2-phase3a,ipo_approx_v1,v1.1,cal-v1,phase3-oos-v1,2010-01-01..2018-12-31,2019-01-01..2022-12-31,2023-01-01..2026-08-14,20,20260918,2026-09-20T12:08:26,INVALID_CONTROL,True,"{""benchmark_code"": ""IDX000300"", ""birth_models"": [""listing_open_v1"", ""listing_close_v1"", ""ipo_approx_v1""], ""calibration_fit_hash"": ""7e9897570d3b5a28"", ""direction_source"": ""raw"", ""engines"": [""bazi""], ""expected_direction"": ""positive"", ""gate_version"": ""phase3d-oos-gate-v1"", ""horizons"": [5, 10, 20, 60], ""logic"": ""single"", ""methodology"": ""Phase 3D fixed holdout OOS pipeline"", ""permutation_draws"": 200, ""split_fingerprint"": ""6a059b3dbe54f22d""}","[""G3 未通过：以下负对照与真实事件集合 Jaccard > 0.9，对照失效：None, None。事件集合几乎等同于「整个面板」时，任何对照都无法区分真实与随机。""]","{""cohen_d"": 0.01189132612493707, ""event_count"": 3366, ""excess_up_rate"": 0.450016, ""gate_version"": ""phase3d-oos-gate-v1"", ""mean_excess_return"": -0.020725, ""mean_return"": -0.021359, ""median_return"": -0.005882, ""pending_fdr"": false, ""permutation_p"": 0.004975124378109453, ""sample_count"": 3131, ""std_return"": 0.181212, ""up_rate"": 0.476206, ""welch_p"": null}",,phase3d-experiments-v1
OOS3D--HYP-BZ-CAL-001--listing_open_v1,HYP-BZ-CAL-001,66939bbca70855226ceb2da52d6bbd6671d91113,phase3a_astockdata_cutoff_20260814,v2-phase3a,listing_open_v1,v1.1,cal-v1,phase3-oos-v1,2010-01-01..2018-12-31,2019-01-01..2022-12-31,2023-01-01..2026-08-14,20,20260918,2026-09-20T12:08:28,INCONCLUSIVE,True,"{""benchmark_code"": ""IDX000300"", ""birth_models"": [""listing_open_v1"", ""listing_close_v1"", ""ipo_approx_v1""], ""calibration_fit_hash"": ""7e9897570d3b5a28"", ""direction_source"": ""calibrated"", ""engines"": [""bazi""], ""expected_direction"": ""positive"", ""gate_version"": ""phase3d-oos-gate-v1"", ""horizons"": [5, 10, 20, 60], ""logic"": ""single"", ""methodology"": ""Phase 3D fixed holdout OOS pipeline"", ""permutation_draws"": 200, ""split_fingerprint"": ""6a059b3dbe54f22d""}","[""G5 未通过：OOS 效应只击败 4/5 类对照，结果不一致。""]","{""cohen_d"": 0.03962183539319973, ""event_count"": 896, ""excess_up_rate"": 0.445247, ""gate_version"": ""phase3d-oos-gate-v1"", ""mean_excess_return"": -0.015716, ""mean_return"": -0.01529, ""median_return"": -0.008, ""pending_fdr"": false, ""permutation_p"": 0.08955223880597014, ""sample_count"": 831, ""std_return"": 0.184775, ""up_rate"": 0.474128, ""welch_p"": null}",,phase3d-experiments-v1
OOS3D--HYP-BZ-CAL-001--listing_close_v1,HYP-BZ-CAL-001,66939bbca70855226ceb2da52d6bbd6671d91113,phase3a_astockdata_cutoff_20260814,v2-phase3a,listing_close_v1,v1.1,cal-v1,phase3-oos-v1,2010-01-01..2018-12-31,2019-01-01..2022-12-31,2023-01-01..2026-08-14,20,20260918,2026-09-20T12:08:29,INCONCLUSIVE,True,"{""benchmark_code"": ""IDX000300"", ""birth_models"": [""listing_open_v1"", ""listing_close_v1"", ""ipo_approx_v1""], ""calibration_fit_hash"": ""7e9897570d3b5a28"", ""direction_source"": ""calibrated"", ""engines"": [""bazi""], ""expected_direction"": ""positive"", ""gate_version"": ""phase3d-oos-gate-v1"", ""horizons"": [5, 10, 20, 60], ""logic"": ""single"", ""methodology"": ""Phase 3D fixed holdout OOS pipeline"", ""permutation_draws"": 200, ""split_fingerprint"": ""6a059b3dbe54f22d""}","[""G5 未通过：OOS 效应只击败 4/5 类对照，结果不一致。""]","{""cohen_d"": 0.029773927634710238, ""event_count"": 930, ""excess_up_rate"": 0.440503, ""gate_version"": ""phase3d-oos-gate-v1"", ""mean_excess_return"": -0.017395, ""mean_return"": -0.017134, ""median_return"": -0.00839, ""pending_fdr"": false, ""permutation_p"": 0.15422885572139303, ""sample_count"": 874, ""std_return"": 0.198435, ""up_rate"": 0.464531, ""welch_p"": null}",,phase3d-experiments-v1
OOS3D--HYP-BZ-CAL-001--ipo_approx_v1,HYP-BZ-CAL-001,66939bbca70855226ceb2da52d6bbd6671d91113,phase3a_astockdata_cutoff_20260814,v2-phase3a,ipo_approx_v1,v1.1,cal-v1,phase3-oos-v1,2010-01-01..2018-12-31,2019-01-01..2022-12-31,2023-01-01..2026-08-14,20,20260918,2026-09-20T12:08:31,WEAK_EVIDENCE,True,"{""benchmark_code"": ""IDX000300"", ""birth_models"": [""listing_open_v1"", ""listing_close_v1"", ""ipo_approx_v1""], ""calibration_fit_hash"": ""7e9897570d3b5a28"", ""direction_source"": ""calibrated"", ""engines"": [""bazi""], ""expected_direction"": ""positive"", ""gate_version"": ""phase3d-oos-gate-v1"", ""horizons"": [5, 10, 20, 60], ""logic"": ""single"", ""methodology"": ""Phase 3D fixed holdout OOS pipeline"", ""permutation_draws"": 200, ""split_fingerprint"": ""6a059b3dbe54f22d""}","[""G8 未通过：有效年数 4，正向年份比例 0.25，符号一致性 0.75"", ""全部有效对照均被击败，但强度/稳健性条件未全部满足，只能记为弱证据。""]","{""cohen_d"": 0.05853175416395196, ""event_count"": 894, ""excess_up_rate"": 0.453875, ""gate_version"": ""phase3d-oos-gate-v1"", ""mean_excess_return"": -0.01231, ""mean_return"": -0.011217, ""median_return"": 0.001754, ""pending_fdr"": false, ""permutation_p"": 0.04975124378109453, ""sample_count"": 813, ""std_return"": 0.181458, ""up_rate"": 0.506765, ""welch_p"": null}",,phase3d-experiments-v1
OOS3D--HYP-ZW-RAW-001--listing_open_v1,HYP-ZW-RAW-001,66939bbca70855226ceb2da52d6bbd6671d91113,phase3a_astockdata_cutoff_20260814,v2-phase3a,listing_open_v1,v1.1,cal-v1,phase3-oos-v1,2010-01-01..2018-12-31,2019-01-01..2022-12-31,2023-01-01..2026-08-14,20,20260918,2026-09-20T12:08:32,INCONCLUSIVE,True,"{""benchmark_code"": ""IDX000300"", ""birth_models"": [""listing_open_v1"", ""listing_close_v1"", ""ipo_approx_v1""], ""calibration_fit_hash"": ""7e9897570d3b5a28"", ""direction_source"": ""raw"", ""engines"": [""ziwei""], ""expected_direction"": ""positive"", ""gate_version"": ""phase3d-oos-gate-v1"", ""horizons"": [5, 10, 20, 60], ""logic"": ""single"", ""methodology"": ""Phase 3D fixed holdout OOS pipeline"", ""permutation_draws"": 200, ""split_fingerprint"": ""6a059b3dbe54f22d""}","[""G5 未通过：OOS 效应只击败 4/5 类对照，结果不一致。""]","{""cohen_d"": 0.0203655873568172, ""event_count"": 831, ""excess_up_rate"": 0.454305, ""gate_version"": ""phase3d-oos-gate-v1"", ""mean_excess_return"": -0.019228, ""mean_return"": -0.020977, ""median_return"": -0.004566, ""pending_fdr"": false, ""permutation_p"": 0.24875621890547264, ""sample_count"": 755, ""std_return"": 0.172588, ""up_rate"": 0.486093, ""welch_p"": null}",,phase3d-experiments-v1
OOS3D--HYP-ZW-RAW-001--listing_close_v1,HYP-ZW-RAW-001,66939bbca70855226ceb2da52d6bbd6671d91113,phase3a_astockdata_cutoff_20260814,v2-phase3a,listing_close_v1,v1.1,cal-v1,phase3-oos-v1,2010-01-01..2018-12-31,2019-01-01..2022-12-31,2023-01-01..2026-08-14,20,20260918,2026-09-20T12:08:33,INCONCLUSIVE,True,"{""benchmark_code"": ""IDX000300"", ""birth_models"": [""listing_open_v1"", ""listing_close_v1"", ""ipo_approx_v1""], ""calibration_fit_hash"": ""7e9897570d3b5a28"", ""direction_source"": ""raw"", ""engines"": [""ziwei""], ""expected_direction"": ""positive"", ""gate_version"": ""phase3d-oos-gate-v1"", ""horizons"": [5, 10, 20, 60], ""logic"": ""single"", ""methodology"": ""Phase 3D fixed holdout OOS pipeline"", ""permutation_draws"": 200, ""split_fingerprint"": ""6a059b3dbe54f22d""}","[""G5 未通过：OOS 效应只击败 4/5 类对照，结果不一致。""]","{""cohen_d"": 0.0026484371965475044, ""event_count"": 1067, ""excess_up_rate"": 0.440452, ""gate_version"": ""phase3d-oos-gate-v1"", ""mean_excess_return"": -0.022394, ""mean_return"": -0.023873, ""median_return"": -0.00901, ""pending_fdr"": false, ""permutation_p"": 0.46766169154228854, ""sample_count"": 974, ""std_return"": 0.169049, ""up_rate"": 0.463039, ""welch_p"": null}",,phase3d-experiments-v1
OOS3D--HYP-ZW-RAW-001--ipo_approx_v1,HYP-ZW-RAW-001,66939bbca70855226ceb2da52d6bbd6671d91113,phase3a_astockdata_cutoff_20260814,v2-phase3a,ipo_approx_v1,v1.1,cal-v1,phase3-oos-v1,2010-01-01..2018-12-31,2019-01-01..2022-12-31,2023-01-01..2026-08-14,20,20260918,2026-09-20T12:08:34,WEAK_EVIDENCE,True,"{""benchmark_code"": ""IDX000300"", ""birth_models"": [""listing_open_v1"", ""listing_close_v1"", ""ipo_approx_v1""], ""calibration_fit_hash"": ""7e9897570d3b5a28"", ""direction_source"": ""raw"", ""engines"": [""ziwei""], ""expected_direction"": ""positive"", ""gate_version"": ""phase3d-oos-gate-v1"", ""horizons"": [5, 10, 20, 60], ""logic"": ""single"", ""methodology"": ""Phase 3D fixed holdout OOS pipeline"", ""permutation_draws"": 200, ""split_fingerprint"": ""6a059b3dbe54f22d""}","[""G8 未通过：有效年数 4，正向年份比例 0.25，符号一致性 0.75"", ""G7 未通过：最小可判定对照 p = 0.07462686567164178"", ""全部有效对照均被击败，但强度/稳健性条件未全部满足，只能记为弱证据。""]","{""cohen_d"": 0.0502315305277159, ""event_count"": 975, ""excess_up_rate"": 0.448819, ""gate_version"": ""phase3d-oos-gate-v1"", ""mean_excess_return"": -0.013897, ""mean_return"": -0.017324, ""median_return"": -0.009132, ""pending_fdr"": false, ""permutation_p"": 0.07462686567164178, ""sample_count"": 889, ""std_return"": 0.173493, ""up_rate"": 0.471316, ""welch_p"": null}",,phase3d-experiments-v1
OOS3D--HYP-ZW-CAL-001--listing_open_v1,HYP-ZW-CAL-001,66939bbca70855226ceb2da52d6bbd6671d91113,phase3a_astockdata_cutoff_20260814,v2-phase3a,listing_open_v1,v1.1,cal-v1,phase3-oos-v1,2010-01-01..2018-12-31,2019-01-01..2022-12-31,2023-01-01..2026-08-14,20,20260918,2026-09-20T12:08:35,INCONCLUSIVE,True,"{""benchmark_code"": ""IDX000300"", ""birth_models"": [""listing_open_v1"", ""listing_close_v1"", ""ipo_approx_v1""], ""calibration_fit_hash"": ""7e9897570d3b5a28"", ""direction_source"": ""calibrated"", ""engines"": [""ziwei""], ""expected_direction"": ""positive"", ""gate_version"": ""phase3d-oos-gate-v1"", ""horizons"": [5, 10, 20, 60], ""logic"": ""single"", ""methodology"": ""Phase 3D fixed holdout OOS pipeline"", ""permutation_draws"": 200, ""split_fingerprint"": ""6a059b3dbe54f22d""}","[""G5 未通过：OOS 效应只击败 4/5 类对照，结果不一致。""]","{""cohen_d"": 0.013107381990894564, ""event_count"": 746, ""excess_up_rate"": 0.445428, ""gate_version"": ""phase3d-oos-gate-v1"", ""mean_excess_return"": -0.020515, ""mean_return"": -0.022325, ""median_return"": -0.005265, ""pending_fdr"": false, ""permutation_p"": 0.3482587064676617, ""sample_count"": 678, ""std_return"": 0.175324, ""up_rate"": 0.485251, ""welch_p"": null}",,phase3d-experiments-v1
OOS3D--HYP-ZW-CAL-001--listing_close_v1,HYP-ZW-CAL-001,66939bbca70855226ceb2da52d6bbd6671d91113,phase3a_astockdata_cutoff_20260814,v2-phase3a,listing_close_v1,v1.1,cal-v1,phase3-oos-v1,2010-01-01..2018-12-31,2019-01-01..2022-12-31,2023-01-01..2026-08-14,20,20260918,2026-09-20T12:08:36,INCONCLUSIVE,True,"{""benchmark_code"": ""IDX000300"", ""birth_models"": [""listing_open_v1"", ""listing_close_v1"", ""ipo_approx_v1""], ""calibration_fit_hash"": ""7e9897570d3b5a28"", ""direction_source"": ""calibrated"", ""engines"": [""ziwei""], ""expected_direction"": ""positive"", ""gate_version"": ""phase3d-oos-gate-v1"", ""horizons"": [5, 10, 20, 60], ""logic"": ""single"", ""methodology"": ""Phase 3D fixed holdout OOS pipeline"", ""permutation_draws"": 200, ""split_fingerprint"": ""6a059b3dbe54f22d""}","[""G5 未通过：OOS 效应只击败 1/5 类对照，结果不一致。""]","{""cohen_d"": -0.016597938369970203, ""event_count"": 791, ""excess_up_rate"": 0.440278, ""gate_version"": ""phase3d-oos-gate-v1"", ""mean_excess_return"": -0.025834, ""mean_return"": -0.026758, ""median_return"": -0.008652, ""pending_fdr"": false, ""permutation_p"": 0.6915422885572139, ""sample_count"": 720, ""std_return"": 0.175185, ""up_rate"": 0.4625, ""welch_p"": null}",,phase3d-experiments-v1
OOS3D--HYP-ZW-CAL-001--ipo_approx_v1,HYP-ZW-CAL-001,66939bbca70855226ceb2da52d6bbd6671d91113,phase3a_astockdata_cutoff_20260814,v2-phase3a,ipo_approx_v1,v1.1,cal-v1,phase3-oos-v1,2010-01-01..2018-12-31,2019-01-01..2022-12-31,2023-01-01..2026-08-14,20,20260918,2026-09-20T12:08:37,WEAK_EVIDENCE,True,"{""benchmark_code"": ""IDX000300"", ""birth_models"": [""listing_open_v1"", ""listing_close_v1"", ""ipo_approx_v1""], ""calibration_fit_hash"": ""7e9897570d3b5a28"", ""direction_source"": ""calibrated"", ""engines"": [""ziwei""], ""expected_direction"": ""positive"", ""gate_version"": ""phase3d-oos-gate-v1"", ""horizons"": [5, 10, 20, 60], ""logic"": ""single"", ""methodology"": ""Phase 3D fixed holdout OOS pipeline"", ""permutation_draws"": 200, ""split_fingerprint"": ""6a059b3dbe54f22d""}","[""G8 未通过：有效年数 4，正向年份比例 0.25，符号一致性 0.75"", ""G7 未通过：最小可判定对照 p = 0.17412935323383086"", ""全部有效对照均被击败，但强度/稳健性条件未全部满足，只能记为弱证据。""]","{""cohen_d"": 0.024386666392979303, ""event_count"": 816, ""excess_up_rate"": 0.444145, ""gate_version"": ""phase3d-oos-gate-v1"", ""mean_excess_return"": -0.018489, ""mean_return"": -0.021886, ""median_return"": -0.010516, ""pending_fdr"": false, ""permutation_p"": 0.17412935323383086, ""sample_count"": 743, ""std_return"": 0.176988, ""up_rate"": 0.46568, ""welch_p"": null}",,phase3d-experiments-v1
OOS3D--HYP-HL-RAW-001--listing_open_v1,HYP-HL-RAW-001,66939bbca70855226ceb2da52d6bbd6671d91113,phase3a_astockdata_cutoff_20260814,v2-phase3a,listing_open_v1,v1.1,cal-v1,phase3-oos-v1,2010-01-01..2018-12-31,2019-01-01..2022-12-31,2023-01-01..2026-08-14,20,20260918,2026-09-20T12:08:38,INCONCLUSIVE,True,"{""benchmark_code"": ""IDX000300"", ""birth_models"": [""listing_open_v1"", ""listing_close_v1"", ""ipo_approx_v1""], ""calibration_fit_hash"": ""7e9897570d3b5a28"", ""direction_source"": ""raw"", ""engines"": [""huangli""], ""expected_direction"": ""positive"", ""gate_version"": ""phase3d-oos-gate-v1"", ""horizons"": [5, 10, 20, 60], ""logic"": ""single"", ""methodology"": ""Phase 3D fixed holdout OOS pipeline"", ""permutation_draws"": 200, ""split_fingerprint"": ""6a059b3dbe54f22d""}","[""G5 未通过：OOS 效应只击败 4/5 类对照，结果不一致。""]","{""cohen_d"": -0.09221018351944475, ""event_count"": 1500, ""excess_up_rate"": 0.410555, ""gate_version"": ""phase3d-oos-gate-v1"", ""mean_excess_return"": -0.039415, ""mean_return"": -0.045222, ""median_return"": -0.024229, ""pending_fdr"": false, ""permutation_p"": 1.0, ""sample_count"": 1459, ""std_return"": 0.179554, ""up_rate"": 0.41878, ""welch_p"": null}",,phase3d-experiments-v1
OOS3D--HYP-HL-RAW-001--listing_close_v1,HYP-HL-RAW-001,66939bbca70855226ceb2da52d6bbd6671d91113,phase3a_astockdata_cutoff_20260814,v2-phase3a,listing_close_v1,v1.1,cal-v1,phase3-oos-v1,2010-01-01..2018-12-31,2019-01-01..2022-12-31,2023-01-01..2026-08-14,20,20260918,2026-09-20T12:08:39,INCONCLUSIVE,True,"{""benchmark_code"": ""IDX000300"", ""birth_models"": [""listing_open_v1"", ""listing_close_v1"", ""ipo_approx_v1""], ""calibration_fit_hash"": ""7e9897570d3b5a28"", ""direction_source"": ""raw"", ""engines"": [""huangli""], ""expected_direction"": ""positive"", ""gate_version"": ""phase3d-oos-gate-v1"", ""horizons"": [5, 10, 20, 60], ""logic"": ""single"", ""methodology"": ""Phase 3D fixed holdout OOS pipeline"", ""permutation_draws"": 200, ""split_fingerprint"": ""6a059b3dbe54f22d""}","[""G5 未通过：OOS 效应只击败 1/5 类对照，结果不一致。""]","{""cohen_d"": -0.11634906056187662, ""event_count"": 1509, ""excess_up_rate"": 0.40776, ""gate_version"": ""phase3d-oos-gate-v1"", ""mean_excess_return"": -0.043881, ""mean_return"": -0.04625, ""median_return"": -0.021472, ""pending_fdr"": false, ""permutation_p"": 1.0, ""sample_count"": 1469, ""std_return"": 0.183445, ""up_rate"": 0.425459, ""welch_p"": null}",,phase3d-experiments-v1
OOS3D--HYP-HL-RAW-001--ipo_approx_v1,HYP-HL-RAW-001,66939bbca70855226ceb2da52d6bbd6671d91113,phase3a_astockdata_cutoff_20260814,v2-phase3a,ipo_approx_v1,v1.1,cal-v1,phase3-oos-v1,2010-01-01..2018-12-31,2019-01-01..2022-12-31,2023-01-01..2026-08-14,20,20260918,2026-09-20T12:08:40,INCONCLUSIVE,True,"{""benchmark_code"": ""IDX000300"", ""birth_models"": [""listing_open_v1"", ""listing_close_v1"", ""ipo_approx_v1""], ""calibration_fit_hash"": ""7e9897570d3b5a28"", ""direction_source"": ""raw"", ""engines"": [""huangli""], ""expected_direction"": ""positive"", ""gate_version"": ""phase3d-oos-gate-v1"", ""horizons"": [5, 10, 20, 60], ""logic"": ""single"", ""methodology"": ""Phase 3D fixed holdout OOS pipeline"", ""permutation_draws"": 200, ""split_fingerprint"": ""6a059b3dbe54f22d""}","[""G5 未通过：OOS 效应只击败 2/5 类对照，结果不一致。""]","{""cohen_d"": -0.09564805353801781, ""event_count"": 1502, ""excess_up_rate"": 0.395476, ""gate_version"": ""phase3d-oos-gate-v1"", ""mean_excess_return"": -0.040068, ""mean_return"": -0.044898, ""median_return"": -0.020524, ""pending_fdr"": false, ""permutation_p"": 1.0, ""sample_count"": 1459, ""std_return"": 0.180261, ""up_rate"": 0.425634, ""welch_p"": null}",,phase3d-experiments-v1
OOS3D--HYP-HL-CAL-001--listing_open_v1,HYP-HL-CAL-001,66939bbca70855226ceb2da52d6bbd6671d91113,phase3a_astockdata_cutoff_20260814,v2-phase3a,listing_open_v1,v1.1,cal-v1,phase3-oos-v1,2010-01-01..2018-12-31,2019-01-01..2022-12-31,2023-01-01..2026-08-14,20,20260918,2026-09-20T12:08:41,INCONCLUSIVE,True,"{""benchmark_code"": ""IDX000300"", ""birth_models"": [""listing_open_v1"", ""listing_close_v1"", ""ipo_approx_v1""], ""calibration_fit_hash"": ""7e9897570d3b5a28"", ""direction_source"": ""calibrated"", ""engines"": [""huangli""], ""expected_direction"": ""positive"", ""gate_version"": ""phase3d-oos-gate-v1"", ""horizons"": [5, 10, 20, 60], ""logic"": ""single"", ""methodology"": ""Phase 3D fixed holdout OOS pipeline"", ""permutation_draws"": 200, ""split_fingerprint"": ""6a059b3dbe54f22d""}","[""G5 未通过：OOS 效应只击败 4/5 类对照，结果不一致。""]","{""cohen_d"": -0.14018820195058976, ""event_count"": 854, ""excess_up_rate"": 0.382318, ""gate_version"": ""phase3d-oos-gate-v1"", ""mean_excess_return"": -0.047939, ""mean_return"": -0.055717, ""median_return"": -0.038217, ""pending_fdr"": false, ""permutation_p"": 1.0, ""sample_count"": 837, ""std_return"": 0.176619, ""up_rate"": 0.394265, ""welch_p"": null}",,phase3d-experiments-v1
OOS3D--HYP-HL-CAL-001--listing_close_v1,HYP-HL-CAL-001,66939bbca70855226ceb2da52d6bbd6671d91113,phase3a_astockdata_cutoff_20260814,v2-phase3a,listing_close_v1,v1.1,cal-v1,phase3-oos-v1,2010-01-01..2018-12-31,2019-01-01..2022-12-31,2023-01-01..2026-08-14,20,20260918,2026-09-20T12:08:42,INCONCLUSIVE,True,"{""benchmark_code"": ""IDX000300"", ""birth_models"": [""listing_open_v1"", ""listing_close_v1"", ""ipo_approx_v1""], ""calibration_fit_hash"": ""7e9897570d3b5a28"", ""direction_source"": ""calibrated"", ""engines"": [""huangli""], ""expected_direction"": ""positive"", ""gate_version"": ""phase3d-oos-gate-v1"", ""horizons"": [5, 10, 20, 60], ""logic"": ""single"", ""methodology"": ""Phase 3D fixed holdout OOS pipeline"", ""permutation_draws"": 200, ""split_fingerprint"": ""6a059b3dbe54f22d""}","[""G5 未通过：OOS 效应只击败 4/5 类对照，结果不一致。""]","{""cohen_d"": -0.12819668726151479, ""event_count"": 701, ""excess_up_rate"": 0.383942, ""gate_version"": ""phase3d-oos-gate-v1"", ""mean_excess_return"": -0.046164, ""mean_return"": -0.051312, ""median_return"": -0.028302, ""pending_fdr"": false, ""permutation_p"": 1.0, ""sample_count"": 685, ""std_return"": 0.189683, ""up_rate"": 0.423358, ""welch_p"": null}",,phase3d-experiments-v1
OOS3D--HYP-HL-CAL-001--ipo_approx_v1,HYP-HL-CAL-001,66939bbca70855226ceb2da52d6bbd6671d91113,phase3a_astockdata_cutoff_20260814,v2-phase3a,ipo_approx_v1,v1.1,cal-v1,phase3-oos-v1,2010-01-01..2018-12-31,2019-01-01..2022-12-31,2023-01-01..2026-08-14,20,20260918,2026-09-20T12:08:44,INCONCLUSIVE,True,"{""benchmark_code"": ""IDX000300"", ""birth_models"": [""listing_open_v1"", ""listing_close_v1"", ""ipo_approx_v1""], ""calibration_fit_hash"": ""7e9897570d3b5a28"", ""direction_source"": ""calibrated"", ""engines"": [""huangli""], ""expected_direction"": ""positive"", ""gate_version"": ""phase3d-oos-gate-v1"", ""horizons"": [5, 10, 20, 60], ""logic"": ""single"", ""methodology"": ""Phase 3D fixed holdout OOS pipeline"", ""permutation_draws"": 200, ""split_fingerprint"": ""6a059b3dbe54f22d""}","[""G5 未通过：OOS 效应只击败 2/5 类对照，结果不一致。""]","{""cohen_d"": -0.15452391741617325, ""event_count"": 856, ""excess_up_rate"": 0.365707, ""gate_version"": ""phase3d-oos-gate-v1"", ""mean_excess_return"": -0.050449, ""mean_return"": -0.057218, ""median_return"": -0.036352, ""pending_fdr"": false, ""permutation_p"": 1.0, ""sample_count"": 834, ""std_return"": 0.173151, ""up_rate"": 0.396882, ""welch_p"": null}",,phase3d-experiments-v1
OOS3D--HYP-CON-BZ-ZW-RAW-001--listing_open_v1,HYP-CON-BZ-ZW-RAW-001,66939bbca70855226ceb2da52d6bbd6671d91113,phase3a_astockdata_cutoff_20260814,v2-phase3a,listing_open_v1,v1.1,cal-v1,phase3-oos-v1,2010-01-01..2018-12-31,2019-01-01..2022-12-31,2023-01-01..2026-08-14,20,20260918,2026-09-20T12:08:45,INCONCLUSIVE,True,"{""benchmark_code"": ""IDX000300"", ""birth_models"": [""listing_open_v1"", ""listing_close_v1"", ""ipo_approx_v1""], ""calibration_fit_hash"": ""7e9897570d3b5a28"", ""direction_source"": ""raw"", ""engines"": [""bazi"", ""ziwei""], ""expected_direction"": ""positive"", ""gate_version"": ""phase3d-oos-gate-v1"", ""horizons"": [5, 10, 20, 60], ""logic"": ""all_positive"", ""methodology"": ""Phase 3D fixed holdout OOS pipeline"", ""permutation_draws"": 200, ""split_fingerprint"": ""6a059b3dbe54f22d""}","[""G5 未通过：OOS 效应只击败 4/5 类对照，结果不一致。""]","{""cohen_d"": 0.023526884829845354, ""event_count"": 807, ""excess_up_rate"": 0.452804, ""gate_version"": ""phase3d-oos-gate-v1"", ""mean_excess_return"": -0.018664, ""mean_return"": -0.020238, ""median_return"": -0.003388, ""pending_fdr"": false, ""permutation_p"": 0.23880597014925373, ""sample_count"": 731, ""std_return"": 0.171769, ""up_rate"": 0.488372, ""welch_p"": null}",,phase3d-experiments-v1
OOS3D--HYP-CON-BZ-ZW-RAW-001--listing_close_v1,HYP-CON-BZ-ZW-RAW-001,66939bbca70855226ceb2da52d6bbd6671d91113,phase3a_astockdata_cutoff_20260814,v2-phase3a,listing_close_v1,v1.1,cal-v1,phase3-oos-v1,2010-01-01..2018-12-31,2019-01-01..2022-12-31,2023-01-01..2026-08-14,20,20260918,2026-09-20T12:08:46,INCONCLUSIVE,True,"{""benchmark_code"": ""IDX000300"", ""birth_models"": [""listing_open_v1"", ""listing_close_v1"", ""ipo_approx_v1""], ""calibration_fit_hash"": ""7e9897570d3b5a28"", ""direction_source"": ""raw"", ""engines"": [""bazi"", ""ziwei""], ""expected_direction"": ""positive"", ""gate_version"": ""phase3d-oos-gate-v1"", ""horizons"": [5, 10, 20, 60], ""logic"": ""all_positive"", ""methodology"": ""Phase 3D fixed holdout OOS pipeline"", ""permutation_draws"": 200, ""split_fingerprint"": ""6a059b3dbe54f22d""}","[""G5 未通过：OOS 效应只击败 3/5 类对照，结果不一致。""]","{""cohen_d"": 0.01058644892901138, ""event_count"": 997, ""excess_up_rate"": 0.443709, ""gate_version"": ""phase3d-oos-gate-v1"", ""mean_excess_return"": -0.020987, ""mean_return"": -0.022194, ""median_return"": -0.008389, ""pending_fdr"": false, ""permutation_p"": 0.31840796019900497, ""sample_count"": 906, ""std_return"": 0.166976, ""up_rate"": 0.469095, ""welch_p"": null}",,phase3d-experiments-v1
OOS3D--HYP-CON-BZ-ZW-RAW-001--ipo_approx_v1,HYP-CON-BZ-ZW-RAW-001,66939bbca70855226ceb2da52d6bbd6671d91113,phase3a_astockdata_cutoff_20260814,v2-phase3a,ipo_approx_v1,v1.1,cal-v1,phase3-oos-v1,2010-01-01..2018-12-31,2019-01-01..2022-12-31,2023-01-01..2026-08-14,20,20260918,2026-09-20T12:08:47,WEAK_EVIDENCE,True,"{""benchmark_code"": ""IDX000300"", ""birth_models"": [""listing_open_v1"", ""listing_close_v1"", ""ipo_approx_v1""], ""calibration_fit_hash"": ""7e9897570d3b5a28"", ""direction_source"": ""raw"", ""engines"": [""bazi"", ""ziwei""], ""expected_direction"": ""positive"", ""gate_version"": ""phase3d-oos-gate-v1"", ""horizons"": [5, 10, 20, 60], ""logic"": ""all_positive"", ""methodology"": ""Phase 3D fixed holdout OOS pipeline"", ""permutation_draws"": 200, ""split_fingerprint"": ""6a059b3dbe54f22d""}","[""G8 未通过：有效年数 4，正向年份比例 0.25，符号一致性 0.75"", ""全部有效对照均被击败，但强度/稳健性条件未全部满足，只能记为弱证据。""]","{""cohen_d"": 0.05529296835752679, ""event_count"": 934, ""excess_up_rate"": 0.450472, ""gate_version"": ""phase3d-oos-gate-v1"", ""mean_excess_return"": -0.012994, ""mean_return"": -0.016073, ""median_return"": -0.007592, ""pending_fdr"": false, ""permutation_p"": 0.03482587064676617, ""sample_count"": 848, ""std_return"": 0.172894, ""up_rate"": 0.476415, ""welch_p"": null}",,phase3d-experiments-v1
OOS3D--HYP-CON-BZ-ZW-CAL-001--listing_open_v1,HYP-CON-BZ-ZW-CAL-001,66939bbca70855226ceb2da52d6bbd6671d91113,phase3a_astockdata_cutoff_20260814,v2-phase3a,listing_open_v1,v1.1,cal-v1,phase3-oos-v1,2010-01-01..2018-12-31,2019-01-01..2022-12-31,2023-01-01..2026-08-14,20,20260918,2026-09-20T12:08:48,NO_SIGNAL,True,"{""benchmark_code"": ""IDX000300"", ""birth_models"": [""listing_open_v1"", ""listing_close_v1"", ""ipo_approx_v1""], ""calibration_fit_hash"": ""7e9897570d3b5a28"", ""direction_source"": ""calibrated"", ""engines"": [""bazi"", ""ziwei""], ""expected_direction"": ""positive"", ""gate_version"": ""phase3d-oos-gate-v1"", ""horizons"": [5, 10, 20, 60], ""logic"": ""all_positive"", ""methodology"": ""Phase 3D fixed holdout OOS pipeline"", ""permutation_draws"": 200, ""split_fingerprint"": ""6a059b3dbe54f22d""}","[""G5 未通过：OOS 效应未超过任何一类有效对照（对照中 5 类不弱于真实）。如实结论：在本样本与协议下，该对象没有显示样本外信息量。""]","{""cohen_d"": -0.06349142481056852, ""event_count"": 190, ""excess_up_rate"": 0.417143, ""gate_version"": ""phase3d-oos-gate-v1"", ""mean_excess_return"": -0.034309, ""mean_return"": -0.034513, ""median_return"": -0.010846, ""pending_fdr"": false, ""permutation_p"": 0.8308457711442786, ""sample_count"": 175, ""std_return"": 0.180382, ""up_rate"": 0.462857, ""welch_p"": null}",,phase3d-experiments-v1
OOS3D--HYP-CON-BZ-ZW-CAL-001--listing_close_v1,HYP-CON-BZ-ZW-CAL-001,66939bbca70855226ceb2da52d6bbd6671d91113,phase3a_astockdata_cutoff_20260814,v2-phase3a,listing_close_v1,v1.1,cal-v1,phase3-oos-v1,2010-01-01..2018-12-31,2019-01-01..2022-12-31,2023-01-01..2026-08-14,20,20260918,2026-09-20T12:08:49,INCONCLUSIVE,True,"{""benchmark_code"": ""IDX000300"", ""birth_models"": [""listing_open_v1"", ""listing_close_v1"", ""ipo_approx_v1""], ""calibration_fit_hash"": ""7e9897570d3b5a28"", ""direction_source"": ""calibrated"", ""engines"": [""bazi"", ""ziwei""], ""expected_direction"": ""positive"", ""gate_version"": ""phase3d-oos-gate-v1"", ""horizons"": [5, 10, 20, 60], ""logic"": ""all_positive"", ""methodology"": ""Phase 3D fixed holdout OOS pipeline"", ""permutation_draws"": 200, ""split_fingerprint"": ""6a059b3dbe54f22d""}","[""G5 未通过：OOS 效应只击败 2/5 类对照，结果不一致。""]","{""cohen_d"": 0.0072956084237651075, ""event_count"": 182, ""excess_up_rate"": 0.433735, ""gate_version"": ""phase3d-oos-gate-v1"", ""mean_excess_return"": -0.021545, ""mean_return"": -0.026448, ""median_return"": -0.021306, ""pending_fdr"": false, ""permutation_p"": 0.4626865671641791, ""sample_count"": 166, ""std_return"": 0.188994, ""up_rate"": 0.451807, ""welch_p"": null}",,phase3d-experiments-v1
OOS3D--HYP-CON-BZ-ZW-CAL-001--ipo_approx_v1,HYP-CON-BZ-ZW-CAL-001,66939bbca70855226ceb2da52d6bbd6671d91113,phase3a_astockdata_cutoff_20260814,v2-phase3a,ipo_approx_v1,v1.1,cal-v1,phase3-oos-v1,2010-01-01..2018-12-31,2019-01-01..2022-12-31,2023-01-01..2026-08-14,20,20260918,2026-09-20T12:08:50,INCONCLUSIVE,True,"{""benchmark_code"": ""IDX000300"", ""birth_models"": [""listing_open_v1"", ""listing_close_v1"", ""ipo_approx_v1""], ""calibration_fit_hash"": ""7e9897570d3b5a28"", ""direction_source"": ""calibrated"", ""engines"": [""bazi"", ""ziwei""], ""expected_direction"": ""positive"", ""gate_version"": ""phase3d-oos-gate-v1"", ""horizons"": [5, 10, 20, 60], ""logic"": ""all_positive"", ""methodology"": ""Phase 3D fixed holdout OOS pipeline"", ""permutation_draws"": 200, ""split_fingerprint"": ""6a059b3dbe54f22d""}","[""G4 未通过：Validation 超额均值为 -5.4777%（符号 -1），OOS 为 0.9614%（符号 1）""]","{""cohen_d"": 0.1805893459254346, ""event_count"": 193, ""excess_up_rate"": 0.502959, ""gate_version"": ""phase3d-oos-gate-v1"", ""mean_excess_return"": 0.009614, ""mean_return"": 0.011524, ""median_return"": 0.018431, ""pending_fdr"": false, ""permutation_p"": 0.004975124378109453, ""sample_count"": 169, ""std_return"": 0.170729, ""up_rate"": 0.591716, ""welch_p"": null}",,phase3d-experiments-v1
OOS3D--HYP-CON-BZ-HL-RAW-001--listing_open_v1,HYP-CON-BZ-HL-RAW-001,66939bbca70855226ceb2da52d6bbd6671d91113,phase3a_astockdata_cutoff_20260814,v2-phase3a,listing_open_v1,v1.1,cal-v1,phase3-oos-v1,2010-01-01..2018-12-31,2019-01-01..2022-12-31,2023-01-01..2026-08-14,20,20260918,2026-09-20T12:08:51,INCONCLUSIVE,True,"{""benchmark_code"": ""IDX000300"", ""birth_models"": [""listing_open_v1"", ""listing_close_v1"", ""ipo_approx_v1""], ""calibration_fit_hash"": ""7e9897570d3b5a28"", ""direction_source"": ""raw"", ""engines"": [""bazi"", ""huangli""], ""expected_direction"": ""positive"", ""gate_version"": ""phase3d-oos-gate-v1"", ""horizons"": [5, 10, 20, 60], ""logic"": ""all_positive"", ""methodology"": ""Phase 3D fixed holdout OOS pipeline"", ""permutation_draws"": 200, ""split_fingerprint"": ""6a059b3dbe54f22d""}","[""G5 未通过：OOS 效应只击败 3/5 类对照，结果不一致。""]","{""cohen_d"": -0.08253303755055316, ""event_count"": 1446, ""excess_up_rate"": 0.412935, ""gate_version"": ""phase3d-oos-gate-v1"", ""mean_excess_return"": -0.037677, ""mean_return"": -0.043525, ""median_return"": -0.02381, ""pending_fdr"": false, ""permutation_p"": 1.0, ""sample_count"": 1407, ""std_return"": 0.179331, ""up_rate"": 0.422175, ""welch_p"": null}",,phase3d-experiments-v1
OOS3D--HYP-CON-BZ-HL-RAW-001--listing_close_v1,HYP-CON-BZ-HL-RAW-001,66939bbca70855226ceb2da52d6bbd6671d91113,phase3a_astockdata_cutoff_20260814,v2-phase3a,listing_close_v1,v1.1,cal-v1,phase3-oos-v1,2010-01-01..2018-12-31,2019-01-01..2022-12-31,2023-01-01..2026-08-14,20,20260918,2026-09-20T12:08:52,INCONCLUSIVE,True,"{""benchmark_code"": ""IDX000300"", ""birth_models"": [""listing_open_v1"", ""listing_close_v1"", ""ipo_approx_v1""], ""calibration_fit_hash"": ""7e9897570d3b5a28"", ""direction_source"": ""raw"", ""engines"": [""bazi"", ""huangli""], ""expected_direction"": ""positive"", ""gate_version"": ""phase3d-oos-gate-v1"", ""horizons"": [5, 10, 20, 60], ""logic"": ""all_positive"", ""methodology"": ""Phase 3D fixed holdout OOS pipeline"", ""permutation_draws"": 200, ""split_fingerprint"": ""6a059b3dbe54f22d""}","[""G5 未通过：OOS 效应只击败 2/5 类对照，结果不一致。""]","{""cohen_d"": -0.10050449408739254, ""event_count"": 1454, ""excess_up_rate"": 0.414134, ""gate_version"": ""phase3d-oos-gate-v1"", ""mean_excess_return"": -0.041002, ""mean_return"": -0.042668, ""median_return"": -0.019555, ""pending_fdr"": false, ""permutation_p"": 1.0, ""sample_count"": 1415, ""std_return"": 0.182249, ""up_rate"": 0.433922, ""welch_p"": null}",,phase3d-experiments-v1
OOS3D--HYP-CON-BZ-HL-RAW-001--ipo_approx_v1,HYP-CON-BZ-HL-RAW-001,66939bbca70855226ceb2da52d6bbd6671d91113,phase3a_astockdata_cutoff_20260814,v2-phase3a,ipo_approx_v1,v1.1,cal-v1,phase3-oos-v1,2010-01-01..2018-12-31,2019-01-01..2022-12-31,2023-01-01..2026-08-14,20,20260918,2026-09-20T12:08:53,INCONCLUSIVE,True,"{""benchmark_code"": ""IDX000300"", ""birth_models"": [""listing_open_v1"", ""listing_close_v1"", ""ipo_approx_v1""], ""calibration_fit_hash"": ""7e9897570d3b5a28"", ""direction_source"": ""raw"", ""engines"": [""bazi"", ""huangli""], ""expected_direction"": ""positive"", ""gate_version"": ""phase3d-oos-gate-v1"", ""horizons"": [5, 10, 20, 60], ""logic"": ""all_positive"", ""methodology"": ""Phase 3D fixed holdout OOS pipeline"", ""permutation_draws"": 200, ""split_fingerprint"": ""6a059b3dbe54f22d""}","[""G5 未通过：OOS 效应只击败 4/5 类对照，结果不一致。""]","{""cohen_d"": -0.07916663837777739, ""event_count"": 1441, ""excess_up_rate"": 0.398426, ""gate_version"": ""phase3d-oos-gate-v1"", ""mean_excess_return"": -0.037039, ""mean_return"": -0.041711, ""median_return"": -0.020144, ""pending_fdr"": false, ""permutation_p"": 1.0, ""sample_count"": 1398, ""std_return"": 0.177309, ""up_rate"": 0.429185, ""welch_p"": null}",,phase3d-experiments-v1
OOS3D--HYP-CON-BZ-HL-CAL-001--listing_open_v1,HYP-CON-BZ-HL-CAL-001,66939bbca70855226ceb2da52d6bbd6671d91113,phase3a_astockdata_cutoff_20260814,v2-phase3a,listing_open_v1,v1.1,cal-v1,phase3-oos-v1,2010-01-01..2018-12-31,2019-01-01..2022-12-31,2023-01-01..2026-08-14,20,20260918,2026-09-20T12:08:54,INCONCLUSIVE,True,"{""benchmark_code"": ""IDX000300"", ""birth_models"": [""listing_open_v1"", ""listing_close_v1"", ""ipo_approx_v1""], ""calibration_fit_hash"": ""7e9897570d3b5a28"", ""direction_source"": ""calibrated"", ""engines"": [""bazi"", ""huangli""], ""expected_direction"": ""positive"", ""gate_version"": ""phase3d-oos-gate-v1"", ""horizons"": [5, 10, 20, 60], ""logic"": ""all_positive"", ""methodology"": ""Phase 3D fixed holdout OOS pipeline"", ""permutation_draws"": 200, ""split_fingerprint"": ""6a059b3dbe54f22d""}","[""G5 未通过：OOS 效应只击败 1/5 类对照，结果不一致。""]","{""cohen_d"": -0.12664614979323896, ""event_count"": 285, ""excess_up_rate"": 0.394265, ""gate_version"": ""phase3d-oos-gate-v1"", ""mean_excess_return"": -0.045553, ""mean_return"": -0.058359, ""median_return"": -0.051948, ""pending_fdr"": false, ""permutation_p"": 0.9900497512437811, ""sample_count"": 279, ""std_return"": 0.168209, ""up_rate"": 0.383513, ""welch_p"": null}",,phase3d-experiments-v1
OOS3D--HYP-CON-BZ-HL-CAL-001--listing_close_v1,HYP-CON-BZ-HL-CAL-001,66939bbca70855226ceb2da52d6bbd6671d91113,phase3a_astockdata_cutoff_20260814,v2-phase3a,listing_close_v1,v1.1,cal-v1,phase3-oos-v1,2010-01-01..2018-12-31,2019-01-01..2022-12-31,2023-01-01..2026-08-14,20,20260918,2026-09-20T12:08:55,INCONCLUSIVE,True,"{""benchmark_code"": ""IDX000300"", ""birth_models"": [""listing_open_v1"", ""listing_close_v1"", ""ipo_approx_v1""], ""calibration_fit_hash"": ""7e9897570d3b5a28"", ""direction_source"": ""calibrated"", ""engines"": [""bazi"", ""huangli""], ""expected_direction"": ""positive"", ""gate_version"": ""phase3d-oos-gate-v1"", ""horizons"": [5, 10, 20, 60], ""logic"": ""all_positive"", ""methodology"": ""Phase 3D fixed holdout OOS pipeline"", ""permutation_draws"": 200, ""split_fingerprint"": ""6a059b3dbe54f22d""}","[""G5 未通过：OOS 效应只击败 4/5 类对照，结果不一致。""]","{""cohen_d"": -0.10607966519008911, ""event_count"": 257, ""excess_up_rate"": 0.38247, ""gate_version"": ""phase3d-oos-gate-v1"", ""mean_excess_return"": -0.04207, ""mean_return"": -0.04724, ""median_return"": -0.028302, ""pending_fdr"": false, ""permutation_p"": 0.9751243781094527, ""sample_count"": 251, ""std_return"": 0.194699, ""up_rate"": 0.398406, ""welch_p"": null}",,phase3d-experiments-v1
OOS3D--HYP-CON-BZ-HL-CAL-001--ipo_approx_v1,HYP-CON-BZ-HL-CAL-001,66939bbca70855226ceb2da52d6bbd6671d91113,phase3a_astockdata_cutoff_20260814,v2-phase3a,ipo_approx_v1,v1.1,cal-v1,phase3-oos-v1,2010-01-01..2018-12-31,2019-01-01..2022-12-31,2023-01-01..2026-08-14,20,20260918,2026-09-20T12:08:56,INCONCLUSIVE,True,"{""benchmark_code"": ""IDX000300"", ""birth_models"": [""listing_open_v1"", ""listing_close_v1"", ""ipo_approx_v1""], ""calibration_fit_hash"": ""7e9897570d3b5a28"", ""direction_source"": ""calibrated"", ""engines"": [""bazi"", ""huangli""], ""expected_direction"": ""positive"", ""gate_version"": ""phase3d-oos-gate-v1"", ""horizons"": [5, 10, 20, 60], ""logic"": ""all_positive"", ""methodology"": ""Phase 3D fixed holdout OOS pipeline"", ""permutation_draws"": 200, ""split_fingerprint"": ""6a059b3dbe54f22d""}","[""G5 未通过：OOS 效应只击败 4/5 类对照，结果不一致。""]","{""cohen_d"": -0.06273700402949214, ""event_count"": 284, ""excess_up_rate"": 0.407942, ""gate_version"": ""phase3d-oos-gate-v1"", ""mean_excess_return"": -0.034171, ""mean_return"": -0.042519, ""median_return"": -0.015595, ""pending_fdr"": false, ""permutation_p"": 0.8208955223880597, ""sample_count"": 277, ""std_return"": 0.180768, ""up_rate"": 0.440433, ""welch_p"": null}",,phase3d-experiments-v1
OOS3D--HYP-CON-ZW-HL-RAW-001--listing_open_v1,HYP-CON-ZW-HL-RAW-001,66939bbca70855226ceb2da52d6bbd6671d91113,phase3a_astockdata_cutoff_20260814,v2-phase3a,listing_open_v1,v1.1,cal-v1,phase3-oos-v1,2010-01-01..2018-12-31,2019-01-01..2022-12-31,2023-01-01..2026-08-14,20,20260918,2026-09-20T12:08:57,INCONCLUSIVE,True,"{""benchmark_code"": ""IDX000300"", ""birth_models"": [""listing_open_v1"", ""listing_close_v1"", ""ipo_approx_v1""], ""calibration_fit_hash"": ""7e9897570d3b5a28"", ""direction_source"": ""raw"", ""engines"": [""ziwei"", ""huangli""], ""expected_direction"": ""positive"", ""gate_version"": ""phase3d-oos-gate-v1"", ""horizons"": [5, 10, 20, 60], ""logic"": ""all_positive"", ""methodology"": ""Phase 3D fixed holdout OOS pipeline"", ""permutation_draws"": 200, ""split_fingerprint"": ""6a059b3dbe54f22d""}","[""G5 未通过：OOS 效应只击败 3/5 类对照，结果不一致。""]","{""cohen_d"": -0.05074966532716405, ""event_count"": 341, ""excess_up_rate"": 0.420732, ""gate_version"": ""phase3d-oos-gate-v1"", ""mean_excess_return"": -0.031995, ""mean_return"": -0.03975, ""median_return"": -0.026044, ""pending_fdr"": false, ""permutation_p"": 0.8805970149253731, ""sample_count"": 328, ""std_return"": 0.17568, ""up_rate"": 0.432927, ""welch_p"": null}",,phase3d-experiments-v1
OOS3D--HYP-CON-ZW-HL-RAW-001--listing_close_v1,HYP-CON-ZW-HL-RAW-001,66939bbca70855226ceb2da52d6bbd6671d91113,phase3a_astockdata_cutoff_20260814,v2-phase3a,listing_close_v1,v1.1,cal-v1,phase3-oos-v1,2010-01-01..2018-12-31,2019-01-01..2022-12-31,2023-01-01..2026-08-14,20,20260918,2026-09-20T12:08:58,INCONCLUSIVE,True,"{""benchmark_code"": ""IDX000300"", ""birth_models"": [""listing_open_v1"", ""listing_close_v1"", ""ipo_approx_v1""], ""calibration_fit_hash"": ""7e9897570d3b5a28"", ""direction_source"": ""raw"", ""engines"": [""ziwei"", ""huangli""], ""expected_direction"": ""positive"", ""gate_version"": ""phase3d-oos-gate-v1"", ""horizons"": [5, 10, 20, 60], ""logic"": ""all_positive"", ""methodology"": ""Phase 3D fixed holdout OOS pipeline"", ""permutation_draws"": 200, ""split_fingerprint"": ""6a059b3dbe54f22d""}","[""G5 未通过：OOS 效应只击败 1/5 类对照，结果不一致。""]","{""cohen_d"": -0.10480918789150874, ""event_count"": 453, ""excess_up_rate"": 0.422727, ""gate_version"": ""phase3d-oos-gate-v1"", ""mean_excess_return"": -0.041552, ""mean_return"": -0.045676, ""median_return"": -0.016092, ""pending_fdr"": false, ""permutation_p"": 0.9850746268656716, ""sample_count"": 440, ""std_return"": 0.164393, ""up_rate"": 0.434091, ""welch_p"": null}",,phase3d-experiments-v1
OOS3D--HYP-CON-ZW-HL-RAW-001--ipo_approx_v1,HYP-CON-ZW-HL-RAW-001,66939bbca70855226ceb2da52d6bbd6671d91113,phase3a_astockdata_cutoff_20260814,v2-phase3a,ipo_approx_v1,v1.1,cal-v1,phase3-oos-v1,2010-01-01..2018-12-31,2019-01-01..2022-12-31,2023-01-01..2026-08-14,20,20260918,2026-09-20T12:08:59,INCONCLUSIVE,True,"{""benchmark_code"": ""IDX000300"", ""birth_models"": [""listing_open_v1"", ""listing_close_v1"", ""ipo_approx_v1""], ""calibration_fit_hash"": ""7e9897570d3b5a28"", ""direction_source"": ""raw"", ""engines"": [""ziwei"", ""huangli""], ""expected_direction"": ""positive"", ""gate_version"": ""phase3d-oos-gate-v1"", ""horizons"": [5, 10, 20, 60], ""logic"": ""all_positive"", ""methodology"": ""Phase 3D fixed holdout OOS pipeline"", ""permutation_draws"": 200, ""split_fingerprint"": ""6a059b3dbe54f22d""}","[""G5 未通过：OOS 效应只击败 4/5 类对照，结果不一致。""]","{""cohen_d"": -0.019566879246417708, ""event_count"": 419, ""excess_up_rate"": 0.428218, ""gate_version"": ""phase3d-oos-gate-v1"", ""mean_excess_return"": -0.026396, ""mean_return"": -0.036578, ""median_return"": -0.021843, ""pending_fdr"": false, ""permutation_p"": 0.7313432835820896, ""sample_count"": 404, ""std_return"": 0.183295, ""up_rate"": 0.438119, ""welch_p"": null}",,phase3d-experiments-v1
OOS3D--HYP-CON-ZW-HL-CAL-001--listing_open_v1,HYP-CON-ZW-HL-CAL-001,66939bbca70855226ceb2da52d6bbd6671d91113,phase3a_astockdata_cutoff_20260814,v2-phase3a,listing_open_v1,v1.1,cal-v1,phase3-oos-v1,2010-01-01..2018-12-31,2019-01-01..2022-12-31,2023-01-01..2026-08-14,20,20260918,2026-09-20T12:09:00,INCONCLUSIVE,True,"{""benchmark_code"": ""IDX000300"", ""birth_models"": [""listing_open_v1"", ""listing_close_v1"", ""ipo_approx_v1""], ""calibration_fit_hash"": ""7e9897570d3b5a28"", ""direction_source"": ""calibrated"", ""engines"": [""ziwei"", ""huangli""], ""expected_direction"": ""positive"", ""gate_version"": ""phase3d-oos-gate-v1"", ""horizons"": [5, 10, 20, 60], ""logic"": ""all_positive"", ""methodology"": ""Phase 3D fixed holdout OOS pipeline"", ""permutation_draws"": 200, ""split_fingerprint"": ""6a059b3dbe54f22d""}","[""G5 未通过：OOS 效应只击败 4/5 类对照，结果不一致。""]","{""cohen_d"": -0.11034660753099233, ""event_count"": 179, ""excess_up_rate"": 0.360465, ""gate_version"": ""phase3d-oos-gate-v1"", ""mean_excess_return"": -0.04282, ""mean_return"": -0.051311, ""median_return"": -0.045821, ""pending_fdr"": false, ""permutation_p"": 0.9253731343283582, ""sample_count"": 172, ""std_return"": 0.187111, ""up_rate"": 0.395349, ""welch_p"": null}",,phase3d-experiments-v1
OOS3D--HYP-CON-ZW-HL-CAL-001--listing_close_v1,HYP-CON-ZW-HL-CAL-001,66939bbca70855226ceb2da52d6bbd6671d91113,phase3a_astockdata_cutoff_20260814,v2-phase3a,listing_close_v1,v1.1,cal-v1,phase3-oos-v1,2010-01-01..2018-12-31,2019-01-01..2022-12-31,2023-01-01..2026-08-14,20,20260918,2026-09-20T12:09:01,INCONCLUSIVE,True,"{""benchmark_code"": ""IDX000300"", ""birth_models"": [""listing_open_v1"", ""listing_close_v1"", ""ipo_approx_v1""], ""calibration_fit_hash"": ""7e9897570d3b5a28"", ""direction_source"": ""calibrated"", ""engines"": [""ziwei"", ""huangli""], ""expected_direction"": ""positive"", ""gate_version"": ""phase3d-oos-gate-v1"", ""horizons"": [5, 10, 20, 60], ""logic"": ""all_positive"", ""methodology"": ""Phase 3D fixed holdout OOS pipeline"", ""permutation_draws"": 200, ""split_fingerprint"": ""6a059b3dbe54f22d""}","[""G5 未通过：OOS 效应只击败 2/5 类对照，结果不一致。""]","{""cohen_d"": -0.1571727973748714, ""event_count"": 147, ""excess_up_rate"": 0.412587, ""gate_version"": ""phase3d-oos-gate-v1"", ""mean_excess_return"": -0.051226, ""mean_return"": -0.056278, ""median_return"": -0.017632, ""pending_fdr"": false, ""permutation_p"": 0.9651741293532339, ""sample_count"": 143, ""std_return"": 0.181684, ""up_rate"": 0.433566, ""welch_p"": null}",,phase3d-experiments-v1
OOS3D--HYP-CON-ZW-HL-CAL-001--ipo_approx_v1,HYP-CON-ZW-HL-CAL-001,66939bbca70855226ceb2da52d6bbd6671d91113,phase3a_astockdata_cutoff_20260814,v2-phase3a,ipo_approx_v1,v1.1,cal-v1,phase3-oos-v1,2010-01-01..2018-12-31,2019-01-01..2022-12-31,2023-01-01..2026-08-14,20,20260918,2026-09-20T12:09:02,INCONCLUSIVE,True,"{""benchmark_code"": ""IDX000300"", ""birth_models"": [""listing_open_v1"", ""listing_close_v1"", ""ipo_approx_v1""], ""calibration_fit_hash"": ""7e9897570d3b5a28"", ""direction_source"": ""calibrated"", ""engines"": [""ziwei"", ""huangli""], ""expected_direction"": ""positive"", ""gate_version"": ""phase3d-oos-gate-v1"", ""horizons"": [5, 10, 20, 60], ""logic"": ""all_positive"", ""methodology"": ""Phase 3D fixed holdout OOS pipeline"", ""permutation_draws"": 200, ""split_fingerprint"": ""6a059b3dbe54f22d""}","[""G5 未通过：OOS 效应只击败 1/5 类对照，结果不一致。""]","{""cohen_d"": -0.14604811834037368, ""event_count"": 206, ""excess_up_rate"": 0.415, ""gate_version"": ""phase3d-oos-gate-v1"", ""mean_excess_return"": -0.049144, ""mean_return"": -0.056512, ""median_return"": -0.026564, ""pending_fdr"": false, ""permutation_p"": 0.9701492537313433, ""sample_count"": 200, ""std_return"": 0.176087, ""up_rate"": 0.445, ""welch_p"": null}",,phase3d-experiments-v1
OOS3D--HYP-CON-ALL3-RAW-001--listing_open_v1,HYP-CON-ALL3-RAW-001,66939bbca70855226ceb2da52d6bbd6671d91113,phase3a_astockdata_cutoff_20260814,v2-phase3a,listing_open_v1,v1.1,cal-v1,phase3-oos-v1,2010-01-01..2018-12-31,2019-01-01..2022-12-31,2023-01-01..2026-08-14,20,20260918,2026-09-20T12:09:03,INCONCLUSIVE,True,"{""benchmark_code"": ""IDX000300"", ""birth_models"": [""listing_open_v1"", ""listing_close_v1"", ""ipo_approx_v1""], ""calibration_fit_hash"": ""7e9897570d3b5a28"", ""direction_source"": ""raw"", ""engines"": [""bazi"", ""ziwei"", ""huangli""], ""expected_direction"": ""positive"", ""gate_version"": ""phase3d-oos-gate-v1"", ""horizons"": [5, 10, 20, 60], ""logic"": ""all_positive"", ""methodology"": ""Phase 3D fixed holdout OOS pipeline"", ""permutation_draws"": 200, ""split_fingerprint"": ""6a059b3dbe54f22d""}","[""G5 未通过：OOS 效应只击败 3/5 类对照，结果不一致。""]","{""cohen_d"": -0.04881983421934029, ""event_count"": 333, ""excess_up_rate"": 0.41875, ""gate_version"": ""phase3d-oos-gate-v1"", ""mean_excess_return"": -0.031651, ""mean_return"": -0.039653, ""median_return"": -0.026044, ""pending_fdr"": false, ""permutation_p"": 0.7810945273631841, ""sample_count"": 320, ""std_return"": 0.176454, ""up_rate"": 0.43125, ""welch_p"": null}",,phase3d-experiments-v1
OOS3D--HYP-CON-ALL3-RAW-001--listing_close_v1,HYP-CON-ALL3-RAW-001,66939bbca70855226ceb2da52d6bbd6671d91113,phase3a_astockdata_cutoff_20260814,v2-phase3a,listing_close_v1,v1.1,cal-v1,phase3-oos-v1,2010-01-01..2018-12-31,2019-01-01..2022-12-31,2023-01-01..2026-08-14,20,20260918,2026-09-20T12:09:04,INCONCLUSIVE,True,"{""benchmark_code"": ""IDX000300"", ""birth_models"": [""listing_open_v1"", ""listing_close_v1"", ""ipo_approx_v1""], ""calibration_fit_hash"": ""7e9897570d3b5a28"", ""direction_source"": ""raw"", ""engines"": [""bazi"", ""ziwei"", ""huangli""], ""expected_direction"": ""positive"", ""gate_version"": ""phase3d-oos-gate-v1"", ""horizons"": [5, 10, 20, 60], ""logic"": ""all_positive"", ""methodology"": ""Phase 3D fixed holdout OOS pipeline"", ""permutation_draws"": 200, ""split_fingerprint"": ""6a059b3dbe54f22d""}","[""G5 未通过：OOS 效应只击败 1/5 类对照，结果不一致。""]","{""cohen_d"": -0.08897871222563915, ""event_count"": 439, ""excess_up_rate"": 0.428571, ""gate_version"": ""phase3d-oos-gate-v1"", ""mean_excess_return"": -0.038707, ""mean_return"": -0.042757, ""median_return"": -0.013115, ""pending_fdr"": false, ""permutation_p"": 0.9850746268656716, ""sample_count"": 427, ""std_return"": 0.160333, ""up_rate"": 0.442623, ""welch_p"": null}",,phase3d-experiments-v1
OOS3D--HYP-CON-ALL3-RAW-001--ipo_approx_v1,HYP-CON-ALL3-RAW-001,66939bbca70855226ceb2da52d6bbd6671d91113,phase3a_astockdata_cutoff_20260814,v2-phase3a,ipo_approx_v1,v1.1,cal-v1,phase3-oos-v1,2010-01-01..2018-12-31,2019-01-01..2022-12-31,2023-01-01..2026-08-14,20,20260918,2026-09-20T12:09:06,INCONCLUSIVE,True,"{""benchmark_code"": ""IDX000300"", ""birth_models"": [""listing_open_v1"", ""listing_close_v1"", ""ipo_approx_v1""], ""calibration_fit_hash"": ""7e9897570d3b5a28"", ""direction_source"": ""raw"", ""engines"": [""bazi"", ""ziwei"", ""huangli""], ""expected_direction"": ""positive"", ""gate_version"": ""phase3d-oos-gate-v1"", ""horizons"": [5, 10, 20, 60], ""logic"": ""all_positive"", ""methodology"": ""Phase 3D fixed holdout OOS pipeline"", ""permutation_draws"": 200, ""split_fingerprint"": ""6a059b3dbe54f22d""}","[""G5 未通过：OOS 效应只击败 4/5 类对照，结果不一致。""]","{""cohen_d"": -0.007592119897668134, ""event_count"": 403, ""excess_up_rate"": 0.427835, ""gate_version"": ""phase3d-oos-gate-v1"", ""mean_excess_return"": -0.024231, ""mean_return"": -0.034001, ""median_return"": -0.020653, ""pending_fdr"": false, ""permutation_p"": 0.6169154228855721, ""sample_count"": 388, ""std_return"": 0.179893, ""up_rate"": 0.440722, ""welch_p"": null}",,phase3d-experiments-v1
OOS3D--HYP-CON-ALL3-CAL-001--listing_open_v1,HYP-CON-ALL3-CAL-001,66939bbca70855226ceb2da52d6bbd6671d91113,phase3a_astockdata_cutoff_20260814,v2-phase3a,listing_open_v1,v1.1,cal-v1,phase3-oos-v1,2010-01-01..2018-12-31,2019-01-01..2022-12-31,2023-01-01..2026-08-14,20,20260918,2026-09-20T12:09:07,INSUFFICIENT_SAMPLE,True,"{""benchmark_code"": ""IDX000300"", ""birth_models"": [""listing_open_v1"", ""listing_close_v1"", ""ipo_approx_v1""], ""calibration_fit_hash"": ""7e9897570d3b5a28"", ""direction_source"": ""calibrated"", ""engines"": [""bazi"", ""ziwei"", ""huangli""], ""expected_direction"": ""positive"", ""gate_version"": ""phase3d-oos-gate-v1"", ""horizons"": [5, 10, 20, 60], ""logic"": ""all_positive"", ""methodology"": ""Phase 3D fixed holdout OOS pipeline"", ""permutation_draws"": 200, ""split_fingerprint"": ""6a059b3dbe54f22d""}","[""G2 未通过：OOS 事件 66，主持有期有效样本 64，低于预注册下限 100。""]","{""cohen_d"": -0.2659348351871323, ""event_count"": 66, ""excess_up_rate"": 0.359375, ""gate_version"": ""phase3d-oos-gate-v1"", ""mean_excess_return"": -0.070961, ""mean_return"": -0.081898, ""median_return"": -0.080822, ""pending_fdr"": false, ""permutation_p"": 0.9651741293532339, ""sample_count"": 64, ""std_return"": 0.200089, ""up_rate"": 0.40625, ""welch_p"": null}",,phase3d-experiments-v1
OOS3D--HYP-CON-ALL3-CAL-001--listing_close_v1,HYP-CON-ALL3-CAL-001,66939bbca70855226ceb2da52d6bbd6671d91113,phase3a_astockdata_cutoff_20260814,v2-phase3a,listing_close_v1,v1.1,cal-v1,phase3-oos-v1,2010-01-01..2018-12-31,2019-01-01..2022-12-31,2023-01-01..2026-08-14,20,20260918,2026-09-20T12:09:08,INSUFFICIENT_SAMPLE,True,"{""benchmark_code"": ""IDX000300"", ""birth_models"": [""listing_open_v1"", ""listing_close_v1"", ""ipo_approx_v1""], ""calibration_fit_hash"": ""7e9897570d3b5a28"", ""direction_source"": ""calibrated"", ""engines"": [""bazi"", ""ziwei"", ""huangli""], ""expected_direction"": ""positive"", ""gate_version"": ""phase3d-oos-gate-v1"", ""horizons"": [5, 10, 20, 60], ""logic"": ""all_positive"", ""methodology"": ""Phase 3D fixed holdout OOS pipeline"", ""permutation_draws"": 200, ""split_fingerprint"": ""6a059b3dbe54f22d""}","[""G2 未通过：OOS 事件 41，主持有期有效样本 40，低于预注册下限 100。""]","{""cohen_d"": -0.15685315344585807, ""event_count"": 41, ""excess_up_rate"": 0.425, ""gate_version"": ""phase3d-oos-gate-v1"", ""mean_excess_return"": -0.051261, ""mean_return"": -0.05876, ""median_return"": -0.030851, ""pending_fdr"": false, ""permutation_p"": 0.8606965174129353, ""sample_count"": 40, ""std_return"": 0.229558, ""up_rate"": 0.375, ""welch_p"": null}",,phase3d-experiments-v1
OOS3D--HYP-CON-ALL3-CAL-001--ipo_approx_v1,HYP-CON-ALL3-CAL-001,66939bbca70855226ceb2da52d6bbd6671d91113,phase3a_astockdata_cutoff_20260814,v2-phase3a,ipo_approx_v1,v1.1,cal-v1,phase3-oos-v1,2010-01-01..2018-12-31,2019-01-01..2022-12-31,2023-01-01..2026-08-14,20,20260918,2026-09-20T12:09:09,INSUFFICIENT_SAMPLE,True,"{""benchmark_code"": ""IDX000300"", ""birth_models"": [""listing_open_v1"", ""listing_close_v1"", ""ipo_approx_v1""], ""calibration_fit_hash"": ""7e9897570d3b5a28"", ""direction_source"": ""calibrated"", ""engines"": [""bazi"", ""ziwei"", ""huangli""], ""expected_direction"": ""positive"", ""gate_version"": ""phase3d-oos-gate-v1"", ""horizons"": [5, 10, 20, 60], ""logic"": ""all_positive"", ""methodology"": ""Phase 3D fixed holdout OOS pipeline"", ""permutation_draws"": 200, ""split_fingerprint"": ""6a059b3dbe54f22d""}","[""G2 未通过：OOS 事件 71，主持有期有效样本 69，低于预注册下限 100。""]","{""cohen_d"": 0.07693235000858602, ""event_count"": 71, ""excess_up_rate"": 0.507246, ""gate_version"": ""phase3d-oos-gate-v1"", ""mean_excess_return"": -0.009013, ""mean_return"": -0.013126, ""median_return"": 0.011504, ""pending_fdr"": false, ""permutation_p"": 0.24378109452736318, ""sample_count"": 69, ""std_return"": 0.167133, ""up_rate"": 0.608696, ""welch_p"": null}",,phase3d-experiments-v1
OOS3D--HYP-CFL-BZ-POS-ZW-NEG-CAL-001--listing_open_v1,HYP-CFL-BZ-POS-ZW-NEG-CAL-001,66939bbca70855226ceb2da52d6bbd6671d91113,phase3a_astockdata_cutoff_20260814,v2-phase3a,listing_open_v1,v1.1,cal-v1,phase3-oos-v1,2010-01-01..2018-12-31,2019-01-01..2022-12-31,2023-01-01..2026-08-14,20,20260918,2026-09-20T12:09:10,EXPLORATORY_NOT_GATED,True,"{""benchmark_code"": ""IDX000300"", ""birth_models"": [""listing_open_v1"", ""listing_close_v1"", ""ipo_approx_v1""], ""calibration_fit_hash"": ""7e9897570d3b5a28"", ""direction_source"": ""calibrated"", ""engines"": [""bazi"", ""ziwei""], ""expected_direction"": ""exploratory"", ""gate_version"": """", ""horizons"": [5, 10, 20, 60], ""logic"": ""conflict"", ""methodology"": ""Phase 3D fixed holdout OOS pipeline"", ""permutation_draws"": 200, ""split_fingerprint"": ""6a059b3dbe54f22d""}",[],"{""cohen_d"": null, ""event_count"": 200, ""excess_up_rate"": 0.395722, ""gate_version"": """", ""mean_excess_return"": -0.034025, ""mean_return"": -0.033266, ""median_return"": -0.02139, ""pending_fdr"": null, ""permutation_p"": 0.8308457711442786, ""sample_count"": 187, ""std_return"": 0.19659, ""up_rate"": 0.433155, ""welch_p"": null}",,phase3d-experiments-v1
OOS3D--HYP-CFL-BZ-POS-ZW-NEG-CAL-001--listing_close_v1,HYP-CFL-BZ-POS-ZW-NEG-CAL-001,66939bbca70855226ceb2da52d6bbd6671d91113,phase3a_astockdata_cutoff_20260814,v2-phase3a,listing_close_v1,v1.1,cal-v1,phase3-oos-v1,2010-01-01..2018-12-31,2019-01-01..2022-12-31,2023-01-01..2026-08-14,20,20260918,2026-09-20T12:09:11,EXPLORATORY_NOT_GATED,True,"{""benchmark_code"": ""IDX000300"", ""birth_models"": [""listing_open_v1"", ""listing_close_v1"", ""ipo_approx_v1""], ""calibration_fit_hash"": ""7e9897570d3b5a28"", ""direction_source"": ""calibrated"", ""engines"": [""bazi"", ""ziwei""], ""expected_direction"": ""exploratory"", ""gate_version"": """", ""horizons"": [5, 10, 20, 60], ""logic"": ""conflict"", ""methodology"": ""Phase 3D fixed holdout OOS pipeline"", ""permutation_draws"": 200, ""split_fingerprint"": ""6a059b3dbe54f22d""}",[],"{""cohen_d"": null, ""event_count"": 246, ""excess_up_rate"": 0.45815, ""gate_version"": """", ""mean_excess_return"": -0.020097, ""mean_return"": -0.017083, ""median_return"": -0.00659, ""pending_fdr"": null, ""permutation_p"": 0.38308457711442784, ""sample_count"": 227, ""std_return"": 0.205535, ""up_rate"": 0.46696, ""welch_p"": null}",,phase3d-experiments-v1
OOS3D--HYP-CFL-BZ-POS-ZW-NEG-CAL-001--ipo_approx_v1,HYP-CFL-BZ-POS-ZW-NEG-CAL-001,66939bbca70855226ceb2da52d6bbd6671d91113,phase3a_astockdata_cutoff_20260814,v2-phase3a,ipo_approx_v1,v1.1,cal-v1,phase3-oos-v1,2010-01-01..2018-12-31,2019-01-01..2022-12-31,2023-01-01..2026-08-14,20,20260918,2026-09-20T12:09:12,EXPLORATORY_NOT_GATED,True,"{""benchmark_code"": ""IDX000300"", ""birth_models"": [""listing_open_v1"", ""listing_close_v1"", ""ipo_approx_v1""], ""calibration_fit_hash"": ""7e9897570d3b5a28"", ""direction_source"": ""calibrated"", ""engines"": [""bazi"", ""ziwei""], ""expected_direction"": ""exploratory"", ""gate_version"": """", ""horizons"": [5, 10, 20, 60], ""logic"": ""conflict"", ""methodology"": ""Phase 3D fixed holdout OOS pipeline"", ""permutation_draws"": 200, ""split_fingerprint"": ""6a059b3dbe54f22d""}",[],"{""cohen_d"": null, ""event_count"": 233, ""excess_up_rate"": 0.373832, ""gate_version"": """", ""mean_excess_return"": -0.038209, ""mean_return"": -0.035869, ""median_return"": -0.009535, ""pending_fdr"": null, ""permutation_p"": 0.9054726368159204, ""sample_count"": 214, ""std_return"": 0.15283, ""up_rate"": 0.439252, ""welch_p"": null}",,phase3d-experiments-v1
OOS3D--HYP-CFL-BZ-NEG-ZW-POS-CAL-001--listing_open_v1,HYP-CFL-BZ-NEG-ZW-POS-CAL-001,66939bbca70855226ceb2da52d6bbd6671d91113,phase3a_astockdata_cutoff_20260814,v2-phase3a,listing_open_v1,v1.1,cal-v1,phase3-oos-v1,2010-01-01..2018-12-31,2019-01-01..2022-12-31,2023-01-01..2026-08-14,20,20260918,2026-09-20T12:09:14,EXPLORATORY_NOT_GATED,True,"{""benchmark_code"": ""IDX000300"", ""birth_models"": [""listing_open_v1"", ""listing_close_v1"", ""ipo_approx_v1""], ""calibration_fit_hash"": ""7e9897570d3b5a28"", ""direction_source"": ""calibrated"", ""engines"": [""bazi"", ""ziwei""], ""expected_direction"": ""exploratory"", ""gate_version"": """", ""horizons"": [5, 10, 20, 60], ""logic"": ""conflict"", ""methodology"": ""Phase 3D fixed holdout OOS pipeline"", ""permutation_draws"": 200, ""split_fingerprint"": ""6a059b3dbe54f22d""}",[],"{""cohen_d"": null, ""event_count"": 181, ""excess_up_rate"": 0.485207, ""gate_version"": """", ""mean_excess_return"": -0.01433, ""mean_return"": -0.019649, ""median_return"": 0.002245, ""pending_fdr"": null, ""permutation_p"": 0.23880597014925373, ""sample_count"": 169, ""std_return"": 0.155147, ""up_rate"": 0.508876, ""welch_p"": null}",,phase3d-experiments-v1
OOS3D--HYP-CFL-BZ-NEG-ZW-POS-CAL-001--listing_close_v1,HYP-CFL-BZ-NEG-ZW-POS-CAL-001,66939bbca70855226ceb2da52d6bbd6671d91113,phase3a_astockdata_cutoff_20260814,v2-phase3a,listing_close_v1,v1.1,cal-v1,phase3-oos-v1,2010-01-01..2018-12-31,2019-01-01..2022-12-31,2023-01-01..2026-08-14,20,20260918,2026-09-20T12:09:15,EXPLORATORY_NOT_GATED,True,"{""benchmark_code"": ""IDX000300"", ""birth_models"": [""listing_open_v1"", ""listing_close_v1"", ""ipo_approx_v1""], ""calibration_fit_hash"": ""7e9897570d3b5a28"", ""direction_source"": ""calibrated"", ""engines"": [""bazi"", ""ziwei""], ""expected_direction"": ""exploratory"", ""gate_version"": """", ""horizons"": [5, 10, 20, 60], ""logic"": ""conflict"", ""methodology"": ""Phase 3D fixed holdout OOS pipeline"", ""permutation_draws"": 200, ""split_fingerprint"": ""6a059b3dbe54f22d""}",[],"{""cohen_d"": null, ""event_count"": 221, ""excess_up_rate"": 0.43, ""gate_version"": """", ""mean_excess_return"": -0.031055, ""mean_return"": -0.030659, ""median_return"": -0.010577, ""pending_fdr"": null, ""permutation_p"": 0.7064676616915423, ""sample_count"": 200, ""std_return"": 0.151223, ""up_rate"": 0.44, ""welch_p"": null}",,phase3d-experiments-v1
OOS3D--HYP-CFL-BZ-NEG-ZW-POS-CAL-001--ipo_approx_v1,HYP-CFL-BZ-NEG-ZW-POS-CAL-001,66939bbca70855226ceb2da52d6bbd6671d91113,phase3a_astockdata_cutoff_20260814,v2-phase3a,ipo_approx_v1,v1.1,cal-v1,phase3-oos-v1,2010-01-01..2018-12-31,2019-01-01..2022-12-31,2023-01-01..2026-08-14,20,20260918,2026-09-20T12:09:16,EXPLORATORY_NOT_GATED,True,"{""benchmark_code"": ""IDX000300"", ""birth_models"": [""listing_open_v1"", ""listing_close_v1"", ""ipo_approx_v1""], ""calibration_fit_hash"": ""7e9897570d3b5a28"", ""direction_source"": ""calibrated"", ""engines"": [""bazi"", ""ziwei""], ""expected_direction"": ""exploratory"", ""gate_version"": """", ""horizons"": [5, 10, 20, 60], ""logic"": ""conflict"", ""methodology"": ""Phase 3D fixed holdout OOS pipeline"", ""permutation_draws"": 200, ""split_fingerprint"": ""6a059b3dbe54f22d""}",[],"{""cohen_d"": null, ""event_count"": 235, ""excess_up_rate"": 0.447489, ""gate_version"": """", ""mean_excess_return"": -0.030461, ""mean_return"": -0.040046, ""median_return"": -0.018576, ""pending_fdr"": null, ""permutation_p"": 0.7064676616915423, ""sample_count"": 219, ""std_return"": 0.209479, ""up_rate"": 0.424658, ""welch_p"": null}",,phase3d-experiments-v1
OOS3D--HYP-CFL-BZ-POS-HL-NEG-CAL-001--listing_open_v1,HYP-CFL-BZ-POS-HL-NEG-CAL-001,66939bbca70855226ceb2da52d6bbd6671d91113,phase3a_astockdata_cutoff_20260814,v2-phase3a,listing_open_v1,v1.1,cal-v1,phase3-oos-v1,2010-01-01..2018-12-31,2019-01-01..2022-12-31,2023-01-01..2026-08-14,20,20260918,2026-09-20T12:09:16,EXPLORATORY_NOT_GATED,True,"{""benchmark_code"": ""IDX000300"", ""birth_models"": [""listing_open_v1"", ""listing_close_v1"", ""ipo_approx_v1""], ""calibration_fit_hash"": ""7e9897570d3b5a28"", ""direction_source"": ""calibrated"", ""engines"": [""bazi"", ""huangli""], ""expected_direction"": ""exploratory"", ""gate_version"": """", ""horizons"": [5, 10, 20, 60], ""logic"": ""conflict"", ""methodology"": ""Phase 3D fixed holdout OOS pipeline"", ""permutation_draws"": 200, ""split_fingerprint"": ""6a059b3dbe54f22d""}",[],"{""cohen_d"": null, ""event_count"": 199, ""excess_up_rate"": 0.465909, ""gate_version"": """", ""mean_excess_return"": -0.010748, ""mean_return"": 0.007346, ""median_return"": 0.019117, ""pending_fdr"": null, ""permutation_p"": 0.24378109452736318, ""sample_count"": 176, ""std_return"": 0.162045, ""up_rate"": 0.590909, ""welch_p"": null}",,phase3d-experiments-v1
OOS3D--HYP-CFL-BZ-POS-HL-NEG-CAL-001--listing_close_v1,HYP-CFL-BZ-POS-HL-NEG-CAL-001,66939bbca70855226ceb2da52d6bbd6671d91113,phase3a_astockdata_cutoff_20260814,v2-phase3a,listing_close_v1,v1.1,cal-v1,phase3-oos-v1,2010-01-01..2018-12-31,2019-01-01..2022-12-31,2023-01-01..2026-08-14,20,20260918,2026-09-20T12:09:17,EXPLORATORY_NOT_GATED,True,"{""benchmark_code"": ""IDX000300"", ""birth_models"": [""listing_open_v1"", ""listing_close_v1"", ""ipo_approx_v1""], ""calibration_fit_hash"": ""7e9897570d3b5a28"", ""direction_source"": ""calibrated"", ""engines"": [""bazi"", ""huangli""], ""expected_direction"": ""exploratory"", ""gate_version"": """", ""horizons"": [5, 10, 20, 60], ""logic"": ""conflict"", ""methodology"": ""Phase 3D fixed holdout OOS pipeline"", ""permutation_draws"": 200, ""split_fingerprint"": ""6a059b3dbe54f22d""}",[],"{""cohen_d"": null, ""event_count"": 179, ""excess_up_rate"": 0.469799, ""gate_version"": """", ""mean_excess_return"": -0.008915, ""mean_return"": 0.006451, ""median_return"": 0.025126, ""pending_fdr"": null, ""permutation_p"": 0.21393034825870647, ""sample_count"": 149, ""std_return"": 0.181195, ""up_rate"": 0.577181, ""welch_p"": null}",,phase3d-experiments-v1
OOS3D--HYP-CFL-BZ-POS-HL-NEG-CAL-001--ipo_approx_v1,HYP-CFL-BZ-POS-HL-NEG-CAL-001,66939bbca70855226ceb2da52d6bbd6671d91113,phase3a_astockdata_cutoff_20260814,v2-phase3a,ipo_approx_v1,v1.1,cal-v1,phase3-oos-v1,2010-01-01..2018-12-31,2019-01-01..2022-12-31,2023-01-01..2026-08-14,20,20260918,2026-09-20T12:09:18,EXPLORATORY_NOT_GATED,True,"{""benchmark_code"": ""IDX000300"", ""birth_models"": [""listing_open_v1"", ""listing_close_v1"", ""ipo_approx_v1""], ""calibration_fit_hash"": ""7e9897570d3b5a28"", ""direction_source"": ""calibrated"", ""engines"": [""bazi"", ""huangli""], ""expected_direction"": ""exploratory"", ""gate_version"": """", ""horizons"": [5, 10, 20, 60], ""logic"": ""conflict"", ""methodology"": ""Phase 3D fixed holdout OOS pipeline"", ""permutation_draws"": 200, ""split_fingerprint"": ""6a059b3dbe54f22d""}",[],"{""cohen_d"": null, ""event_count"": 173, ""excess_up_rate"": 0.445205, ""gate_version"": """", ""mean_excess_return"": -0.006016, ""mean_return"": 0.011528, ""median_return"": 0.019065, ""pending_fdr"": null, ""permutation_p"": 0.1044776119402985, ""sample_count"": 146, ""std_return"": 0.201319, ""up_rate"": 0.589041, ""welch_p"": null}",,phase3d-experiments-v1
OOS3D--HYP-CFL-ZW-POS-HL-NEG-CAL-001--listing_open_v1,HYP-CFL-ZW-POS-HL-NEG-CAL-001,66939bbca70855226ceb2da52d6bbd6671d91113,phase3a_astockdata_cutoff_20260814,v2-phase3a,listing_open_v1,v1.1,cal-v1,phase3-oos-v1,2010-01-01..2018-12-31,2019-01-01..2022-12-31,2023-01-01..2026-08-14,20,20260918,2026-09-20T12:09:19,EXPLORATORY_NOT_GATED,True,"{""benchmark_code"": ""IDX000300"", ""birth_models"": [""listing_open_v1"", ""listing_close_v1"", ""ipo_approx_v1""], ""calibration_fit_hash"": ""7e9897570d3b5a28"", ""direction_source"": ""calibrated"", ""engines"": [""ziwei"", ""huangli""], ""expected_direction"": ""exploratory"", ""gate_version"": """", ""horizons"": [5, 10, 20, 60], ""logic"": ""conflict"", ""methodology"": ""Phase 3D fixed holdout OOS pipeline"", ""permutation_draws"": 200, ""split_fingerprint"": ""6a059b3dbe54f22d""}",[],"{""cohen_d"": null, ""event_count"": 245, ""excess_up_rate"": 0.460829, ""gate_version"": """", ""mean_excess_return"": -0.009189, ""mean_return"": -0.004268, ""median_return"": 0.00798, ""pending_fdr"": null, ""permutation_p"": 0.15920398009950248, ""sample_count"": 217, ""std_return"": 0.174805, ""up_rate"": 0.534562, ""welch_p"": null}",,phase3d-experiments-v1
OOS3D--HYP-CFL-ZW-POS-HL-NEG-CAL-001--listing_close_v1,HYP-CFL-ZW-POS-HL-NEG-CAL-001,66939bbca70855226ceb2da52d6bbd6671d91113,phase3a_astockdata_cutoff_20260814,v2-phase3a,listing_close_v1,v1.1,cal-v1,phase3-oos-v1,2010-01-01..2018-12-31,2019-01-01..2022-12-31,2023-01-01..2026-08-14,20,20260918,2026-09-20T12:09:19,EXPLORATORY_NOT_GATED,True,"{""benchmark_code"": ""IDX000300"", ""birth_models"": [""listing_open_v1"", ""listing_close_v1"", ""ipo_approx_v1""], ""calibration_fit_hash"": ""7e9897570d3b5a28"", ""direction_source"": ""calibrated"", ""engines"": [""ziwei"", ""huangli""], ""expected_direction"": ""exploratory"", ""gate_version"": """", ""horizons"": [5, 10, 20, 60], ""logic"": ""conflict"", ""methodology"": ""Phase 3D fixed holdout OOS pipeline"", ""permutation_draws"": 200, ""split_fingerprint"": ""6a059b3dbe54f22d""}",[],"{""cohen_d"": null, ""event_count"": 233, ""excess_up_rate"": 0.491713, ""gate_version"": """", ""mean_excess_return"": 0.002398, ""mean_return"": 0.003124, ""median_return"": 0.004717, ""pending_fdr"": null, ""permutation_p"": 0.024875621890547265, ""sample_count"": 181, ""std_return"": 0.176922, ""up_rate"": 0.513812, ""welch_p"": null}",,phase3d-experiments-v1
OOS3D--HYP-CFL-ZW-POS-HL-NEG-CAL-001--ipo_approx_v1,HYP-CFL-ZW-POS-HL-NEG-CAL-001,66939bbca70855226ceb2da52d6bbd6671d91113,phase3a_astockdata_cutoff_20260814,v2-phase3a,ipo_approx_v1,v1.1,cal-v1,phase3-oos-v1,2010-01-01..2018-12-31,2019-01-01..2022-12-31,2023-01-01..2026-08-14,20,20260918,2026-09-20T12:09:20,EXPLORATORY_NOT_GATED,True,"{""benchmark_code"": ""IDX000300"", ""birth_models"": [""listing_open_v1"", ""listing_close_v1"", ""ipo_approx_v1""], ""calibration_fit_hash"": ""7e9897570d3b5a28"", ""direction_source"": ""calibrated"", ""engines"": [""ziwei"", ""huangli""], ""expected_direction"": ""exploratory"", ""gate_version"": """", ""horizons"": [5, 10, 20, 60], ""logic"": ""conflict"", ""methodology"": ""Phase 3D fixed holdout OOS pipeline"", ""permutation_draws"": 200, ""split_fingerprint"": ""6a059b3dbe54f22d""}",[],"{""cohen_d"": null, ""event_count"": 267, ""excess_up_rate"": 0.421941, ""gate_version"": """", ""mean_excess_return"": -0.015318, ""mean_return"": -0.012288, ""median_return"": -0.01078, ""pending_fdr"": null, ""permutation_p"": 0.263681592039801, ""sample_count"": 237, ""std_return"": 0.158812, ""up_rate"": 0.459916, ""welch_p"": null}",,phase3d-experiments-v1
