hypothesis_id,birth_model,rank_within_experiment,stock_code,event_count,sum_excess_return,mean_excess_return,abs_mass_share,share_of_total
HYP-BZ-RAW-001,listing_open_v1,1,300280,10,-2.879456,-0.287946,0.020173,0.042906
HYP-BZ-RAW-001,listing_open_v1,2,300344,13,1.984555,0.152658,0.013903,-0.029571
HYP-BZ-RAW-001,listing_open_v1,3,600421,14,-1.833748,-0.130982,0.012847,0.027324
HYP-BZ-RAW-001,listing_open_v1,4,002336,9,-1.776314,-0.197368,0.012445,0.026468
HYP-BZ-RAW-001,listing_open_v1,5,300282,5,-1.737696,-0.347539,0.012174,0.025893
HYP-BZ-RAW-001,listing_open_v1,6,600766,6,-1.710312,-0.285052,0.011982,0.025485
HYP-BZ-RAW-001,listing_open_v1,7,688287,14,-1.662609,-0.118758,0.011648,0.024774
HYP-BZ-RAW-001,listing_open_v1,8,002087,6,-1.477353,-0.246225,0.01035,0.022014
HYP-BZ-RAW-001,listing_open_v1,9,002433,6,-1.476646,-0.246108,0.010345,0.022003
HYP-BZ-RAW-001,listing_open_v1,10,300630,9,-1.448687,-0.160965,0.010149,0.021587
HYP-BZ-RAW-001,listing_open_v1,11,603133,6,-1.405002,-0.234167,0.009843,0.020936
HYP-BZ-RAW-001,listing_open_v1,12,600599,14,-1.387514,-0.099108,0.009721,0.020675
HYP-BZ-RAW-001,listing_open_v1,13,600804,7,-1.381908,-0.197415,0.009681,0.020592
HYP-BZ-RAW-001,listing_open_v1,14,603388,12,-1.306745,-0.108895,0.009155,0.019472
HYP-BZ-RAW-001,listing_open_v1,15,600462,7,-1.289516,-0.184217,0.009034,0.019215
HYP-BZ-RAW-001,listing_open_v1,16,605081,13,-1.200695,-0.092361,0.008412,0.017891
HYP-BZ-RAW-001,listing_open_v1,17,600777,15,1.196204,0.079747,0.00838,-0.017824
HYP-BZ-RAW-001,listing_open_v1,18,300108,8,1.182103,0.147763,0.008282,-0.017614
HYP-BZ-RAW-001,listing_open_v1,19,300799,6,-1.163428,-0.193905,0.008151,0.017336
HYP-BZ-RAW-001,listing_open_v1,20,002781,2,-1.162071,-0.581036,0.008141,0.017316
HYP-BZ-RAW-001,listing_close_v1,1,300280,10,-2.879456,-0.287946,0.020755,0.044633
HYP-BZ-RAW-001,listing_close_v1,2,300344,13,1.984555,0.152658,0.014305,-0.030762
HYP-BZ-RAW-001,listing_close_v1,3,600421,13,-1.878725,-0.144517,0.013542,0.029121
HYP-BZ-RAW-001,listing_close_v1,4,300282,5,-1.737696,-0.347539,0.012526,0.026935
HYP-BZ-RAW-001,listing_close_v1,5,600766,6,-1.710312,-0.285052,0.012328,0.026511
HYP-BZ-RAW-001,listing_close_v1,6,688287,14,-1.662609,-0.118758,0.011984,0.025771
HYP-BZ-RAW-001,listing_close_v1,7,002087,6,-1.477353,-0.246225,0.010649,0.0229
HYP-BZ-RAW-001,listing_close_v1,8,002336,10,-1.453587,-0.145359,0.010478,0.022531
HYP-BZ-RAW-001,listing_close_v1,9,603133,6,-1.405002,-0.234167,0.010127,0.021778
HYP-BZ-RAW-001,listing_close_v1,10,600599,14,-1.387514,-0.099108,0.010001,0.021507
HYP-BZ-RAW-001,listing_close_v1,11,600804,7,-1.381908,-0.197415,0.009961,0.02142
HYP-BZ-RAW-001,listing_close_v1,12,603388,12,-1.306745,-0.108895,0.009419,0.020255
HYP-BZ-RAW-001,listing_close_v1,13,300630,8,-1.289533,-0.161192,0.009295,0.019988
HYP-BZ-RAW-001,listing_close_v1,14,600462,6,-1.22809,-0.204682,0.008852,0.019036
HYP-BZ-RAW-001,listing_close_v1,15,605081,12,-1.215549,-0.101296,0.008762,0.018842
HYP-BZ-RAW-001,listing_close_v1,16,600777,15,1.196204,0.079747,0.008622,-0.018542
HYP-BZ-RAW-001,listing_close_v1,17,002781,2,-1.162071,-0.581036,0.008376,0.018013
HYP-BZ-RAW-001,listing_close_v1,18,300068,15,-1.144013,-0.076268,0.008246,0.017733
HYP-BZ-RAW-001,listing_close_v1,19,300742,6,-1.118161,-0.18636,0.00806,0.017332
HYP-BZ-RAW-001,listing_close_v1,20,002417,2,-1.10997,-0.554985,0.008001,0.017205
HYP-BZ-RAW-001,ipo_approx_v1,1,300280,9,-2.308865,-0.256541,0.016539,0.035581
HYP-BZ-RAW-001,ipo_approx_v1,2,300344,13,1.984555,0.152658,0.014216,-0.030583
HYP-BZ-RAW-001,ipo_approx_v1,3,600421,14,-1.833748,-0.130982,0.013136,0.028259
HYP-BZ-RAW-001,ipo_approx_v1,4,600766,5,-1.652041,-0.330408,0.011834,0.025459
HYP-BZ-RAW-001,ipo_approx_v1,5,002087,6,-1.477353,-0.246225,0.010583,0.022767
HYP-BZ-RAW-001,ipo_approx_v1,6,600696,13,-1.453948,-0.111842,0.010415,0.022406
HYP-BZ-RAW-001,ipo_approx_v1,7,002336,10,-1.453587,-0.145359,0.010413,0.0224
HYP-BZ-RAW-001,ipo_approx_v1,8,600599,14,-1.387514,-0.099108,0.009939,0.021382
HYP-BZ-RAW-001,ipo_approx_v1,9,605081,14,-1.326575,-0.094755,0.009503,0.020443
HYP-BZ-RAW-001,ipo_approx_v1,10,600804,10,-1.290497,-0.12905,0.009244,0.019887
HYP-BZ-RAW-001,ipo_approx_v1,11,600462,10,-1.23872,-0.123872,0.008873,0.019089
HYP-BZ-RAW-001,ipo_approx_v1,12,600777,14,1.223102,0.087364,0.008761,-0.018848
HYP-BZ-RAW-001,ipo_approx_v1,13,002781,2,-1.162071,-0.581036,0.008324,0.017908
HYP-BZ-RAW-001,ipo_approx_v1,14,300029,12,-1.159152,-0.096596,0.008303,0.017863
HYP-BZ-RAW-001,ipo_approx_v1,15,300068,15,-1.144013,-0.076268,0.008195,0.01763
HYP-BZ-RAW-001,ipo_approx_v1,16,600387,10,-1.118968,-0.111897,0.008016,0.017244
HYP-BZ-RAW-001,ipo_approx_v1,17,002417,2,-1.10997,-0.554985,0.007951,0.017105
HYP-BZ-RAW-001,ipo_approx_v1,18,600811,8,1.064102,0.133013,0.007623,-0.016398
HYP-BZ-RAW-001,ipo_approx_v1,19,300208,10,-1.051427,-0.105143,0.007532,0.016203
HYP-BZ-RAW-001,ipo_approx_v1,20,300392,2,-1.045515,-0.522757,0.007489,0.016112
HYP-BZ-CAL-001,listing_open_v1,1,300344,5,1.751977,0.350395,0.036614,-0.134151
HYP-BZ-CAL-001,listing_open_v1,2,600766,4,-1.559133,-0.389783,0.032583,0.119385
HYP-BZ-CAL-001,listing_open_v1,3,002808,8,1.419462,0.177433,0.029665,-0.10869
HYP-BZ-CAL-001,listing_open_v1,4,300029,8,-1.197175,-0.149647,0.025019,0.091669
HYP-BZ-CAL-001,listing_open_v1,5,300742,3,-1.147772,-0.382591,0.023987,0.087886
HYP-BZ-CAL-001,listing_open_v1,6,002751,2,-0.994562,-0.497281,0.020785,0.076155
HYP-BZ-CAL-001,listing_open_v1,7,688287,5,-0.983465,-0.196693,0.020553,0.075305
HYP-BZ-CAL-001,listing_open_v1,8,603388,9,-0.977124,-0.108569,0.02042,0.07482
HYP-BZ-CAL-001,listing_open_v1,9,000606,2,-0.911511,-0.455756,0.019049,0.069796
HYP-BZ-CAL-001,listing_open_v1,10,300391,5,-0.860133,-0.172027,0.017975,0.065861
HYP-BZ-CAL-001,listing_open_v1,11,600819,11,0.800743,0.072795,0.016734,-0.061314
HYP-BZ-CAL-001,listing_open_v1,12,600306,5,-0.772959,-0.154592,0.016154,0.059186
HYP-BZ-CAL-001,listing_open_v1,13,000976,3,-0.739272,-0.246424,0.01545,0.056607
HYP-BZ-CAL-001,listing_open_v1,14,000023,5,-0.729067,-0.145813,0.015236,0.055826
HYP-BZ-CAL-001,listing_open_v1,15,688007,13,-0.696249,-0.053558,0.014551,0.053313
HYP-BZ-CAL-001,listing_open_v1,16,000622,7,-0.678831,-0.096976,0.014186,0.051979
HYP-BZ-CAL-001,listing_open_v1,17,603032,13,-0.656767,-0.050521,0.013725,0.050289
HYP-BZ-CAL-001,listing_open_v1,18,603003,7,-0.640143,-0.091449,0.013378,0.049017
HYP-BZ-CAL-001,listing_open_v1,19,002308,1,-0.613561,-0.613561,0.012822,0.046981
HYP-BZ-CAL-001,listing_open_v1,20,002740,4,-0.60735,-0.151838,0.012693,0.046506
HYP-BZ-CAL-001,listing_close_v1,1,600766,4,-1.559133,-0.389783,0.027157,0.102551
HYP-BZ-CAL-001,listing_close_v1,2,002808,5,1.552183,0.310437,0.027036,-0.102093
HYP-BZ-CAL-001,listing_close_v1,3,300344,6,1.285763,0.214294,0.022396,-0.08457
HYP-BZ-CAL-001,listing_close_v1,4,000584,2,-1.199418,-0.599709,0.020892,0.078891
HYP-BZ-CAL-001,listing_close_v1,5,300742,6,-1.118161,-0.18636,0.019476,0.073546
HYP-BZ-CAL-001,listing_close_v1,6,002087,2,-1.108656,-0.554328,0.019311,0.072921
HYP-BZ-CAL-001,listing_close_v1,7,603003,7,-1.101775,-0.157396,0.019191,0.072468
HYP-BZ-CAL-001,listing_close_v1,8,002751,2,-0.994562,-0.497281,0.017324,0.065416
HYP-BZ-CAL-001,listing_close_v1,9,002336,2,-0.983885,-0.491943,0.017138,0.064714
HYP-BZ-CAL-001,listing_close_v1,10,600811,7,0.932717,0.133245,0.016246,-0.061349
HYP-BZ-CAL-001,listing_close_v1,11,000023,6,-0.930312,-0.155052,0.016204,0.06119
HYP-BZ-CAL-001,listing_close_v1,12,600777,12,0.914126,0.076177,0.015922,-0.060126
HYP-BZ-CAL-001,listing_close_v1,13,300391,5,-0.860133,-0.172027,0.014982,0.056575
HYP-BZ-CAL-001,listing_close_v1,14,002272,9,0.848025,0.094225,0.014771,-0.055778
HYP-BZ-CAL-001,listing_close_v1,15,300495,2,-0.842041,-0.421021,0.014667,0.055385
HYP-BZ-CAL-001,listing_close_v1,16,600355,10,-0.812992,-0.081299,0.014161,0.053474
HYP-BZ-CAL-001,listing_close_v1,17,300029,10,-0.802875,-0.080287,0.013985,0.052808
HYP-BZ-CAL-001,listing_close_v1,18,300336,2,-0.776477,-0.388238,0.013525,0.051072
HYP-BZ-CAL-001,listing_close_v1,19,603963,5,-0.768209,-0.153642,0.013381,0.050528
HYP-BZ-CAL-001,listing_close_v1,20,000627,5,-0.766313,-0.153263,0.013348,0.050404
HYP-BZ-CAL-001,ipo_approx_v1,1,300344,3,2.12331,0.70777,0.045732,-0.212168
HYP-BZ-CAL-001,ipo_approx_v1,2,600421,11,-1.882731,-0.171157,0.040551,0.188129
HYP-BZ-CAL-001,ipo_approx_v1,3,600804,6,-1.694615,-0.282436,0.036499,0.169332
HYP-BZ-CAL-001,ipo_approx_v1,4,600599,8,-1.290051,-0.161256,0.027785,0.128906
HYP-BZ-CAL-001,ipo_approx_v1,5,600462,3,-1.207652,-0.402551,0.026011,0.120673
HYP-BZ-CAL-001,ipo_approx_v1,6,600387,10,-1.118968,-0.111897,0.024101,0.111811
HYP-BZ-CAL-001,ipo_approx_v1,7,300108,8,1.000575,0.125072,0.021551,-0.099981
HYP-BZ-CAL-001,ipo_approx_v1,8,300652,10,0.992776,0.099278,0.021383,-0.099202
HYP-BZ-CAL-001,ipo_approx_v1,9,000996,5,-0.991886,-0.198377,0.021363,0.099113
HYP-BZ-CAL-001,ipo_approx_v1,10,600262,13,0.856283,0.065868,0.018443,-0.085563
HYP-BZ-CAL-001,ipo_approx_v1,11,600070,9,-0.829813,-0.092201,0.017873,0.082918
HYP-BZ-CAL-001,ipo_approx_v1,12,600696,2,-0.783969,-0.391984,0.016885,0.078337
HYP-BZ-CAL-001,ipo_approx_v1,13,600705,6,0.781707,0.130284,0.016837,-0.078111
HYP-BZ-CAL-001,ipo_approx_v1,14,300709,12,-0.759688,-0.063307,0.016362,0.075911
HYP-BZ-CAL-001,ipo_approx_v1,15,000023,3,-0.73582,-0.245273,0.015848,0.073526
HYP-BZ-CAL-001,ipo_approx_v1,16,600811,1,0.665765,0.665765,0.014339,-0.066526
HYP-BZ-CAL-001,ipo_approx_v1,17,600122,2,-0.660299,-0.330149,0.014222,0.065979
HYP-BZ-CAL-001,ipo_approx_v1,18,000932,10,0.654344,0.065434,0.014093,-0.065384
HYP-BZ-CAL-001,ipo_approx_v1,19,600793,10,0.628798,0.06288,0.013543,-0.062832
HYP-BZ-CAL-001,ipo_approx_v1,20,002846,14,-0.617013,-0.044072,0.013289,0.061654
HYP-ZW-RAW-001,listing_open_v1,1,600766,5,-1.651724,-0.330345,0.040234,0.113778
HYP-ZW-RAW-001,listing_open_v1,2,603388,10,-1.161062,-0.116106,0.028282,0.079979
HYP-ZW-RAW-001,listing_open_v1,3,002272,3,1.159965,0.386655,0.028256,-0.079904
HYP-ZW-RAW-001,listing_open_v1,4,300392,2,-1.045515,-0.522757,0.025468,0.07202
HYP-ZW-RAW-001,listing_open_v1,5,000996,6,-0.975836,-0.162639,0.02377,0.06722
HYP-ZW-RAW-001,listing_open_v1,6,600599,8,-0.963823,-0.120478,0.023478,0.066393
HYP-ZW-RAW-001,listing_open_v1,7,600262,12,0.906709,0.075559,0.022087,-0.062458
HYP-ZW-RAW-001,listing_open_v1,8,600532,2,-0.873254,-0.436627,0.021272,0.060154
HYP-ZW-RAW-001,listing_open_v1,9,300089,2,-0.866884,-0.433442,0.021116,0.059715
HYP-ZW-RAW-001,listing_open_v1,10,000584,3,-0.841385,-0.280462,0.020495,0.057959
HYP-ZW-RAW-001,listing_open_v1,11,002751,1,-0.801036,-0.801036,0.019512,0.055179
HYP-ZW-RAW-001,listing_open_v1,12,300273,2,-0.753275,-0.376638,0.018349,0.051889
HYP-ZW-RAW-001,listing_open_v1,13,002336,2,-0.680631,-0.340315,0.016579,0.046885
HYP-ZW-RAW-001,listing_open_v1,14,003013,15,0.66571,0.044381,0.016216,-0.045857
HYP-ZW-RAW-001,listing_open_v1,15,688559,5,-0.656862,-0.131372,0.016,0.045248
HYP-ZW-RAW-001,listing_open_v1,16,002846,12,-0.633212,-0.052768,0.015424,0.043619
HYP-ZW-RAW-001,listing_open_v1,17,600926,15,0.614042,0.040936,0.014957,-0.042298
HYP-ZW-RAW-001,listing_open_v1,18,600466,1,-0.589331,-0.589331,0.014356,0.040596
HYP-ZW-RAW-001,listing_open_v1,19,600898,7,-0.559427,-0.079918,0.013627,0.038536
HYP-ZW-RAW-001,listing_open_v1,20,600696,4,-0.505755,-0.126439,0.01232,0.034839
HYP-ZW-RAW-001,listing_close_v1,1,300630,6,-1.446235,-0.241039,0.025934,0.066307
HYP-ZW-RAW-001,listing_close_v1,2,605081,12,-1.238585,-0.103215,0.022211,0.056786
HYP-ZW-RAW-001,listing_close_v1,3,002781,2,-1.162071,-0.581036,0.020839,0.053278
HYP-ZW-RAW-001,listing_close_v1,4,300068,15,-1.144013,-0.076268,0.020515,0.05245
HYP-ZW-RAW-001,listing_close_v1,5,300742,6,-1.118161,-0.18636,0.020051,0.051265
HYP-ZW-RAW-001,listing_close_v1,6,300208,10,-1.051427,-0.105143,0.018854,0.048206
HYP-ZW-RAW-001,listing_close_v1,7,002751,2,-0.994562,-0.497281,0.017835,0.045598
HYP-ZW-RAW-001,listing_close_v1,8,688287,6,-0.994136,-0.165689,0.017827,0.045579
HYP-ZW-RAW-001,listing_close_v1,9,300108,9,0.969912,0.107768,0.017393,-0.044468
HYP-ZW-RAW-001,listing_close_v1,10,600811,5,0.966469,0.193294,0.017331,-0.04431
HYP-ZW-RAW-001,listing_close_v1,11,301041,13,-0.906947,-0.069765,0.016264,0.041582
HYP-ZW-RAW-001,listing_close_v1,12,600671,13,0.891102,0.068546,0.015979,-0.040855
HYP-ZW-RAW-001,listing_close_v1,13,300495,5,-0.884535,-0.176907,0.015862,0.040554
HYP-ZW-RAW-001,listing_close_v1,14,600262,13,0.866785,0.066676,0.015543,-0.03974
HYP-ZW-RAW-001,listing_close_v1,15,300117,6,0.861386,0.143564,0.015447,-0.039493
HYP-ZW-RAW-001,listing_close_v1,16,000038,2,-0.848818,-0.424409,0.015221,0.038916
HYP-ZW-RAW-001,listing_close_v1,17,300219,13,-0.834734,-0.06421,0.014969,0.038271
HYP-ZW-RAW-001,listing_close_v1,18,600647,4,-0.808212,-0.202053,0.014493,0.037055
HYP-ZW-RAW-001,listing_close_v1,19,000823,10,-0.747319,-0.074732,0.013401,0.034263
HYP-ZW-RAW-001,listing_close_v1,20,600705,9,0.731566,0.081285,0.013119,-0.033541
HYP-ZW-RAW-001,ipo_approx_v1,1,600766,6,-1.710312,-0.285052,0.035923,0.13844
HYP-ZW-RAW-001,ipo_approx_v1,2,002336,7,-1.611248,-0.230178,0.033842,0.130422
HYP-ZW-RAW-001,ipo_approx_v1,3,300630,8,-1.417331,-0.177166,0.029769,0.114725
HYP-ZW-RAW-001,ipo_approx_v1,4,600193,8,-1.324701,-0.165588,0.027824,0.107227
HYP-ZW-RAW-001,ipo_approx_v1,5,300068,13,-1.32269,-0.101745,0.027782,0.107065
HYP-ZW-RAW-001,ipo_approx_v1,6,300799,5,-1.139618,-0.227924,0.023936,0.092246
HYP-ZW-RAW-001,ipo_approx_v1,7,600696,7,-1.12887,-0.161267,0.023711,0.091376
HYP-ZW-RAW-001,ipo_approx_v1,8,300652,10,1.095805,0.109581,0.023016,-0.088699
HYP-ZW-RAW-001,ipo_approx_v1,9,600811,8,0.967979,0.120997,0.020331,-0.078353
HYP-ZW-RAW-001,ipo_approx_v1,10,300709,10,-0.846933,-0.084693,0.017789,0.068555
HYP-ZW-RAW-001,ipo_approx_v1,11,600532,1,-0.845932,-0.845932,0.017768,0.068474
HYP-ZW-RAW-001,ipo_approx_v1,12,601168,12,0.829143,0.069095,0.017415,-0.067115
HYP-ZW-RAW-001,ipo_approx_v1,13,002272,6,0.824305,0.137384,0.017314,-0.066723
HYP-ZW-RAW-001,ipo_approx_v1,14,600768,8,0.818458,0.102307,0.017191,-0.06625
HYP-ZW-RAW-001,ipo_approx_v1,15,300282,1,-0.766394,-0.766394,0.016097,0.062035
HYP-ZW-RAW-001,ipo_approx_v1,16,603032,12,-0.747835,-0.06232,0.015707,0.060533
HYP-ZW-RAW-001,ipo_approx_v1,17,605188,15,0.72909,0.048606,0.015314,-0.059016
HYP-ZW-RAW-001,ipo_approx_v1,18,300576,7,-0.713469,-0.101924,0.014986,0.057751
HYP-ZW-RAW-001,ipo_approx_v1,19,688555,2,-0.712043,-0.356021,0.014956,0.057636
HYP-ZW-RAW-001,ipo_approx_v1,20,688578,4,0.685011,0.171253,0.014388,-0.055448
HYP-ZW-CAL-001,listing_open_v1,1,600766,5,-1.651724,-0.330345,0.042547,0.118753
HYP-ZW-CAL-001,listing_open_v1,2,603388,9,-1.268957,-0.140995,0.032687,0.091234
HYP-ZW-CAL-001,listing_open_v1,3,002272,3,1.159965,0.386655,0.02988,-0.083397
HYP-ZW-CAL-001,listing_open_v1,4,000996,6,-0.975836,-0.162639,0.025137,0.070159
HYP-ZW-CAL-001,listing_open_v1,5,600262,11,0.88244,0.080222,0.022731,-0.063444
HYP-ZW-CAL-001,listing_open_v1,6,600532,2,-0.873254,-0.436627,0.022494,0.062784
HYP-ZW-CAL-001,listing_open_v1,7,300392,1,-0.871623,-0.871623,0.022452,0.062667
HYP-ZW-CAL-001,listing_open_v1,8,000584,3,-0.841385,-0.280462,0.021673,0.060493
HYP-ZW-CAL-001,listing_open_v1,9,600599,7,-0.829065,-0.118438,0.021356,0.059607
HYP-ZW-CAL-001,listing_open_v1,10,300273,1,-0.81671,-0.81671,0.021038,0.058719
HYP-ZW-CAL-001,listing_open_v1,11,002751,1,-0.801036,-0.801036,0.020634,0.057592
HYP-ZW-CAL-001,listing_open_v1,12,002846,11,-0.684608,-0.062237,0.017635,0.049221
HYP-ZW-CAL-001,listing_open_v1,13,002336,2,-0.680631,-0.340315,0.017532,0.048935
HYP-ZW-CAL-001,listing_open_v1,14,003013,15,0.66571,0.044381,0.017148,-0.047862
HYP-ZW-CAL-001,listing_open_v1,15,688559,5,-0.656862,-0.131372,0.01692,0.047226
HYP-ZW-CAL-001,listing_open_v1,16,600926,14,0.638613,0.045615,0.01645,-0.045914
HYP-ZW-CAL-001,listing_open_v1,17,600466,1,-0.589331,-0.589331,0.015181,0.042371
HYP-ZW-CAL-001,listing_open_v1,18,600898,7,-0.559427,-0.079918,0.01441,0.040221
HYP-ZW-CAL-001,listing_open_v1,19,600112,3,-0.511046,-0.170349,0.013164,0.036742
HYP-ZW-CAL-001,listing_open_v1,20,000806,1,-0.494166,-0.494166,0.012729,0.035529
HYP-ZW-CAL-001,listing_close_v1,1,605081,11,-1.470621,-0.133693,0.03244,0.079063
HYP-ZW-CAL-001,listing_close_v1,2,300630,6,-1.446235,-0.241039,0.031902,0.077752
HYP-ZW-CAL-001,listing_close_v1,3,002781,2,-1.162071,-0.581036,0.025634,0.062475
HYP-ZW-CAL-001,listing_close_v1,4,300742,6,-1.118161,-0.18636,0.024665,0.060114
HYP-ZW-CAL-001,listing_close_v1,5,300068,13,-1.09842,-0.084494,0.02423,0.059053
HYP-ZW-CAL-001,listing_close_v1,6,688287,5,-1.052162,-0.210432,0.023209,0.056566
HYP-ZW-CAL-001,listing_close_v1,7,300208,10,-1.051427,-0.105143,0.023193,0.056527
HYP-ZW-CAL-001,listing_close_v1,8,300108,9,0.969912,0.107768,0.021395,-0.052144
HYP-ZW-CAL-001,listing_close_v1,9,300495,4,-0.964614,-0.241153,0.021278,0.051859
HYP-ZW-CAL-001,listing_close_v1,10,600647,2,-0.893075,-0.446537,0.0197,0.048013
HYP-ZW-CAL-001,listing_close_v1,11,600671,11,0.87153,0.07923,0.019225,-0.046855
HYP-ZW-CAL-001,listing_close_v1,12,600262,13,0.866785,0.066676,0.01912,-0.0466
HYP-ZW-CAL-001,listing_close_v1,13,300117,6,0.861386,0.143564,0.019001,-0.04631
HYP-ZW-CAL-001,listing_close_v1,14,000038,2,-0.848818,-0.424409,0.018724,0.045634
HYP-ZW-CAL-001,listing_close_v1,15,300219,13,-0.834734,-0.06421,0.018413,0.044877
HYP-ZW-CAL-001,listing_close_v1,16,002751,1,-0.801036,-0.801036,0.01767,0.043065
HYP-ZW-CAL-001,listing_close_v1,17,600705,9,0.731566,0.081285,0.016137,-0.03933
HYP-ZW-CAL-001,listing_close_v1,18,600781,2,-0.725115,-0.362557,0.015995,0.038983
HYP-ZW-CAL-001,listing_close_v1,19,600825,5,0.69424,0.138848,0.015314,-0.037324
HYP-ZW-CAL-001,listing_close_v1,20,600070,4,-0.664938,-0.166235,0.014668,0.035748
HYP-ZW-CAL-001,ipo_approx_v1,1,600766,6,-1.710312,-0.285052,0.039417,0.124503
HYP-ZW-CAL-001,ipo_approx_v1,2,002336,6,-1.608287,-0.268048,0.037066,0.117076
HYP-ZW-CAL-001,ipo_approx_v1,3,300630,7,-1.605389,-0.229341,0.036999,0.116865
HYP-ZW-CAL-001,ipo_approx_v1,4,600696,6,-1.602609,-0.267101,0.036935,0.116662
HYP-ZW-CAL-001,ipo_approx_v1,5,600193,5,-1.275613,-0.255123,0.029399,0.092859
HYP-ZW-CAL-001,ipo_approx_v1,6,300799,5,-1.139618,-0.227924,0.026265,0.082959
HYP-ZW-CAL-001,ipo_approx_v1,7,300068,11,-1.131512,-0.102865,0.026078,0.082369
HYP-ZW-CAL-001,ipo_approx_v1,8,300652,8,1.103559,0.137945,0.025433,-0.080334
HYP-ZW-CAL-001,ipo_approx_v1,9,600811,7,0.885961,0.126566,0.020419,-0.064494
HYP-ZW-CAL-001,ipo_approx_v1,10,600532,1,-0.845932,-0.845932,0.019496,0.06158
HYP-ZW-CAL-001,ipo_approx_v1,11,002272,5,0.845416,0.169083,0.019484,-0.061542
HYP-ZW-CAL-001,ipo_approx_v1,12,600768,7,0.773981,0.110569,0.017838,-0.056342
HYP-ZW-CAL-001,ipo_approx_v1,13,300282,1,-0.766394,-0.766394,0.017663,0.05579
HYP-ZW-CAL-001,ipo_approx_v1,14,300709,9,-0.753881,-0.083765,0.017375,0.054879
HYP-ZW-CAL-001,ipo_approx_v1,15,601168,11,0.729943,0.066358,0.016823,-0.053136
HYP-ZW-CAL-001,ipo_approx_v1,16,605188,15,0.72909,0.048606,0.016803,-0.053074
HYP-ZW-CAL-001,ipo_approx_v1,17,688555,2,-0.712043,-0.356021,0.01641,0.051833
HYP-ZW-CAL-001,ipo_approx_v1,18,688578,4,0.685011,0.171253,0.015787,-0.049866
HYP-ZW-CAL-001,ipo_approx_v1,19,002288,5,-0.604237,-0.120847,0.013926,0.043986
HYP-ZW-CAL-001,ipo_approx_v1,20,603388,3,-0.591109,-0.197036,0.013623,0.04303
HYP-HL-RAW-001,listing_open_v1,1,300280,5,-1.389534,-0.277907,0.015233,0.024163
HYP-HL-RAW-001,listing_open_v1,2,002750,5,-1.328392,-0.265678,0.014563,0.0231
HYP-HL-RAW-001,listing_open_v1,3,002336,5,-1.318669,-0.263734,0.014456,0.022931
HYP-HL-RAW-001,listing_open_v1,4,000584,6,-1.304834,-0.217472,0.014304,0.02269
HYP-HL-RAW-001,listing_open_v1,5,300282,3,-1.296578,-0.432193,0.014214,0.022546
HYP-HL-RAW-001,listing_open_v1,6,300799,3,-1.269086,-0.423029,0.013913,0.022068
HYP-HL-RAW-001,listing_open_v1,7,300630,4,-1.248616,-0.312154,0.013688,0.021712
HYP-HL-RAW-001,listing_open_v1,8,300208,6,-1.236171,-0.206028,0.013552,0.021496
HYP-HL-RAW-001,listing_open_v1,9,600421,7,-1.170637,-0.167234,0.012833,0.020356
HYP-HL-RAW-001,listing_open_v1,10,603963,6,-1.164447,-0.194075,0.012765,0.020249
HYP-HL-RAW-001,listing_open_v1,11,603388,7,-1.157276,-0.165325,0.012687,0.020124
HYP-HL-RAW-001,listing_open_v1,12,300029,5,-1.150115,-0.230023,0.012608,0.02
HYP-HL-RAW-001,listing_open_v1,13,600387,7,-1.145016,-0.163574,0.012552,0.019911
HYP-HL-RAW-001,listing_open_v1,14,300379,8,-1.142292,-0.142786,0.012523,0.019864
HYP-HL-RAW-001,listing_open_v1,15,600766,3,-1.092939,-0.364313,0.011982,0.019005
HYP-HL-RAW-001,listing_open_v1,16,002308,3,-1.052319,-0.350773,0.011536,0.018299
HYP-HL-RAW-001,listing_open_v1,17,603133,4,-1.033241,-0.25831,0.011327,0.017967
HYP-HL-RAW-001,listing_open_v1,18,002087,3,-1.018593,-0.339531,0.011167,0.017713
HYP-HL-RAW-001,listing_open_v1,19,300742,3,-0.957074,-0.319025,0.010492,0.016643
HYP-HL-RAW-001,listing_open_v1,20,600608,7,-0.91557,-0.130796,0.010037,0.015921
HYP-HL-RAW-001,listing_close_v1,1,600421,5,-1.623923,-0.324785,0.017904,0.025192
HYP-HL-RAW-001,listing_close_v1,2,603388,8,-1.501311,-0.187664,0.016552,0.02329
HYP-HL-RAW-001,listing_close_v1,3,002087,4,-1.44521,-0.361303,0.015933,0.02242
HYP-HL-RAW-001,listing_close_v1,4,300280,5,-1.389534,-0.277907,0.01532,0.021556
HYP-HL-RAW-001,listing_close_v1,5,600599,7,-1.380918,-0.197274,0.015225,0.021422
HYP-HL-RAW-001,listing_close_v1,6,605081,4,-1.324669,-0.331167,0.014604,0.02055
HYP-HL-RAW-001,listing_close_v1,7,300282,3,-1.296578,-0.432193,0.014295,0.020114
HYP-HL-RAW-001,listing_close_v1,8,002433,4,-1.26765,-0.316912,0.013976,0.019665
HYP-HL-RAW-001,listing_close_v1,9,300029,9,-1.24947,-0.13883,0.013775,0.019383
HYP-HL-RAW-001,listing_close_v1,10,300630,4,-1.248616,-0.312154,0.013766,0.01937
HYP-HL-RAW-001,listing_close_v1,11,300208,6,-1.236171,-0.206028,0.013629,0.019177
HYP-HL-RAW-001,listing_close_v1,12,603963,6,-1.164447,-0.194075,0.012838,0.018064
HYP-HL-RAW-001,listing_close_v1,13,600387,7,-1.145016,-0.163574,0.012624,0.017763
HYP-HL-RAW-001,listing_close_v1,14,002336,6,-1.143315,-0.190552,0.012605,0.017736
HYP-HL-RAW-001,listing_close_v1,15,600766,3,-1.092939,-0.364313,0.01205,0.016955
HYP-HL-RAW-001,listing_close_v1,16,600608,6,-1.088493,-0.181416,0.012001,0.016886
HYP-HL-RAW-001,listing_close_v1,17,600306,3,-1.069247,-0.356416,0.011788,0.016587
HYP-HL-RAW-001,listing_close_v1,18,002308,3,-1.052319,-0.350773,0.011602,0.016325
HYP-HL-RAW-001,listing_close_v1,19,603133,4,-1.033241,-0.25831,0.011391,0.016029
HYP-HL-RAW-001,listing_close_v1,20,600355,9,-1.017243,-0.113027,0.011215,0.015781
HYP-HL-RAW-001,ipo_approx_v1,1,300280,10,-2.879456,-0.287946,0.029578,0.049255
HYP-HL-RAW-001,ipo_approx_v1,2,300282,5,-1.737696,-0.347539,0.01785,0.029725
HYP-HL-RAW-001,ipo_approx_v1,3,300208,5,-1.471642,-0.294328,0.015117,0.025174
HYP-HL-RAW-001,ipo_approx_v1,4,600599,4,-1.376614,-0.344154,0.014141,0.023548
HYP-HL-RAW-001,ipo_approx_v1,5,002750,5,-1.328392,-0.265678,0.013645,0.022723
HYP-HL-RAW-001,ipo_approx_v1,6,605081,7,-1.319311,-0.188473,0.013552,0.022568
HYP-HL-RAW-001,ipo_approx_v1,7,600387,5,-1.291354,-0.258271,0.013265,0.02209
HYP-HL-RAW-001,ipo_approx_v1,8,600421,6,-1.269172,-0.211529,0.013037,0.02171
HYP-HL-RAW-001,ipo_approx_v1,9,300799,3,-1.269086,-0.423029,0.013036,0.021709
HYP-HL-RAW-001,ipo_approx_v1,10,603388,5,-1.259296,-0.251859,0.012936,0.021541
HYP-HL-RAW-001,ipo_approx_v1,11,000996,2,-1.147096,-0.573548,0.011783,0.019622
HYP-HL-RAW-001,ipo_approx_v1,12,600696,6,-1.12839,-0.188065,0.011591,0.019302
HYP-HL-RAW-001,ipo_approx_v1,13,002087,2,-1.093138,-0.546569,0.011229,0.018699
HYP-HL-RAW-001,ipo_approx_v1,14,000584,7,-1.082895,-0.154699,0.011124,0.018524
HYP-HL-RAW-001,ipo_approx_v1,15,300379,6,-1.077111,-0.179518,0.011064,0.018425
HYP-HL-RAW-001,ipo_approx_v1,16,300652,10,1.063076,0.106308,0.01092,-0.018185
HYP-HL-RAW-001,ipo_approx_v1,17,600766,2,-1.034668,-0.517334,0.010628,0.017699
HYP-HL-RAW-001,ipo_approx_v1,18,002308,4,-1.027809,-0.256952,0.010558,0.017581
HYP-HL-RAW-001,ipo_approx_v1,19,300630,5,-0.994027,-0.198805,0.010211,0.017004
HYP-HL-RAW-001,ipo_approx_v1,20,601127,9,0.985461,0.109496,0.010123,-0.016857
HYP-HL-CAL-001,listing_open_v1,1,002750,5,-1.328392,-0.265678,0.021262,0.033106
HYP-HL-CAL-001,listing_open_v1,2,300799,3,-1.269086,-0.423029,0.020313,0.031628
HYP-HL-CAL-001,listing_open_v1,3,603388,3,-1.235713,-0.411904,0.019779,0.030796
HYP-HL-CAL-001,listing_open_v1,4,300630,3,-1.184931,-0.394977,0.018966,0.029531
HYP-HL-CAL-001,listing_open_v1,5,600421,6,-1.116022,-0.186004,0.017863,0.027813
HYP-HL-CAL-001,listing_open_v1,6,600766,3,-1.092939,-0.364313,0.017493,0.027238
HYP-HL-CAL-001,listing_open_v1,7,300379,6,-1.077111,-0.179518,0.01724,0.026844
HYP-HL-CAL-001,listing_open_v1,8,603133,2,-1.023774,-0.511887,0.016386,0.025514
HYP-HL-CAL-001,listing_open_v1,9,002272,2,1.012928,0.506464,0.016213,-0.025244
HYP-HL-CAL-001,listing_open_v1,10,002433,3,-0.861493,-0.287164,0.013789,0.02147
HYP-HL-CAL-001,listing_open_v1,11,002336,4,-0.807756,-0.201939,0.012929,0.020131
HYP-HL-CAL-001,listing_open_v1,12,688689,4,-0.782124,-0.195531,0.012519,0.019492
HYP-HL-CAL-001,listing_open_v1,13,600306,3,-0.779595,-0.259865,0.012478,0.019429
HYP-HL-CAL-001,listing_open_v1,14,601168,6,0.777255,0.129543,0.012441,-0.019371
HYP-HL-CAL-001,listing_open_v1,15,300282,1,-0.766394,-0.766394,0.012267,0.0191
HYP-HL-CAL-001,listing_open_v1,16,300116,1,-0.743428,-0.743428,0.011899,0.018528
HYP-HL-CAL-001,listing_open_v1,17,000932,9,0.71398,0.079331,0.011428,-0.017794
HYP-HL-CAL-001,listing_open_v1,18,000851,5,-0.670553,-0.134111,0.010733,0.016711
HYP-HL-CAL-001,listing_open_v1,19,600083,3,-0.662282,-0.220761,0.0106,0.016505
HYP-HL-CAL-001,listing_open_v1,20,600696,4,-0.653141,-0.163285,0.010454,0.016278
HYP-HL-CAL-001,listing_close_v1,1,600421,4,-1.487932,-0.371983,0.027778,0.047053
HYP-HL-CAL-001,listing_close_v1,2,600766,3,-1.092939,-0.364313,0.020404,0.034562
HYP-HL-CAL-001,listing_close_v1,3,300630,2,-1.025777,-0.512889,0.01915,0.032438
HYP-HL-CAL-001,listing_close_v1,4,002272,2,1.012928,0.506464,0.01891,-0.032032
HYP-HL-CAL-001,listing_close_v1,5,603133,1,-0.930161,-0.930161,0.017365,0.029415
HYP-HL-CAL-001,listing_close_v1,6,600306,1,-0.91914,-0.91914,0.017159,0.029066
HYP-HL-CAL-001,listing_close_v1,7,300742,2,-0.873075,-0.436538,0.016299,0.027609
HYP-HL-CAL-001,listing_close_v1,8,300495,2,-0.842041,-0.421021,0.01572,0.026628
HYP-HL-CAL-001,listing_close_v1,9,002087,1,-0.806509,-0.806509,0.015056,0.025504
HYP-HL-CAL-001,listing_close_v1,10,002336,3,-0.799669,-0.266556,0.014929,0.025288
HYP-HL-CAL-001,listing_close_v1,11,002433,1,-0.788551,-0.788551,0.014721,0.024936
HYP-HL-CAL-001,listing_close_v1,12,300282,1,-0.766394,-0.766394,0.014308,0.024236
HYP-HL-CAL-001,listing_close_v1,13,601168,8,0.731434,0.091429,0.013655,-0.02313
HYP-HL-CAL-001,listing_close_v1,14,600696,3,-0.665764,-0.221921,0.012429,0.021054
HYP-HL-CAL-001,listing_close_v1,15,600083,3,-0.662282,-0.220761,0.012364,0.020943
HYP-HL-CAL-001,listing_close_v1,16,000823,5,-0.598312,-0.119662,0.01117,0.018921
HYP-HL-CAL-001,listing_close_v1,17,688173,3,-0.597587,-0.199196,0.011156,0.018898
HYP-HL-CAL-001,listing_close_v1,18,301093,4,-0.584282,-0.14607,0.010908,0.018477
HYP-HL-CAL-001,listing_close_v1,19,688010,3,-0.574367,-0.191456,0.010723,0.018163
HYP-HL-CAL-001,listing_close_v1,20,000584,3,0.567029,0.18901,0.010586,-0.017931
HYP-HL-CAL-001,ipo_approx_v1,1,300280,4,-1.866809,-0.466702,0.027863,0.04437
HYP-HL-CAL-001,ipo_approx_v1,2,600421,3,-1.244972,-0.414991,0.018582,0.02959
HYP-HL-CAL-001,ipo_approx_v1,3,300630,4,-1.182085,-0.295521,0.017643,0.028095
HYP-HL-CAL-001,ipo_approx_v1,4,600766,2,-1.034668,-0.517334,0.015443,0.024592
HYP-HL-CAL-001,ipo_approx_v1,5,600306,2,-0.988632,-0.494316,0.014756,0.023497
HYP-HL-CAL-001,ipo_approx_v1,6,300208,3,-0.952767,-0.317589,0.014221,0.022645
HYP-HL-CAL-001,ipo_approx_v1,7,300282,2,-0.942968,-0.471484,0.014074,0.022412
HYP-HL-CAL-001,ipo_approx_v1,8,600647,2,-0.937339,-0.468669,0.01399,0.022278
HYP-HL-CAL-001,ipo_approx_v1,9,300576,7,-0.911428,-0.130204,0.013604,0.021662
HYP-HL-CAL-001,ipo_approx_v1,10,002433,3,-0.861493,-0.287164,0.012858,0.020476
HYP-HL-CAL-001,ipo_approx_v1,11,000996,1,-0.857823,-0.857823,0.012804,0.020388
HYP-HL-CAL-001,ipo_approx_v1,12,000584,4,-0.838599,-0.20965,0.012517,0.019931
HYP-HL-CAL-001,ipo_approx_v1,13,002087,1,-0.806509,-0.806509,0.012038,0.019169
HYP-HL-CAL-001,ipo_approx_v1,14,688287,6,-0.781433,-0.130239,0.011663,0.018573
HYP-HL-CAL-001,ipo_approx_v1,15,000638,4,0.748265,0.187066,0.011168,-0.017784
HYP-HL-CAL-001,ipo_approx_v1,16,300219,8,-0.732095,-0.091512,0.010927,0.0174
HYP-HL-CAL-001,ipo_approx_v1,17,300709,5,-0.706474,-0.141295,0.010545,0.016791
HYP-HL-CAL-001,ipo_approx_v1,18,688418,6,-0.681439,-0.113573,0.010171,0.016196
HYP-HL-CAL-001,ipo_approx_v1,19,688689,6,-0.67775,-0.112958,0.010116,0.016108
HYP-HL-CAL-001,ipo_approx_v1,20,600696,3,-0.665764,-0.221921,0.009937,0.015824
HYP-CON-BZ-ZW-RAW-001,listing_open_v1,1,600766,5,-1.651724,-0.330345,0.041938,0.121061
HYP-CON-BZ-ZW-RAW-001,listing_open_v1,2,603388,10,-1.161062,-0.116106,0.02948,0.085099
HYP-CON-BZ-ZW-RAW-001,listing_open_v1,3,002272,3,1.159965,0.386655,0.029452,-0.085018
HYP-CON-BZ-ZW-RAW-001,listing_open_v1,4,300392,2,-1.045515,-0.522757,0.026546,0.07663
HYP-CON-BZ-ZW-RAW-001,listing_open_v1,5,000996,6,-0.975836,-0.162639,0.024777,0.071523
HYP-CON-BZ-ZW-RAW-001,listing_open_v1,6,600599,8,-0.963823,-0.120478,0.024472,0.070642
HYP-CON-BZ-ZW-RAW-001,listing_open_v1,7,600262,12,0.906709,0.075559,0.023022,-0.066456
HYP-CON-BZ-ZW-RAW-001,listing_open_v1,8,600532,2,-0.873254,-0.436627,0.022172,0.064004
HYP-CON-BZ-ZW-RAW-001,listing_open_v1,9,300089,2,-0.866884,-0.433442,0.02201,0.063537
HYP-CON-BZ-ZW-RAW-001,listing_open_v1,10,002751,1,-0.801036,-0.801036,0.020338,0.058711
HYP-CON-BZ-ZW-RAW-001,listing_open_v1,11,300273,2,-0.753275,-0.376638,0.019126,0.05521
HYP-CON-BZ-ZW-RAW-001,listing_open_v1,12,002336,2,-0.680631,-0.340315,0.017281,0.049886
HYP-CON-BZ-ZW-RAW-001,listing_open_v1,13,003013,15,0.66571,0.044381,0.016903,-0.048792
HYP-CON-BZ-ZW-RAW-001,listing_open_v1,14,002846,12,-0.633212,-0.052768,0.016077,0.04641
HYP-CON-BZ-ZW-RAW-001,listing_open_v1,15,600466,1,-0.589331,-0.589331,0.014963,0.043194
HYP-CON-BZ-ZW-RAW-001,listing_open_v1,16,600898,7,-0.559427,-0.079918,0.014204,0.041002
HYP-CON-BZ-ZW-RAW-001,listing_open_v1,17,000584,2,-0.533661,-0.26683,0.01355,0.039114
HYP-CON-BZ-ZW-RAW-001,listing_open_v1,18,600696,4,-0.505755,-0.126439,0.012841,0.037069
HYP-CON-BZ-ZW-RAW-001,listing_open_v1,19,000046,2,-0.492848,-0.246424,0.012514,0.036123
HYP-CON-BZ-ZW-RAW-001,listing_open_v1,20,600112,4,-0.490234,-0.122559,0.012447,0.035931
HYP-CON-BZ-ZW-RAW-001,listing_close_v1,1,300630,6,-1.446235,-0.241039,0.028686,0.07606
HYP-CON-BZ-ZW-RAW-001,listing_close_v1,2,002781,2,-1.162071,-0.581036,0.023049,0.061115
HYP-CON-BZ-ZW-RAW-001,listing_close_v1,3,300068,15,-1.144013,-0.076268,0.022691,0.060165
HYP-CON-BZ-ZW-RAW-001,listing_close_v1,4,605081,10,-1.127559,-0.112756,0.022365,0.0593
HYP-CON-BZ-ZW-RAW-001,listing_close_v1,5,300742,6,-1.118161,-0.18636,0.022179,0.058806
HYP-CON-BZ-ZW-RAW-001,listing_close_v1,6,002751,2,-0.994562,-0.497281,0.019727,0.052305
HYP-CON-BZ-ZW-RAW-001,listing_close_v1,7,688287,6,-0.994136,-0.165689,0.019719,0.052283
HYP-CON-BZ-ZW-RAW-001,listing_close_v1,8,600811,5,0.966469,0.193294,0.01917,-0.050828
HYP-CON-BZ-ZW-RAW-001,listing_close_v1,9,301041,13,-0.906947,-0.069765,0.017989,0.047698
HYP-CON-BZ-ZW-RAW-001,listing_close_v1,10,600671,13,0.891102,0.068546,0.017675,-0.046864
HYP-CON-BZ-ZW-RAW-001,listing_close_v1,11,300495,5,-0.884535,-0.176907,0.017545,0.046519
HYP-CON-BZ-ZW-RAW-001,listing_close_v1,12,300117,5,0.874098,0.17482,0.017338,-0.04597
HYP-CON-BZ-ZW-RAW-001,listing_close_v1,13,600262,13,0.866785,0.066676,0.017193,-0.045585
HYP-CON-BZ-ZW-RAW-001,listing_close_v1,14,000038,2,-0.848818,-0.424409,0.016836,0.044641
HYP-CON-BZ-ZW-RAW-001,listing_close_v1,15,300219,13,-0.834734,-0.06421,0.016557,0.0439
HYP-CON-BZ-ZW-RAW-001,listing_close_v1,16,600647,4,-0.808212,-0.202053,0.016031,0.042505
HYP-CON-BZ-ZW-RAW-001,listing_close_v1,17,000823,10,-0.747319,-0.074732,0.014823,0.039303
HYP-CON-BZ-ZW-RAW-001,listing_close_v1,18,600705,9,0.731566,0.081285,0.01451,-0.038474
HYP-CON-BZ-ZW-RAW-001,listing_close_v1,19,688555,1,-0.725984,-0.725984,0.0144,0.038181
HYP-CON-BZ-ZW-RAW-001,listing_close_v1,20,600781,2,-0.725115,-0.362557,0.014383,0.038135
HYP-CON-BZ-ZW-RAW-001,ipo_approx_v1,1,600766,5,-1.652041,-0.330408,0.036252,0.149926
HYP-CON-BZ-ZW-RAW-001,ipo_approx_v1,2,002336,7,-1.611248,-0.230178,0.035356,0.146224
HYP-CON-BZ-ZW-RAW-001,ipo_approx_v1,3,300068,13,-1.32269,-0.101745,0.029024,0.120037
HYP-CON-BZ-ZW-RAW-001,ipo_approx_v1,4,600193,7,-1.184709,-0.169244,0.025997,0.107515
HYP-CON-BZ-ZW-RAW-001,ipo_approx_v1,5,600696,7,-1.12887,-0.161267,0.024771,0.102447
HYP-CON-BZ-ZW-RAW-001,ipo_approx_v1,6,300652,10,1.095805,0.109581,0.024046,-0.099446
HYP-CON-BZ-ZW-RAW-001,ipo_approx_v1,7,600811,7,1.011677,0.144525,0.0222,-0.091812
HYP-CON-BZ-ZW-RAW-001,ipo_approx_v1,8,300709,10,-0.846933,-0.084693,0.018585,0.076861
HYP-CON-BZ-ZW-RAW-001,ipo_approx_v1,9,600532,1,-0.845932,-0.845932,0.018563,0.07677
HYP-CON-BZ-ZW-RAW-001,ipo_approx_v1,10,601168,12,0.829143,0.069095,0.018194,-0.075246
HYP-CON-BZ-ZW-RAW-001,ipo_approx_v1,11,002272,6,0.824305,0.137384,0.018088,-0.074807
HYP-CON-BZ-ZW-RAW-001,ipo_approx_v1,12,600768,8,0.818458,0.102307,0.01796,-0.074277
HYP-CON-BZ-ZW-RAW-001,ipo_approx_v1,13,300630,6,-0.77137,-0.128562,0.016927,0.070003
HYP-CON-BZ-ZW-RAW-001,ipo_approx_v1,14,300282,1,-0.766394,-0.766394,0.016817,0.069552
HYP-CON-BZ-ZW-RAW-001,ipo_approx_v1,15,603032,12,-0.747835,-0.06232,0.01641,0.067867
HYP-CON-BZ-ZW-RAW-001,ipo_approx_v1,16,605188,15,0.72909,0.048606,0.015999,-0.066166
HYP-CON-BZ-ZW-RAW-001,ipo_approx_v1,17,300576,7,-0.713469,-0.101924,0.015656,0.064749
HYP-CON-BZ-ZW-RAW-001,ipo_approx_v1,18,688555,2,-0.712043,-0.356021,0.015625,0.064619
HYP-CON-BZ-ZW-RAW-001,ipo_approx_v1,19,603388,2,-0.708203,-0.354101,0.01554,0.064271
HYP-CON-BZ-ZW-RAW-001,ipo_approx_v1,20,688578,4,0.685011,0.171253,0.015032,-0.062166
HYP-CON-BZ-ZW-CAL-001,listing_open_v1,1,600766,4,-1.559133,-0.389783,0.126571,0.259679
HYP-CON-BZ-ZW-CAL-001,listing_open_v1,2,603388,7,-1.042016,-0.148859,0.084591,0.173551
HYP-CON-BZ-ZW-CAL-001,listing_open_v1,3,002751,1,-0.801036,-0.801036,0.065028,0.133415
HYP-CON-BZ-ZW-CAL-001,listing_open_v1,4,000622,7,-0.678831,-0.096976,0.055108,0.113062
HYP-CON-BZ-ZW-CAL-001,listing_open_v1,5,002912,7,0.431477,0.06164,0.035027,-0.071864
HYP-CON-BZ-ZW-CAL-001,listing_open_v1,6,688589,4,-0.347588,-0.086897,0.028217,0.057892
HYP-CON-BZ-ZW-CAL-001,listing_open_v1,7,600768,1,0.328561,0.328561,0.026673,-0.054723
HYP-CON-BZ-ZW-CAL-001,listing_open_v1,8,600671,1,0.317644,0.317644,0.025786,-0.052905
HYP-CON-BZ-ZW-CAL-001,listing_open_v1,9,603032,2,-0.309666,-0.154833,0.025139,0.051576
HYP-CON-BZ-ZW-CAL-001,listing_open_v1,10,688689,4,-0.304476,-0.076119,0.024718,0.050711
HYP-CON-BZ-ZW-CAL-001,listing_open_v1,11,603668,7,-0.276982,-0.039569,0.022486,0.046132
HYP-CON-BZ-ZW-CAL-001,listing_open_v1,12,603838,7,-0.275901,-0.039414,0.022398,0.045952
HYP-CON-BZ-ZW-CAL-001,listing_open_v1,13,003004,2,-0.267795,-0.133898,0.02174,0.044602
HYP-CON-BZ-ZW-CAL-001,listing_open_v1,14,600262,1,0.261408,0.261408,0.021221,-0.043538
HYP-CON-BZ-ZW-CAL-001,listing_open_v1,15,300029,4,-0.245448,-0.061362,0.019926,0.04088
HYP-CON-BZ-ZW-CAL-001,listing_open_v1,16,002881,2,-0.244549,-0.122274,0.019853,0.04073
HYP-CON-BZ-ZW-CAL-001,listing_open_v1,17,300960,2,0.240684,0.120342,0.019539,-0.040087
HYP-CON-BZ-ZW-CAL-001,listing_open_v1,18,300188,2,-0.233827,-0.116914,0.018982,0.038945
HYP-CON-BZ-ZW-CAL-001,listing_open_v1,19,600100,1,0.227703,0.227703,0.018485,-0.037925
HYP-CON-BZ-ZW-CAL-001,listing_open_v1,20,601127,11,-0.213914,-0.019447,0.017366,0.035628
HYP-CON-BZ-ZW-CAL-001,listing_close_v1,1,300742,6,-1.118161,-0.18636,0.082198,0.312644
HYP-CON-BZ-ZW-CAL-001,listing_close_v1,2,300495,2,-0.842041,-0.421021,0.0619,0.235439
HYP-CON-BZ-ZW-CAL-001,listing_close_v1,3,002751,1,-0.801036,-0.801036,0.058885,0.223974
HYP-CON-BZ-ZW-CAL-001,listing_close_v1,4,600705,8,0.711607,0.088951,0.052311,-0.198969
HYP-CON-BZ-ZW-CAL-001,listing_close_v1,5,300117,1,0.57392,0.57392,0.04219,-0.160471
HYP-CON-BZ-ZW-CAL-001,listing_close_v1,6,000023,4,-0.566616,-0.141654,0.041653,0.158429
HYP-CON-BZ-ZW-CAL-001,listing_close_v1,7,603003,2,-0.515136,-0.257568,0.037868,0.144035
HYP-CON-BZ-ZW-CAL-001,listing_close_v1,8,300219,6,-0.463573,-0.077262,0.034078,0.129617
HYP-CON-BZ-ZW-CAL-001,listing_close_v1,9,300309,1,-0.448903,-0.448903,0.033,0.125516
HYP-CON-BZ-ZW-CAL-001,listing_close_v1,10,600671,5,0.419162,0.083832,0.030813,-0.1172
HYP-CON-BZ-ZW-CAL-001,listing_close_v1,11,688689,2,-0.379508,-0.189754,0.027898,0.106112
HYP-CON-BZ-ZW-CAL-001,listing_close_v1,12,002325,1,-0.364442,-0.364442,0.026791,0.1019
HYP-CON-BZ-ZW-CAL-001,listing_close_v1,13,300391,4,-0.310238,-0.07756,0.022806,0.086744
HYP-CON-BZ-ZW-CAL-001,listing_close_v1,14,002493,10,0.304227,0.030423,0.022364,-0.085063
HYP-CON-BZ-ZW-CAL-001,listing_close_v1,15,600811,3,0.295035,0.098345,0.021688,-0.082493
HYP-CON-BZ-ZW-CAL-001,listing_close_v1,16,000590,2,0.273295,0.136648,0.02009,-0.076415
HYP-CON-BZ-ZW-CAL-001,listing_close_v1,17,000932,1,0.266836,0.266836,0.019616,-0.074609
HYP-CON-BZ-ZW-CAL-001,listing_close_v1,18,600825,1,0.261239,0.261239,0.019204,-0.073044
HYP-CON-BZ-ZW-CAL-001,listing_close_v1,19,300165,6,-0.250781,-0.041797,0.018435,0.07012
HYP-CON-BZ-ZW-CAL-001,listing_close_v1,20,600262,2,0.242062,0.121031,0.017794,-0.067682
HYP-CON-BZ-ZW-CAL-001,ipo_approx_v1,1,300652,7,1.164955,0.166422,0.093151,0.717021
HYP-CON-BZ-ZW-CAL-001,ipo_approx_v1,2,600696,1,-0.730795,-0.730795,0.058435,-0.449799
HYP-CON-BZ-ZW-CAL-001,ipo_approx_v1,3,688578,4,0.685011,0.171253,0.054774,0.421619
HYP-CON-BZ-ZW-CAL-001,ipo_approx_v1,4,600811,1,0.665765,0.665765,0.053235,0.409773
HYP-CON-BZ-ZW-CAL-001,ipo_approx_v1,5,300709,7,-0.566704,-0.080958,0.045314,-0.348802
HYP-CON-BZ-ZW-CAL-001,ipo_approx_v1,6,002846,11,-0.534443,-0.048586,0.042735,-0.328945
HYP-CON-BZ-ZW-CAL-001,ipo_approx_v1,7,000627,1,-0.480106,-0.480106,0.03839,-0.295501
HYP-CON-BZ-ZW-CAL-001,ipo_approx_v1,8,601127,1,0.454899,0.454899,0.036374,0.279987
HYP-CON-BZ-ZW-CAL-001,ipo_approx_v1,9,000823,1,-0.397798,-0.397798,0.031808,-0.244842
HYP-CON-BZ-ZW-CAL-001,ipo_approx_v1,10,688448,1,0.375611,0.375611,0.030034,0.231186
HYP-CON-BZ-ZW-CAL-001,ipo_approx_v1,11,688589,2,-0.364381,-0.182191,0.029136,-0.224274
HYP-CON-BZ-ZW-CAL-001,ipo_approx_v1,12,002437,5,0.330391,0.066078,0.026419,0.203353
HYP-CON-BZ-ZW-CAL-001,ipo_approx_v1,13,300208,1,0.32114,0.32114,0.025679,0.197659
HYP-CON-BZ-ZW-CAL-001,ipo_approx_v1,14,600262,1,0.261408,0.261408,0.020903,0.160895
HYP-CON-BZ-ZW-CAL-001,ipo_approx_v1,15,603032,1,0.240825,0.240825,0.019257,0.148226
HYP-CON-BZ-ZW-CAL-001,ipo_approx_v1,16,300551,5,0.238899,0.04778,0.019103,0.14704
HYP-CON-BZ-ZW-CAL-001,ipo_approx_v1,17,603603,1,-0.229104,-0.229104,0.018319,-0.141012
HYP-CON-BZ-ZW-CAL-001,ipo_approx_v1,18,600599,2,0.223966,0.111983,0.017909,0.137849
HYP-CON-BZ-ZW-CAL-001,ipo_approx_v1,19,300902,6,-0.218452,-0.036409,0.017468,-0.134455
HYP-CON-BZ-ZW-CAL-001,ipo_approx_v1,20,688418,2,-0.188649,-0.094324,0.015085,-0.116112
HYP-CON-BZ-HL-RAW-001,listing_open_v1,1,300280,5,-1.389534,-0.277907,0.016178,0.026212
HYP-CON-BZ-HL-RAW-001,listing_open_v1,2,002750,5,-1.328392,-0.265678,0.015466,0.025059
HYP-CON-BZ-HL-RAW-001,listing_open_v1,3,002336,5,-1.318669,-0.263734,0.015353,0.024875
HYP-CON-BZ-HL-RAW-001,listing_open_v1,4,300282,3,-1.296578,-0.432193,0.015096,0.024459
HYP-CON-BZ-HL-RAW-001,listing_open_v1,5,300799,3,-1.269086,-0.423029,0.014776,0.02394
HYP-CON-BZ-HL-RAW-001,listing_open_v1,6,300630,4,-1.248616,-0.312154,0.014537,0.023554
HYP-CON-BZ-HL-RAW-001,listing_open_v1,7,600421,7,-1.170637,-0.167234,0.013629,0.022083
HYP-CON-BZ-HL-RAW-001,listing_open_v1,8,603963,6,-1.164447,-0.194075,0.013557,0.021966
HYP-CON-BZ-HL-RAW-001,listing_open_v1,9,603388,7,-1.157276,-0.165325,0.013474,0.021831
HYP-CON-BZ-HL-RAW-001,listing_open_v1,10,300029,5,-1.150115,-0.230023,0.01339,0.021696
HYP-CON-BZ-HL-RAW-001,listing_open_v1,11,300379,8,-1.142292,-0.142786,0.013299,0.021548
HYP-CON-BZ-HL-RAW-001,listing_open_v1,12,600766,3,-1.092939,-0.364313,0.012725,0.020617
HYP-CON-BZ-HL-RAW-001,listing_open_v1,13,002308,3,-1.052319,-0.350773,0.012252,0.019851
HYP-CON-BZ-HL-RAW-001,listing_open_v1,14,603133,4,-1.033241,-0.25831,0.01203,0.019491
HYP-CON-BZ-HL-RAW-001,listing_open_v1,15,002087,3,-1.018593,-0.339531,0.011859,0.019215
HYP-CON-BZ-HL-RAW-001,listing_open_v1,16,000584,5,-0.99711,-0.199422,0.011609,0.01881
HYP-CON-BZ-HL-RAW-001,listing_open_v1,17,300742,3,-0.957074,-0.319025,0.011143,0.018054
HYP-CON-BZ-HL-RAW-001,listing_open_v1,18,600608,7,-0.91557,-0.130796,0.01066,0.017271
HYP-CON-BZ-HL-RAW-001,listing_open_v1,19,600070,4,-0.89742,-0.224355,0.010448,0.016929
HYP-CON-BZ-HL-RAW-001,listing_open_v1,20,300089,2,-0.866884,-0.433442,0.010093,0.016353
HYP-CON-BZ-HL-RAW-001,listing_close_v1,1,600421,5,-1.623923,-0.324785,0.018927,0.02799
HYP-CON-BZ-HL-RAW-001,listing_close_v1,2,603388,8,-1.501311,-0.187664,0.017498,0.025876
HYP-CON-BZ-HL-RAW-001,listing_close_v1,3,002087,4,-1.44521,-0.361303,0.016844,0.02491
HYP-CON-BZ-HL-RAW-001,listing_close_v1,4,300280,5,-1.389534,-0.277907,0.016196,0.02395
HYP-CON-BZ-HL-RAW-001,listing_close_v1,5,600599,7,-1.380918,-0.197274,0.016095,0.023801
HYP-CON-BZ-HL-RAW-001,listing_close_v1,6,605081,4,-1.324669,-0.331167,0.015439,0.022832
HYP-CON-BZ-HL-RAW-001,listing_close_v1,7,300282,3,-1.296578,-0.432193,0.015112,0.022348
HYP-CON-BZ-HL-RAW-001,listing_close_v1,8,300029,9,-1.24947,-0.13883,0.014563,0.021536
HYP-CON-BZ-HL-RAW-001,listing_close_v1,9,603963,6,-1.164447,-0.194075,0.013572,0.02007
HYP-CON-BZ-HL-RAW-001,listing_close_v1,10,002336,6,-1.143315,-0.190552,0.013326,0.019706
HYP-CON-BZ-HL-RAW-001,listing_close_v1,11,600766,3,-1.092939,-0.364313,0.012739,0.018838
HYP-CON-BZ-HL-RAW-001,listing_close_v1,12,300630,3,-1.089462,-0.363154,0.012698,0.018778
HYP-CON-BZ-HL-RAW-001,listing_close_v1,13,600608,6,-1.088493,-0.181416,0.012687,0.018761
HYP-CON-BZ-HL-RAW-001,listing_close_v1,14,600306,3,-1.069247,-0.356416,0.012462,0.018429
HYP-CON-BZ-HL-RAW-001,listing_close_v1,15,002308,3,-1.052319,-0.350773,0.012265,0.018138
HYP-CON-BZ-HL-RAW-001,listing_close_v1,16,603133,4,-1.033241,-0.25831,0.012043,0.017809
HYP-CON-BZ-HL-RAW-001,listing_close_v1,17,600355,9,-1.017243,-0.113027,0.011856,0.017533
HYP-CON-BZ-HL-RAW-001,listing_close_v1,18,300742,3,-0.957074,-0.319025,0.011155,0.016496
HYP-CON-BZ-HL-RAW-001,listing_close_v1,19,002433,2,-0.915857,-0.457929,0.010675,0.015786
HYP-CON-BZ-HL-RAW-001,listing_close_v1,20,600532,2,-0.873254,-0.436627,0.010178,0.015051
HYP-CON-BZ-HL-RAW-001,ipo_approx_v1,1,300280,8,-2.924904,-0.365613,0.032531,0.056486
HYP-CON-BZ-HL-RAW-001,ipo_approx_v1,2,300208,5,-1.471642,-0.294328,0.016368,0.02842
HYP-CON-BZ-HL-RAW-001,ipo_approx_v1,3,600599,4,-1.376614,-0.344154,0.015311,0.026585
HYP-CON-BZ-HL-RAW-001,ipo_approx_v1,4,605081,7,-1.319311,-0.188473,0.014673,0.025479
HYP-CON-BZ-HL-RAW-001,ipo_approx_v1,5,600387,5,-1.291354,-0.258271,0.014362,0.024939
HYP-CON-BZ-HL-RAW-001,ipo_approx_v1,6,600421,6,-1.269172,-0.211529,0.014116,0.02451
HYP-CON-BZ-HL-RAW-001,ipo_approx_v1,7,000996,2,-1.147096,-0.573548,0.012758,0.022153
HYP-CON-BZ-HL-RAW-001,ipo_approx_v1,8,002087,2,-1.093138,-0.546569,0.012158,0.021111
HYP-CON-BZ-HL-RAW-001,ipo_approx_v1,9,000584,7,-1.082895,-0.154699,0.012044,0.020913
HYP-CON-BZ-HL-RAW-001,ipo_approx_v1,10,300379,6,-1.077111,-0.179518,0.01198,0.020801
HYP-CON-BZ-HL-RAW-001,ipo_approx_v1,11,300652,10,1.063076,0.106308,0.011823,-0.02053
HYP-CON-BZ-HL-RAW-001,ipo_approx_v1,12,600766,2,-1.034668,-0.517334,0.011508,0.019982
HYP-CON-BZ-HL-RAW-001,ipo_approx_v1,13,002308,4,-1.027809,-0.256952,0.011431,0.019849
HYP-CON-BZ-HL-RAW-001,ipo_approx_v1,14,600811,6,1.018894,0.169816,0.011332,-0.019677
HYP-CON-BZ-HL-RAW-001,ipo_approx_v1,15,002750,4,-1.004488,-0.251122,0.011172,0.019399
HYP-CON-BZ-HL-RAW-001,ipo_approx_v1,16,300282,3,-0.999899,-0.3333,0.011121,0.01931
HYP-CON-BZ-HL-RAW-001,ipo_approx_v1,17,600647,3,-0.979052,-0.326351,0.010889,0.018908
HYP-CON-BZ-HL-RAW-001,ipo_approx_v1,18,600696,5,-0.964335,-0.192867,0.010725,0.018623
HYP-CON-BZ-HL-RAW-001,ipo_approx_v1,19,601127,8,0.96241,0.120301,0.010704,-0.018586
HYP-CON-BZ-HL-RAW-001,ipo_approx_v1,20,600819,10,0.958328,0.095833,0.010658,-0.018507
HYP-CON-BZ-HL-CAL-001,listing_open_v1,1,603388,3,-1.235713,-0.411904,0.051983,0.09723
HYP-CON-BZ-HL-CAL-001,listing_open_v1,2,600766,2,-1.034351,-0.517176,0.043512,0.081386
HYP-CON-BZ-HL-CAL-001,listing_open_v1,3,600306,3,-0.779595,-0.259865,0.032795,0.061341
HYP-CON-BZ-HL-CAL-001,listing_open_v1,4,688173,3,-0.597587,-0.199196,0.025139,0.04702
HYP-CON-BZ-HL-CAL-001,listing_open_v1,5,688010,3,-0.574367,-0.191456,0.024162,0.045193
HYP-CON-BZ-HL-CAL-001,listing_open_v1,6,002881,4,-0.564262,-0.141066,0.023737,0.044398
HYP-CON-BZ-HL-CAL-001,listing_open_v1,7,688689,3,-0.555899,-0.1853,0.023385,0.04374
HYP-CON-BZ-HL-CAL-001,listing_open_v1,8,688589,3,-0.543248,-0.181083,0.022853,0.042744
HYP-CON-BZ-HL-CAL-001,listing_open_v1,9,603032,5,-0.511717,-0.102343,0.021526,0.040264
HYP-CON-BZ-HL-CAL-001,listing_open_v1,10,000622,2,-0.459679,-0.22984,0.019337,0.036169
HYP-CON-BZ-HL-CAL-001,listing_open_v1,11,603963,2,-0.459441,-0.229721,0.019327,0.03615
HYP-CON-BZ-HL-CAL-001,listing_open_v1,12,300443,3,-0.436229,-0.14541,0.018351,0.034324
HYP-CON-BZ-HL-CAL-001,listing_open_v1,13,688418,3,-0.388626,-0.129542,0.016348,0.030578
HYP-CON-BZ-HL-CAL-001,listing_open_v1,14,002280,2,-0.385436,-0.192718,0.016214,0.030327
HYP-CON-BZ-HL-CAL-001,listing_open_v1,15,002682,1,-0.362922,-0.362922,0.015267,0.028556
HYP-CON-BZ-HL-CAL-001,listing_open_v1,16,605188,6,-0.362681,-0.060447,0.015257,0.028537
HYP-CON-BZ-HL-CAL-001,listing_open_v1,17,600112,1,-0.352484,-0.352484,0.014828,0.027735
HYP-CON-BZ-HL-CAL-001,listing_open_v1,18,301261,2,-0.347357,-0.173679,0.014612,0.027331
HYP-CON-BZ-HL-CAL-001,listing_open_v1,19,300188,3,-0.340235,-0.113412,0.014313,0.026771
HYP-CON-BZ-HL-CAL-001,listing_open_v1,20,688007,3,-0.332161,-0.11072,0.013973,0.026135
HYP-CON-BZ-HL-CAL-001,listing_close_v1,1,600766,2,-1.034351,-0.517176,0.047133,0.097953
HYP-CON-BZ-HL-CAL-001,listing_close_v1,2,002272,2,1.012928,0.506464,0.046157,-0.095924
HYP-CON-BZ-HL-CAL-001,listing_close_v1,3,300742,2,-0.873075,-0.436538,0.039784,0.08268
HYP-CON-BZ-HL-CAL-001,listing_close_v1,4,300495,2,-0.842041,-0.421021,0.03837,0.079741
HYP-CON-BZ-HL-CAL-001,listing_close_v1,5,002087,1,-0.806509,-0.806509,0.036751,0.076376
HYP-CON-BZ-HL-CAL-001,listing_close_v1,6,688010,3,-0.574367,-0.191456,0.026173,0.054392
HYP-CON-BZ-HL-CAL-001,listing_close_v1,7,000023,2,-0.505289,-0.252644,0.023025,0.047851
HYP-CON-BZ-HL-CAL-001,listing_close_v1,8,688589,4,-0.472904,-0.118226,0.021549,0.044784
HYP-CON-BZ-HL-CAL-001,listing_close_v1,9,600355,3,-0.451604,-0.150535,0.020579,0.042767
HYP-CON-BZ-HL-CAL-001,listing_close_v1,10,603963,3,-0.412966,-0.137655,0.018818,0.039108
HYP-CON-BZ-HL-CAL-001,listing_close_v1,11,300247,3,0.368978,0.122993,0.016814,-0.034942
HYP-CON-BZ-HL-CAL-001,listing_close_v1,12,600112,1,-0.352484,-0.352484,0.016062,0.03338
HYP-CON-BZ-HL-CAL-001,listing_close_v1,13,300955,3,-0.344833,-0.114944,0.015713,0.032656
HYP-CON-BZ-HL-CAL-001,listing_close_v1,14,688418,4,-0.344608,-0.086152,0.015703,0.032634
HYP-CON-BZ-HL-CAL-001,listing_close_v1,15,688173,2,-0.344555,-0.172278,0.015701,0.032629
HYP-CON-BZ-HL-CAL-001,listing_close_v1,16,300188,3,-0.340235,-0.113412,0.015504,0.03222
HYP-CON-BZ-HL-CAL-001,listing_close_v1,17,300551,1,-0.338408,-0.338408,0.015421,0.032047
HYP-CON-BZ-HL-CAL-001,listing_close_v1,18,603668,4,-0.332399,-0.0831,0.015147,0.031478
HYP-CON-BZ-HL-CAL-001,listing_close_v1,19,688007,3,-0.332161,-0.11072,0.015136,0.031456
HYP-CON-BZ-HL-CAL-001,listing_close_v1,20,603032,6,-0.32366,-0.053943,0.014749,0.030651
HYP-CON-BZ-HL-CAL-001,ipo_approx_v1,1,600421,3,-1.244972,-0.414991,0.047072,0.131531
HYP-CON-BZ-HL-CAL-001,ipo_approx_v1,2,300652,5,0.870542,0.174108,0.032915,-0.091972
HYP-CON-BZ-HL-CAL-001,ipo_approx_v1,3,000996,1,-0.857823,-0.857823,0.032434,0.090629
HYP-CON-BZ-HL-CAL-001,ipo_approx_v1,4,000638,4,0.748265,0.187066,0.028292,-0.079054
HYP-CON-BZ-HL-CAL-001,ipo_approx_v1,5,600793,4,0.74605,0.186512,0.028208,-0.07882
HYP-CON-BZ-HL-CAL-001,ipo_approx_v1,6,300709,5,-0.706474,-0.141295,0.026711,0.074639
HYP-CON-BZ-HL-CAL-001,ipo_approx_v1,7,688689,6,-0.67775,-0.112958,0.025625,0.071604
HYP-CON-BZ-HL-CAL-001,ipo_approx_v1,8,600070,3,-0.660313,-0.220104,0.024966,0.069762
HYP-CON-BZ-HL-CAL-001,ipo_approx_v1,9,600804,2,-0.609992,-0.304996,0.023064,0.064445
HYP-CON-BZ-HL-CAL-001,ipo_approx_v1,10,600387,3,-0.53752,-0.179173,0.020323,0.056789
HYP-CON-BZ-HL-CAL-001,ipo_approx_v1,11,600705,4,0.531681,0.13292,0.020103,-0.056172
HYP-CON-BZ-HL-CAL-001,ipo_approx_v1,12,002336,1,-0.510913,-0.510913,0.019317,0.053978
HYP-CON-BZ-HL-CAL-001,ipo_approx_v1,13,000023,2,-0.505289,-0.252644,0.019105,0.053384
HYP-CON-BZ-HL-CAL-001,ipo_approx_v1,14,600898,2,-0.498462,-0.249231,0.018847,0.052662
HYP-CON-BZ-HL-CAL-001,ipo_approx_v1,15,600823,1,-0.490349,-0.490349,0.01854,0.051805
HYP-CON-BZ-HL-CAL-001,ipo_approx_v1,16,002846,7,-0.489179,-0.069883,0.018496,0.051682
HYP-CON-BZ-HL-CAL-001,ipo_approx_v1,17,300344,1,0.414706,0.414706,0.01568,-0.043813
HYP-CON-BZ-HL-CAL-001,ipo_approx_v1,18,688131,3,-0.414334,-0.138111,0.015666,0.043774
HYP-CON-BZ-HL-CAL-001,ipo_approx_v1,19,600462,1,-0.404876,-0.404876,0.015308,0.042775
HYP-CON-BZ-HL-CAL-001,ipo_approx_v1,20,002773,3,0.390898,0.130299,0.01478,-0.041298
HYP-CON-ZW-HL-RAW-001,listing_open_v1,1,002272,1,1.170362,1.170362,0.044102,-0.111524
HYP-CON-ZW-HL-RAW-001,listing_open_v1,2,603388,6,-1.054596,-0.175766,0.03974,0.100492
HYP-CON-ZW-HL-RAW-001,listing_open_v1,3,600766,2,-1.034351,-0.517176,0.038977,0.098563
HYP-CON-ZW-HL-RAW-001,listing_open_v1,4,300089,2,-0.866884,-0.433442,0.032666,0.082605
HYP-CON-ZW-HL-RAW-001,listing_open_v1,5,688689,4,-0.71004,-0.17751,0.026756,0.06766
HYP-CON-ZW-HL-RAW-001,listing_open_v1,6,002750,3,-0.692294,-0.230765,0.026087,0.065969
HYP-CON-ZW-HL-RAW-001,listing_open_v1,7,002336,2,-0.680631,-0.340315,0.025648,0.064857
HYP-CON-ZW-HL-RAW-001,listing_open_v1,8,000622,4,-0.671792,-0.167948,0.025315,0.064015
HYP-CON-ZW-HL-RAW-001,listing_open_v1,9,300551,5,-0.648866,-0.129773,0.024451,0.06183
HYP-CON-ZW-HL-RAW-001,listing_open_v1,10,688559,2,-0.553671,-0.276836,0.020864,0.052759
HYP-CON-ZW-HL-RAW-001,listing_open_v1,11,000584,2,-0.521771,-0.260885,0.019661,0.04972
HYP-CON-ZW-HL-RAW-001,listing_open_v1,12,600112,3,-0.511046,-0.170349,0.019257,0.048698
HYP-CON-ZW-HL-RAW-001,listing_open_v1,13,600898,2,-0.498462,-0.249231,0.018783,0.047498
HYP-CON-ZW-HL-RAW-001,listing_open_v1,14,600696,3,-0.452581,-0.15086,0.017054,0.043126
HYP-CON-ZW-HL-RAW-001,listing_open_v1,15,600262,4,0.441137,0.110284,0.016623,-0.042036
HYP-CON-ZW-HL-RAW-001,listing_open_v1,16,002308,2,-0.438758,-0.219379,0.016533,0.041809
HYP-CON-ZW-HL-RAW-001,listing_open_v1,17,603668,5,-0.416757,-0.083351,0.015704,0.039713
HYP-CON-ZW-HL-RAW-001,listing_open_v1,18,002003,4,0.413718,0.103429,0.01559,-0.039423
HYP-CON-ZW-HL-RAW-001,listing_open_v1,19,688578,1,0.406929,0.406929,0.015334,-0.038776
HYP-CON-ZW-HL-RAW-001,listing_open_v1,20,300054,7,-0.368926,-0.052704,0.013902,0.035155
HYP-CON-ZW-HL-RAW-001,listing_close_v1,1,605081,4,-1.324669,-0.331167,0.044203,0.072453
HYP-CON-ZW-HL-RAW-001,listing_close_v1,2,300208,6,-1.236171,-0.206028,0.04125,0.067613
HYP-CON-ZW-HL-RAW-001,listing_close_v1,3,300630,3,-1.089462,-0.363154,0.036355,0.059589
HYP-CON-ZW-HL-RAW-001,listing_close_v1,4,300742,3,-0.957074,-0.319025,0.031937,0.052348
HYP-CON-ZW-HL-RAW-001,listing_close_v1,5,300495,2,-0.842041,-0.421021,0.028098,0.046056
HYP-CON-ZW-HL-RAW-001,listing_close_v1,6,300068,8,-0.814815,-0.101852,0.02719,0.044567
HYP-CON-ZW-HL-RAW-001,listing_close_v1,7,600647,2,-0.786989,-0.393494,0.026261,0.043045
HYP-CON-ZW-HL-RAW-001,listing_close_v1,8,600898,4,-0.786439,-0.19661,0.026243,0.043015
HYP-CON-ZW-HL-RAW-001,listing_close_v1,9,300219,11,-0.749984,-0.06818,0.025027,0.041021
HYP-CON-ZW-HL-RAW-001,listing_close_v1,10,600083,2,-0.665777,-0.332889,0.022217,0.036415
HYP-CON-ZW-HL-RAW-001,listing_close_v1,11,600242,1,-0.662788,-0.662788,0.022117,0.036251
HYP-CON-ZW-HL-RAW-001,listing_close_v1,12,301041,7,-0.640333,-0.091476,0.021368,0.035023
HYP-CON-ZW-HL-RAW-001,listing_close_v1,13,000823,6,-0.605588,-0.100931,0.020208,0.033123
HYP-CON-ZW-HL-RAW-001,listing_close_v1,14,600836,2,-0.560897,-0.280448,0.018717,0.030678
HYP-CON-ZW-HL-RAW-001,listing_close_v1,15,688689,4,-0.545848,-0.136462,0.018215,0.029855
HYP-CON-ZW-HL-RAW-001,listing_close_v1,16,300391,3,-0.540567,-0.180189,0.018038,0.029567
HYP-CON-ZW-HL-RAW-001,listing_close_v1,17,000807,3,0.487423,0.162474,0.016265,-0.02666
HYP-CON-ZW-HL-RAW-001,listing_close_v1,18,600262,8,0.461603,0.0577,0.015403,-0.025248
HYP-CON-ZW-HL-RAW-001,listing_close_v1,19,605006,5,-0.39173,-0.078346,0.013072,0.021426
HYP-CON-ZW-HL-RAW-001,listing_close_v1,20,300551,8,0.380174,0.047522,0.012686,-0.020794
HYP-CON-ZW-HL-RAW-001,ipo_approx_v1,1,300799,2,-1.245276,-0.622638,0.038339,0.116776
HYP-CON-ZW-HL-RAW-001,ipo_approx_v1,2,300652,7,1.105159,0.15788,0.034025,-0.103636
HYP-CON-ZW-HL-RAW-001,ipo_approx_v1,3,600766,2,-1.034668,-0.517334,0.031855,0.097026
HYP-CON-ZW-HL-RAW-001,ipo_approx_v1,4,300630,5,-0.994027,-0.198805,0.030603,0.093215
HYP-CON-ZW-HL-RAW-001,ipo_approx_v1,5,601127,7,0.978517,0.139788,0.030126,-0.09176
HYP-CON-ZW-HL-RAW-001,ipo_approx_v1,6,600811,6,0.922771,0.153795,0.02841,-0.086533
HYP-CON-ZW-HL-RAW-001,ipo_approx_v1,7,601168,8,0.866555,0.108319,0.026679,-0.081261
HYP-CON-ZW-HL-RAW-001,ipo_approx_v1,8,605188,4,0.770975,0.192744,0.023736,-0.072298
HYP-CON-ZW-HL-RAW-001,ipo_approx_v1,9,300282,1,-0.766394,-0.766394,0.023595,0.071869
HYP-CON-ZW-HL-RAW-001,ipo_approx_v1,10,688578,3,0.741111,0.247037,0.022817,-0.069498
HYP-CON-ZW-HL-RAW-001,ipo_approx_v1,11,688589,5,-0.715478,-0.143096,0.022028,0.067094
HYP-CON-ZW-HL-RAW-001,ipo_approx_v1,12,603388,2,-0.708203,-0.354101,0.021804,0.066412
HYP-CON-ZW-HL-RAW-001,ipo_approx_v1,13,600696,3,-0.665764,-0.221921,0.020497,0.062432
HYP-CON-ZW-HL-RAW-001,ipo_approx_v1,14,300344,2,-0.653762,-0.326881,0.020128,0.061306
HYP-CON-ZW-HL-RAW-001,ipo_approx_v1,15,688418,5,-0.648257,-0.129651,0.019958,0.06079
HYP-CON-ZW-HL-RAW-001,ipo_approx_v1,16,300576,5,-0.595114,-0.119023,0.018322,0.055807
HYP-CON-ZW-HL-RAW-001,ipo_approx_v1,17,600083,2,-0.541747,-0.270873,0.016679,0.050802
HYP-CON-ZW-HL-RAW-001,ipo_approx_v1,18,002288,2,-0.52479,-0.262395,0.016157,0.049212
HYP-CON-ZW-HL-RAW-001,ipo_approx_v1,19,300208,2,-0.518875,-0.259437,0.015975,0.048657
HYP-CON-ZW-HL-RAW-001,ipo_approx_v1,20,300709,4,-0.464806,-0.116201,0.01431,0.043587
HYP-CON-ZW-HL-CAL-001,listing_open_v1,1,603388,3,-1.235713,-0.411904,0.068751,0.167782
HYP-CON-ZW-HL-CAL-001,listing_open_v1,2,002272,1,1.170362,1.170362,0.065115,-0.158908
HYP-CON-ZW-HL-CAL-001,listing_open_v1,3,600766,2,-1.034351,-0.517176,0.057548,0.140441
HYP-CON-ZW-HL-CAL-001,listing_open_v1,4,002750,3,-0.692294,-0.230765,0.038517,0.093998
HYP-CON-ZW-HL-CAL-001,listing_open_v1,5,688689,2,-0.523606,-0.261803,0.029132,0.071094
HYP-CON-ZW-HL-CAL-001,listing_open_v1,6,600696,2,-0.47284,-0.23642,0.026307,0.064201
HYP-CON-ZW-HL-CAL-001,listing_open_v1,7,000622,2,-0.459679,-0.22984,0.025575,0.062414
HYP-CON-ZW-HL-CAL-001,listing_open_v1,8,605188,1,0.456183,0.456183,0.025381,-0.061939
HYP-CON-ZW-HL-CAL-001,listing_open_v1,9,002308,2,-0.438758,-0.219379,0.024411,0.059573
HYP-CON-ZW-HL-CAL-001,listing_open_v1,10,000004,4,-0.393561,-0.09839,0.021896,0.053437
HYP-CON-ZW-HL-CAL-001,listing_open_v1,11,688589,2,-0.364381,-0.182191,0.020273,0.049475
HYP-CON-ZW-HL-CAL-001,listing_open_v1,12,688266,3,-0.314045,-0.104682,0.017472,0.04264
HYP-CON-ZW-HL-CAL-001,listing_open_v1,13,301093,2,-0.3101,-0.15505,0.017253,0.042104
HYP-CON-ZW-HL-CAL-001,listing_open_v1,14,300054,2,-0.299985,-0.149993,0.01669,0.040731
HYP-CON-ZW-HL-CAL-001,listing_open_v1,15,002912,3,0.298731,0.099577,0.01662,-0.040561
HYP-CON-ZW-HL-CAL-001,listing_open_v1,16,603032,1,-0.295767,-0.295767,0.016456,0.040158
HYP-CON-ZW-HL-CAL-001,listing_open_v1,17,002773,2,-0.295084,-0.147542,0.016418,0.040066
HYP-CON-ZW-HL-CAL-001,listing_open_v1,18,000996,1,-0.289273,-0.289273,0.016094,0.039277
HYP-CON-ZW-HL-CAL-001,listing_open_v1,19,603186,1,0.285157,0.285157,0.015865,-0.038718
HYP-CON-ZW-HL-CAL-001,listing_open_v1,20,600599,2,-0.278716,-0.139358,0.015507,0.037843
HYP-CON-ZW-HL-CAL-001,listing_close_v1,1,300630,2,-1.025777,-0.512889,0.077196,0.140033
HYP-CON-ZW-HL-CAL-001,listing_close_v1,2,300742,2,-0.873075,-0.436538,0.065704,0.119187
HYP-CON-ZW-HL-CAL-001,listing_close_v1,3,300495,2,-0.842041,-0.421021,0.063369,0.11495
HYP-CON-ZW-HL-CAL-001,listing_close_v1,4,300219,4,-0.628685,-0.157171,0.047313,0.085824
HYP-CON-ZW-HL-CAL-001,listing_close_v1,5,000823,3,-0.60766,-0.202553,0.04573,0.082954
HYP-CON-ZW-HL-CAL-001,listing_close_v1,6,600836,2,-0.560897,-0.280448,0.042211,0.07657
HYP-CON-ZW-HL-CAL-001,listing_close_v1,7,300208,1,-0.519814,-0.519814,0.039119,0.070962
HYP-CON-ZW-HL-CAL-001,listing_close_v1,8,600262,7,0.480949,0.068707,0.036194,-0.065656
HYP-CON-ZW-HL-CAL-001,listing_close_v1,9,300068,2,-0.471632,-0.235816,0.035493,0.064384
HYP-CON-ZW-HL-CAL-001,listing_close_v1,10,000971,1,-0.390292,-0.390292,0.029372,0.05328
HYP-CON-ZW-HL-CAL-001,listing_close_v1,11,688131,5,-0.385997,-0.077199,0.029049,0.052694
HYP-CON-ZW-HL-CAL-001,listing_close_v1,12,000040,2,-0.311727,-0.155863,0.023459,0.042555
HYP-CON-ZW-HL-CAL-001,listing_close_v1,13,000807,1,0.290939,0.290939,0.021895,-0.039717
HYP-CON-ZW-HL-CAL-001,listing_close_v1,14,600898,1,-0.289226,-0.289226,0.021766,0.039483
HYP-CON-ZW-HL-CAL-001,listing_close_v1,15,300116,1,0.285626,0.285626,0.021495,-0.038992
HYP-CON-ZW-HL-CAL-001,listing_close_v1,16,603931,4,0.251595,0.062899,0.018934,-0.034346
HYP-CON-ZW-HL-CAL-001,listing_close_v1,17,300188,2,0.24183,0.120915,0.018199,-0.033013
HYP-CON-ZW-HL-CAL-001,listing_close_v1,18,600811,2,-0.241438,-0.120719,0.01817,0.03296
HYP-CON-ZW-HL-CAL-001,listing_close_v1,19,002610,2,-0.22486,-0.11243,0.016922,0.030697
HYP-CON-ZW-HL-CAL-001,listing_close_v1,20,300551,3,-0.222734,-0.074245,0.016762,0.030406
HYP-CON-ZW-HL-CAL-001,ipo_approx_v1,1,300630,4,-1.182085,-0.295521,0.05944,0.120268
HYP-CON-ZW-HL-CAL-001,ipo_approx_v1,2,600766,2,-1.034668,-0.517334,0.052027,0.105269
HYP-CON-ZW-HL-CAL-001,ipo_approx_v1,3,300282,1,-0.766394,-0.766394,0.038537,0.077974
HYP-CON-ZW-HL-CAL-001,ipo_approx_v1,4,600696,3,-0.665764,-0.221921,0.033477,0.067736
HYP-CON-ZW-HL-CAL-001,ipo_approx_v1,5,300652,5,0.655491,0.131098,0.032961,-0.066691
HYP-CON-ZW-HL-CAL-001,ipo_approx_v1,6,688418,4,-0.60768,-0.15192,0.030556,0.061827
HYP-CON-ZW-HL-CAL-001,ipo_approx_v1,7,688589,4,-0.574523,-0.143631,0.028889,0.058453
HYP-CON-ZW-HL-CAL-001,ipo_approx_v1,8,300709,3,-0.556963,-0.185654,0.028006,0.056667
HYP-CON-ZW-HL-CAL-001,ipo_approx_v1,9,002325,2,-0.437171,-0.218585,0.021983,0.044479
HYP-CON-ZW-HL-CAL-001,ipo_approx_v1,10,605188,3,0.427458,0.142486,0.021494,-0.04349
HYP-CON-ZW-HL-CAL-001,ipo_approx_v1,11,002846,5,-0.421928,-0.084386,0.021216,0.042928
HYP-CON-ZW-HL-CAL-001,ipo_approx_v1,12,300799,1,-0.418751,-0.418751,0.021056,0.042605
HYP-CON-ZW-HL-CAL-001,ipo_approx_v1,13,688578,1,0.406929,0.406929,0.020462,-0.041402
HYP-CON-ZW-HL-CAL-001,ipo_approx_v1,14,300054,2,-0.398043,-0.199022,0.020015,0.040498
HYP-CON-ZW-HL-CAL-001,ipo_approx_v1,15,300280,1,-0.393086,-0.393086,0.019766,0.039993
HYP-CON-ZW-HL-CAL-001,ipo_approx_v1,16,688689,4,-0.388159,-0.09704,0.019518,0.039492
HYP-CON-ZW-HL-CAL-001,ipo_approx_v1,17,300576,3,-0.380005,-0.126668,0.019108,0.038662
HYP-CON-ZW-HL-CAL-001,ipo_approx_v1,18,300551,1,-0.338408,-0.338408,0.017016,0.03443
HYP-CON-ZW-HL-CAL-001,ipo_approx_v1,19,002881,2,-0.334367,-0.167183,0.016813,0.034019
HYP-CON-ZW-HL-CAL-001,ipo_approx_v1,20,603032,2,-0.326744,-0.163372,0.01643,0.033244
HYP-CON-ALL3-RAW-001,listing_open_v1,1,002272,1,1.170362,1.170362,0.045314,-0.115553
HYP-CON-ALL3-RAW-001,listing_open_v1,2,603388,6,-1.054596,-0.175766,0.040832,0.104123
HYP-CON-ALL3-RAW-001,listing_open_v1,3,600766,2,-1.034351,-0.517176,0.040048,0.102125
HYP-CON-ALL3-RAW-001,listing_open_v1,4,300089,2,-0.866884,-0.433442,0.033564,0.08559
HYP-CON-ALL3-RAW-001,listing_open_v1,5,688689,4,-0.71004,-0.17751,0.027491,0.070104
HYP-CON-ALL3-RAW-001,listing_open_v1,6,002750,3,-0.692294,-0.230765,0.026804,0.068352
HYP-CON-ALL3-RAW-001,listing_open_v1,7,002336,2,-0.680631,-0.340315,0.026353,0.067201
HYP-CON-ALL3-RAW-001,listing_open_v1,8,000622,4,-0.671792,-0.167948,0.026011,0.066328
HYP-CON-ALL3-RAW-001,listing_open_v1,9,300551,5,-0.648866,-0.129773,0.025123,0.064064
HYP-CON-ALL3-RAW-001,listing_open_v1,10,600112,3,-0.511046,-0.170349,0.019787,0.050457
HYP-CON-ALL3-RAW-001,listing_open_v1,11,600898,2,-0.498462,-0.249231,0.0193,0.049215
HYP-CON-ALL3-RAW-001,listing_open_v1,12,600696,3,-0.452581,-0.15086,0.017523,0.044685
HYP-CON-ALL3-RAW-001,listing_open_v1,13,600262,4,0.441137,0.110284,0.01708,-0.043555
HYP-CON-ALL3-RAW-001,listing_open_v1,14,300054,6,-0.439113,-0.073186,0.017002,0.043355
HYP-CON-ALL3-RAW-001,listing_open_v1,15,002308,2,-0.438758,-0.219379,0.016988,0.04332
HYP-CON-ALL3-RAW-001,listing_open_v1,16,603668,5,-0.416757,-0.083351,0.016136,0.041148
HYP-CON-ALL3-RAW-001,listing_open_v1,17,002003,4,0.413718,0.103429,0.016018,-0.040848
HYP-CON-ALL3-RAW-001,listing_open_v1,18,688578,1,0.406929,0.406929,0.015756,-0.040177
HYP-CON-ALL3-RAW-001,listing_open_v1,19,688589,3,-0.367181,-0.122394,0.014217,0.036253
HYP-CON-ALL3-RAW-001,listing_open_v1,20,003013,6,0.363586,0.060598,0.014077,-0.035898
HYP-CON-ALL3-RAW-001,listing_close_v1,1,605081,4,-1.324669,-0.331167,0.047058,0.080148
HYP-CON-ALL3-RAW-001,listing_close_v1,2,300630,3,-1.089462,-0.363154,0.038702,0.065917
HYP-CON-ALL3-RAW-001,listing_close_v1,3,300742,3,-0.957074,-0.319025,0.033999,0.057907
HYP-CON-ALL3-RAW-001,listing_close_v1,4,300495,2,-0.842041,-0.421021,0.029913,0.050947
HYP-CON-ALL3-RAW-001,listing_close_v1,5,300068,8,-0.814815,-0.101852,0.028945,0.0493
HYP-CON-ALL3-RAW-001,listing_close_v1,6,600647,2,-0.786989,-0.393494,0.027957,0.047616
HYP-CON-ALL3-RAW-001,listing_close_v1,7,300219,11,-0.749984,-0.06818,0.026642,0.045377
HYP-CON-ALL3-RAW-001,listing_close_v1,8,300208,5,-0.714211,-0.142842,0.025372,0.043213
HYP-CON-ALL3-RAW-001,listing_close_v1,9,600083,2,-0.665777,-0.332889,0.023651,0.040282
HYP-CON-ALL3-RAW-001,listing_close_v1,10,301041,7,-0.640333,-0.091476,0.022747,0.038743
HYP-CON-ALL3-RAW-001,listing_close_v1,11,000823,6,-0.605588,-0.100931,0.021513,0.036641
HYP-CON-ALL3-RAW-001,listing_close_v1,12,600898,3,-0.577203,-0.192401,0.020505,0.034923
HYP-CON-ALL3-RAW-001,listing_close_v1,13,600836,2,-0.560897,-0.280448,0.019925,0.033937
HYP-CON-ALL3-RAW-001,listing_close_v1,14,688689,4,-0.545848,-0.136462,0.019391,0.033026
HYP-CON-ALL3-RAW-001,listing_close_v1,15,300391,3,-0.540567,-0.180189,0.019203,0.032707
HYP-CON-ALL3-RAW-001,listing_close_v1,16,000807,3,0.487423,0.162474,0.017315,-0.029491
HYP-CON-ALL3-RAW-001,listing_close_v1,17,600262,8,0.461603,0.0577,0.016398,-0.027929
HYP-CON-ALL3-RAW-001,listing_close_v1,18,300551,8,0.380174,0.047522,0.013505,-0.023002
HYP-CON-ALL3-RAW-001,listing_close_v1,19,002665,2,-0.376623,-0.188312,0.013379,0.022787
HYP-CON-ALL3-RAW-001,listing_close_v1,20,600781,1,-0.366109,-0.366109,0.013006,0.022151
HYP-CON-ALL3-RAW-001,ipo_approx_v1,1,300652,7,1.105159,0.15788,0.035781,-0.117548
HYP-CON-ALL3-RAW-001,ipo_approx_v1,2,600766,2,-1.034668,-0.517334,0.033499,0.110051
HYP-CON-ALL3-RAW-001,ipo_approx_v1,3,600811,5,0.966469,0.193294,0.031291,-0.102797
HYP-CON-ALL3-RAW-001,ipo_approx_v1,4,601127,6,0.955466,0.159244,0.030934,-0.101626
HYP-CON-ALL3-RAW-001,ipo_approx_v1,5,601168,8,0.866555,0.108319,0.028056,-0.09217
HYP-CON-ALL3-RAW-001,ipo_approx_v1,6,605188,4,0.770975,0.192744,0.024961,-0.082003
HYP-CON-ALL3-RAW-001,ipo_approx_v1,7,300282,1,-0.766394,-0.766394,0.024813,0.081516
HYP-CON-ALL3-RAW-001,ipo_approx_v1,8,688578,3,0.741111,0.247037,0.023994,-0.078827
HYP-CON-ALL3-RAW-001,ipo_approx_v1,9,688589,5,-0.715478,-0.143096,0.023165,0.076101
HYP-CON-ALL3-RAW-001,ipo_approx_v1,10,603388,2,-0.708203,-0.354101,0.022929,0.075327
HYP-CON-ALL3-RAW-001,ipo_approx_v1,11,600696,3,-0.665764,-0.221921,0.021555,0.070813
HYP-CON-ALL3-RAW-001,ipo_approx_v1,12,300344,2,-0.653762,-0.326881,0.021166,0.069536
HYP-CON-ALL3-RAW-001,ipo_approx_v1,13,688418,5,-0.648257,-0.129651,0.020988,0.068951
HYP-CON-ALL3-RAW-001,ipo_approx_v1,14,300576,5,-0.595114,-0.119023,0.019268,0.063298
HYP-CON-ALL3-RAW-001,ipo_approx_v1,15,300630,4,-0.58114,-0.145285,0.018815,0.061812
HYP-CON-ALL3-RAW-001,ipo_approx_v1,16,600083,2,-0.541747,-0.270873,0.01754,0.057622
HYP-CON-ALL3-RAW-001,ipo_approx_v1,17,002288,2,-0.52479,-0.262395,0.016991,0.055818
HYP-CON-ALL3-RAW-001,ipo_approx_v1,18,300208,2,-0.518875,-0.259437,0.016799,0.055189
HYP-CON-ALL3-RAW-001,ipo_approx_v1,19,300709,4,-0.464806,-0.116201,0.015049,0.049438
HYP-CON-ALL3-RAW-001,ipo_approx_v1,20,300309,1,-0.448903,-0.448903,0.014534,0.047747
HYP-CON-ALL3-CAL-001,listing_open_v1,1,603388,3,-1.235713,-0.411904,0.152957,0.272091
HYP-CON-ALL3-CAL-001,listing_open_v1,2,600766,2,-1.034351,-0.517176,0.128032,0.227754
HYP-CON-ALL3-CAL-001,listing_open_v1,3,688689,2,-0.523606,-0.261803,0.064812,0.115293
HYP-CON-ALL3-CAL-001,listing_open_v1,4,000622,2,-0.459679,-0.22984,0.056899,0.101217
HYP-CON-ALL3-CAL-001,listing_open_v1,5,688589,2,-0.364381,-0.182191,0.045103,0.080233
HYP-CON-ALL3-CAL-001,listing_open_v1,6,002912,3,0.298731,0.099577,0.036977,-0.065778
HYP-CON-ALL3-CAL-001,listing_open_v1,7,603032,1,-0.295767,-0.295767,0.03661,0.065125
HYP-CON-ALL3-CAL-001,listing_open_v1,8,603186,1,0.285157,0.285157,0.035297,-0.062789
HYP-CON-ALL3-CAL-001,listing_open_v1,9,601127,3,-0.269243,-0.089748,0.033327,0.059285
HYP-CON-ALL3-CAL-001,listing_open_v1,10,600262,1,0.261408,0.261408,0.032357,-0.057559
HYP-CON-ALL3-CAL-001,listing_open_v1,11,002881,2,-0.244549,-0.122274,0.03027,0.053847
HYP-CON-ALL3-CAL-001,listing_open_v1,12,603668,2,-0.204408,-0.102204,0.025302,0.045009
HYP-CON-ALL3-CAL-001,listing_open_v1,13,688418,2,-0.188649,-0.094324,0.023351,0.041539
HYP-CON-ALL3-CAL-001,listing_open_v1,14,003013,3,0.184015,0.061338,0.022777,-0.040518
HYP-CON-ALL3-CAL-001,listing_open_v1,15,300029,1,-0.173568,-0.173568,0.021484,0.038218
HYP-CON-ALL3-CAL-001,listing_open_v1,16,300160,1,-0.142557,-0.142557,0.017646,0.03139
HYP-CON-ALL3-CAL-001,listing_open_v1,17,003004,1,-0.132456,-0.132456,0.016395,0.029165
HYP-CON-ALL3-CAL-001,listing_open_v1,18,300344,1,0.129305,0.129305,0.016005,-0.028472
HYP-CON-ALL3-CAL-001,listing_open_v1,19,301091,1,-0.123556,-0.123556,0.015294,0.027206
HYP-CON-ALL3-CAL-001,listing_open_v1,20,002624,1,-0.123221,-0.123221,0.015252,0.027132
HYP-CON-ALL3-CAL-001,listing_close_v1,1,300742,2,-0.873075,-0.436538,0.18736,0.425798
HYP-CON-ALL3-CAL-001,listing_close_v1,2,300495,2,-0.842041,-0.421021,0.1807,0.410663
HYP-CON-ALL3-CAL-001,listing_close_v1,3,300551,1,-0.338408,-0.338408,0.072621,0.165041
HYP-CON-ALL3-CAL-001,listing_close_v1,4,300219,2,-0.317806,-0.158903,0.0682,0.154994
HYP-CON-ALL3-CAL-001,listing_close_v1,5,603931,2,0.271608,0.135804,0.058286,-0.132463
HYP-CON-ALL3-CAL-001,listing_close_v1,6,600262,1,0.261408,0.261408,0.056097,-0.127489
HYP-CON-ALL3-CAL-001,listing_close_v1,7,600811,2,-0.241438,-0.120719,0.051812,0.117749
HYP-CON-ALL3-CAL-001,listing_close_v1,8,300391,1,-0.172283,-0.172283,0.036971,0.084022
HYP-CON-ALL3-CAL-001,listing_close_v1,9,002493,3,0.157941,0.052647,0.033894,-0.077028
HYP-CON-ALL3-CAL-001,listing_close_v1,10,000823,1,-0.155162,-0.155162,0.033297,0.075672
HYP-CON-ALL3-CAL-001,listing_close_v1,11,000906,3,0.135845,0.045282,0.029152,-0.066252
HYP-CON-ALL3-CAL-001,listing_close_v1,12,002275,1,0.108472,0.108472,0.023278,-0.052902
HYP-CON-ALL3-CAL-001,listing_close_v1,13,000023,1,-0.096147,-0.096147,0.020633,0.046891
HYP-CON-ALL3-CAL-001,listing_close_v1,14,600705,3,0.095691,0.031897,0.020535,-0.046668
HYP-CON-ALL3-CAL-001,listing_close_v1,15,688689,1,0.080732,0.080732,0.017325,-0.039373
HYP-CON-ALL3-CAL-001,listing_close_v1,16,300188,1,-0.07064,-0.07064,0.015159,0.034451
HYP-CON-ALL3-CAL-001,listing_close_v1,17,300068,1,0.069966,0.069966,0.015015,-0.034122
HYP-CON-ALL3-CAL-001,listing_close_v1,18,301072,1,0.061381,0.061381,0.013172,-0.029935
HYP-CON-ALL3-CAL-001,listing_close_v1,19,002236,1,-0.052212,-0.052212,0.011205,0.025464
HYP-CON-ALL3-CAL-001,listing_close_v1,20,001280,1,0.044726,0.044726,0.009598,-0.021813
HYP-CON-ALL3-CAL-001,ipo_approx_v1,1,300652,4,0.716887,0.179222,0.116024,-1.152711
HYP-CON-ALL3-CAL-001,ipo_approx_v1,2,300709,3,-0.556963,-0.185654,0.090141,0.895563
HYP-CON-ALL3-CAL-001,ipo_approx_v1,3,002846,5,-0.421928,-0.084386,0.068287,0.678435
HYP-CON-ALL3-CAL-001,ipo_approx_v1,4,688578,1,0.406929,0.406929,0.065859,-0.654317
HYP-CON-ALL3-CAL-001,ipo_approx_v1,5,688689,4,-0.388159,-0.09704,0.062821,0.624136
HYP-CON-ALL3-CAL-001,ipo_approx_v1,6,688589,2,-0.364381,-0.182191,0.058973,0.585903
HYP-CON-ALL3-CAL-001,ipo_approx_v1,7,600262,1,0.261408,0.261408,0.042307,-0.420328
HYP-CON-ALL3-CAL-001,ipo_approx_v1,8,002437,2,0.235066,0.117533,0.038044,-0.377972
HYP-CON-ALL3-CAL-001,ipo_approx_v1,9,603603,1,-0.229104,-0.229104,0.037079,0.368385
HYP-CON-ALL3-CAL-001,ipo_approx_v1,10,603289,2,-0.219095,-0.109547,0.035459,0.352291
HYP-CON-ALL3-CAL-001,ipo_approx_v1,11,002288,1,-0.214564,-0.214564,0.034726,0.345006
HYP-CON-ALL3-CAL-001,ipo_approx_v1,12,600377,4,0.209162,0.052291,0.033852,-0.33632
HYP-CON-ALL3-CAL-001,ipo_approx_v1,13,688418,2,-0.188649,-0.094324,0.030532,0.303336
HYP-CON-ALL3-CAL-001,ipo_approx_v1,14,600256,2,0.168845,0.084422,0.027327,-0.271493
HYP-CON-ALL3-CAL-001,ipo_approx_v1,15,301584,1,0.161496,0.161496,0.026137,-0.259676
HYP-CON-ALL3-CAL-001,ipo_approx_v1,16,000982,1,-0.152645,-0.152645,0.024705,0.245444
HYP-CON-ALL3-CAL-001,ipo_approx_v1,17,300902,3,-0.144136,-0.048045,0.023328,0.231762
HYP-CON-ALL3-CAL-001,ipo_approx_v1,18,000009,1,-0.105617,-0.105617,0.017093,0.169826
HYP-CON-ALL3-CAL-001,ipo_approx_v1,19,601168,1,0.104584,0.104584,0.016926,-0.168165
HYP-CON-ALL3-CAL-001,ipo_approx_v1,20,605055,2,-0.102357,-0.051179,0.016566,0.164584
HYP-CFL-BZ-POS-ZW-NEG-CAL-001,listing_open_v1,1,300742,3,-1.147772,-0.382591,0.07405,0.180392
HYP-CFL-BZ-POS-ZW-NEG-CAL-001,listing_open_v1,2,688287,5,-0.983465,-0.196693,0.063449,0.154569
HYP-CFL-BZ-POS-ZW-NEG-CAL-001,listing_open_v1,3,000606,2,-0.911511,-0.455756,0.058807,0.14326
HYP-CFL-BZ-POS-ZW-NEG-CAL-001,listing_open_v1,4,300391,3,-0.712252,-0.237417,0.045952,0.111943
HYP-CFL-BZ-POS-ZW-NEG-CAL-001,listing_open_v1,5,600306,3,-0.641395,-0.213798,0.04138,0.100806
HYP-CFL-BZ-POS-ZW-NEG-CAL-001,listing_open_v1,6,600819,1,0.617166,0.617166,0.039817,-0.096998
HYP-CFL-BZ-POS-ZW-NEG-CAL-001,listing_open_v1,7,300117,1,0.57392,0.57392,0.037027,-0.090202
HYP-CFL-BZ-POS-ZW-NEG-CAL-001,listing_open_v1,8,300576,6,-0.568699,-0.094783,0.03669,0.089381
HYP-CFL-BZ-POS-ZW-NEG-CAL-001,listing_open_v1,9,000023,3,-0.459843,-0.153281,0.029667,0.072272
HYP-CFL-BZ-POS-ZW-NEG-CAL-001,listing_open_v1,10,001280,3,0.43085,0.143617,0.027797,-0.067716
HYP-CFL-BZ-POS-ZW-NEG-CAL-001,listing_open_v1,11,688010,6,0.415225,0.069204,0.026789,-0.06526
HYP-CFL-BZ-POS-ZW-NEG-CAL-001,listing_open_v1,12,002835,6,0.39012,0.06502,0.025169,-0.061314
HYP-CFL-BZ-POS-ZW-NEG-CAL-001,listing_open_v1,13,300443,2,-0.38667,-0.193335,0.024946,0.060772
HYP-CFL-BZ-POS-ZW-NEG-CAL-001,listing_open_v1,14,603003,2,-0.379657,-0.189829,0.024494,0.05967
HYP-CFL-BZ-POS-ZW-NEG-CAL-001,listing_open_v1,15,688173,3,-0.373068,-0.124356,0.024069,0.058634
HYP-CFL-BZ-POS-ZW-NEG-CAL-001,listing_open_v1,16,600070,2,0.36025,0.180125,0.023242,-0.05662
HYP-CFL-BZ-POS-ZW-NEG-CAL-001,listing_open_v1,17,688362,4,0.311847,0.077962,0.020119,-0.049012
HYP-CFL-BZ-POS-ZW-NEG-CAL-001,listing_open_v1,18,002624,1,-0.275278,-0.275278,0.01776,0.043265
HYP-CFL-BZ-POS-ZW-NEG-CAL-001,listing_open_v1,19,000976,1,-0.243985,-0.243985,0.015741,0.038347
HYP-CFL-BZ-POS-ZW-NEG-CAL-001,listing_open_v1,20,603848,3,0.231121,0.07704,0.014911,-0.036325
HYP-CFL-BZ-POS-ZW-NEG-CAL-001,listing_close_v1,1,002808,4,1.553299,0.388325,0.080699,-0.34049
HYP-CFL-BZ-POS-ZW-NEG-CAL-001,listing_close_v1,2,002087,2,-1.108656,-0.554328,0.057598,0.243022
HYP-CFL-BZ-POS-ZW-NEG-CAL-001,listing_close_v1,3,603963,3,-0.969745,-0.323248,0.050382,0.212572
HYP-CFL-BZ-POS-ZW-NEG-CAL-001,listing_close_v1,4,300029,7,-0.888395,-0.126914,0.046155,0.19474
HYP-CFL-BZ-POS-ZW-NEG-CAL-001,listing_close_v1,5,000627,4,-0.81911,-0.204778,0.042556,0.179552
HYP-CFL-BZ-POS-ZW-NEG-CAL-001,listing_close_v1,6,300336,2,-0.776477,-0.388238,0.040341,0.170207
HYP-CFL-BZ-POS-ZW-NEG-CAL-001,listing_close_v1,7,600355,7,-0.744852,-0.106407,0.038698,0.163275
HYP-CFL-BZ-POS-ZW-NEG-CAL-001,listing_close_v1,8,600608,6,-0.605175,-0.100863,0.031441,0.132657
HYP-CFL-BZ-POS-ZW-NEG-CAL-001,listing_close_v1,9,603530,3,0.573004,0.191001,0.029769,-0.125605
HYP-CFL-BZ-POS-ZW-NEG-CAL-001,listing_close_v1,10,600793,1,0.571687,0.571687,0.029701,-0.125316
HYP-CFL-BZ-POS-ZW-NEG-CAL-001,listing_close_v1,11,300576,5,-0.511542,-0.102308,0.026576,0.112132
HYP-CFL-BZ-POS-ZW-NEG-CAL-001,listing_close_v1,12,600696,1,0.473739,0.473739,0.024612,-0.103846
HYP-CFL-BZ-POS-ZW-NEG-CAL-001,listing_close_v1,13,605188,4,-0.472486,-0.118121,0.024547,0.103571
HYP-CFL-BZ-POS-ZW-NEG-CAL-001,listing_close_v1,14,001280,1,0.444583,0.444583,0.023098,-0.097454
HYP-CFL-BZ-POS-ZW-NEG-CAL-001,listing_close_v1,15,000976,2,-0.41,-0.205,0.021301,0.089874
HYP-CFL-BZ-POS-ZW-NEG-CAL-001,listing_close_v1,16,002272,4,-0.399607,-0.099902,0.020761,0.087596
HYP-CFL-BZ-POS-ZW-NEG-CAL-001,listing_close_v1,17,600768,2,0.36743,0.183715,0.019089,-0.080542
HYP-CFL-BZ-POS-ZW-NEG-CAL-001,listing_close_v1,18,002417,1,-0.342967,-0.342967,0.017818,0.07518
HYP-CFL-BZ-POS-ZW-NEG-CAL-001,listing_close_v1,19,603668,4,-0.332399,-0.0831,0.017269,0.072863
HYP-CFL-BZ-POS-ZW-NEG-CAL-001,listing_close_v1,20,601028,6,0.313844,0.052307,0.016305,-0.068796
HYP-CFL-BZ-POS-ZW-NEG-CAL-001,ipo_approx_v1,1,600421,11,-1.882731,-0.171157,0.128541,0.230257
HYP-CFL-BZ-POS-ZW-NEG-CAL-001,ipo_approx_v1,2,000996,2,-1.028143,-0.514072,0.070195,0.125741
HYP-CFL-BZ-POS-ZW-NEG-CAL-001,ipo_approx_v1,3,600070,9,-0.829813,-0.092201,0.056654,0.101486
HYP-CFL-BZ-POS-ZW-NEG-CAL-001,ipo_approx_v1,4,000023,3,-0.73582,-0.245273,0.050237,0.08999
HYP-CFL-BZ-POS-ZW-NEG-CAL-001,ipo_approx_v1,5,600898,4,-0.700635,-0.175159,0.047835,0.085687
HYP-CFL-BZ-POS-ZW-NEG-CAL-001,ipo_approx_v1,6,002621,4,-0.582234,-0.145558,0.039751,0.071207
HYP-CFL-BZ-POS-ZW-NEG-CAL-001,ipo_approx_v1,7,688362,9,-0.459473,-0.051053,0.03137,0.056193
HYP-CFL-BZ-POS-ZW-NEG-CAL-001,ipo_approx_v1,8,002099,5,-0.440811,-0.088162,0.030096,0.053911
HYP-CFL-BZ-POS-ZW-NEG-CAL-001,ipo_approx_v1,9,603555,3,-0.423742,-0.141247,0.02893,0.051823
HYP-CFL-BZ-POS-ZW-NEG-CAL-001,ipo_approx_v1,10,600462,1,-0.404876,-0.404876,0.027642,0.049516
HYP-CFL-BZ-POS-ZW-NEG-CAL-001,ipo_approx_v1,11,300753,4,-0.358661,-0.089665,0.024487,0.043864
HYP-CFL-BZ-POS-ZW-NEG-CAL-001,ipo_approx_v1,12,600343,4,0.331447,0.082862,0.022629,-0.040536
HYP-CFL-BZ-POS-ZW-NEG-CAL-001,ipo_approx_v1,13,002734,10,0.32848,0.032848,0.022427,-0.040173
HYP-CFL-BZ-POS-ZW-NEG-CAL-001,ipo_approx_v1,14,603896,12,-0.316783,-0.026399,0.021628,0.038742
HYP-CFL-BZ-POS-ZW-NEG-CAL-001,ipo_approx_v1,15,300293,1,0.290655,0.290655,0.019844,-0.035547
HYP-CFL-BZ-POS-ZW-NEG-CAL-001,ipo_approx_v1,16,688448,3,-0.270186,-0.090062,0.018447,0.033044
HYP-CFL-BZ-POS-ZW-NEG-CAL-001,ipo_approx_v1,17,600122,1,-0.241749,-0.241749,0.016505,0.029566
HYP-CFL-BZ-POS-ZW-NEG-CAL-001,ipo_approx_v1,18,000851,1,-0.232181,-0.232181,0.015852,0.028396
HYP-CFL-BZ-POS-ZW-NEG-CAL-001,ipo_approx_v1,19,688347,4,0.228806,0.057202,0.015621,-0.027983
HYP-CFL-BZ-POS-ZW-NEG-CAL-001,ipo_approx_v1,20,301093,3,-0.225188,-0.075063,0.015374,0.02754
HYP-CFL-BZ-NEG-ZW-POS-CAL-001,listing_open_v1,1,000584,3,-0.841385,-0.280462,0.078241,0.347415
HYP-CFL-BZ-NEG-ZW-POS-CAL-001,listing_open_v1,2,600926,7,0.577423,0.082489,0.053695,-0.238423
HYP-CFL-BZ-NEG-ZW-POS-CAL-001,listing_open_v1,3,002750,2,-0.566207,-0.283104,0.052652,0.233792
HYP-CFL-BZ-NEG-ZW-POS-CAL-001,listing_open_v1,4,002336,1,-0.510913,-0.510913,0.04751,0.21096
HYP-CFL-BZ-NEG-ZW-POS-CAL-001,listing_open_v1,5,000806,1,-0.494166,-0.494166,0.045953,0.204045
HYP-CFL-BZ-NEG-ZW-POS-CAL-001,listing_open_v1,6,002846,8,-0.438737,-0.054842,0.040799,0.181158
HYP-CFL-BZ-NEG-ZW-POS-CAL-001,listing_open_v1,7,002003,8,0.437502,0.054688,0.040684,-0.180648
HYP-CFL-BZ-NEG-ZW-POS-CAL-001,listing_open_v1,8,688578,1,0.406929,0.406929,0.037841,-0.168024
HYP-CFL-BZ-NEG-ZW-POS-CAL-001,listing_open_v1,9,000851,1,0.372701,0.372701,0.034658,-0.153891
HYP-CFL-BZ-NEG-ZW-POS-CAL-001,listing_open_v1,10,300709,2,-0.372504,-0.186252,0.03464,0.15381
HYP-CFL-BZ-NEG-ZW-POS-CAL-001,listing_open_v1,11,301093,4,-0.369269,-0.092317,0.034339,0.152474
HYP-CFL-BZ-NEG-ZW-POS-CAL-001,listing_open_v1,12,688337,11,-0.367054,-0.033369,0.034133,0.15156
HYP-CFL-BZ-NEG-ZW-POS-CAL-001,listing_open_v1,13,002503,1,-0.353607,-0.353607,0.032882,0.146007
HYP-CFL-BZ-NEG-ZW-POS-CAL-001,listing_open_v1,14,603931,1,-0.326781,-0.326781,0.030388,0.134931
HYP-CFL-BZ-NEG-ZW-POS-CAL-001,listing_open_v1,15,600355,3,0.285326,0.095109,0.026533,-0.117814
HYP-CFL-BZ-NEG-ZW-POS-CAL-001,listing_open_v1,16,688559,3,-0.249702,-0.083234,0.02322,0.103104
HYP-CFL-BZ-NEG-ZW-POS-CAL-001,listing_open_v1,17,600599,1,0.2417,0.2417,0.022476,-0.0998
HYP-CFL-BZ-NEG-ZW-POS-CAL-001,listing_open_v1,18,002773,6,-0.231065,-0.038511,0.021487,0.095409
HYP-CFL-BZ-NEG-ZW-POS-CAL-001,listing_open_v1,19,002002,3,-0.223995,-0.074665,0.02083,0.092489
HYP-CFL-BZ-NEG-ZW-POS-CAL-001,listing_open_v1,20,002308,2,0.221674,0.110837,0.020614,-0.091531
HYP-CFL-BZ-NEG-ZW-POS-CAL-001,listing_close_v1,1,300208,9,-1.286898,-0.142989,0.100452,0.207198
HYP-CFL-BZ-NEG-ZW-POS-CAL-001,listing_close_v1,2,600781,2,-0.725115,-0.362557,0.056601,0.116748
HYP-CFL-BZ-NEG-ZW-POS-CAL-001,listing_close_v1,3,600836,4,-0.621656,-0.155414,0.048525,0.10009
HYP-CFL-BZ-NEG-ZW-POS-CAL-001,listing_close_v1,4,600242,2,-0.616684,-0.308342,0.048137,0.09929
HYP-CFL-BZ-NEG-ZW-POS-CAL-001,listing_close_v1,5,000806,1,-0.494166,-0.494166,0.038573,0.079564
HYP-CFL-BZ-NEG-ZW-POS-CAL-001,listing_close_v1,6,600825,2,0.48421,0.242105,0.037796,-0.077961
HYP-CFL-BZ-NEG-ZW-POS-CAL-001,listing_close_v1,7,688337,14,-0.404514,-0.028894,0.031575,0.065129
HYP-CFL-BZ-NEG-ZW-POS-CAL-001,listing_close_v1,8,002665,3,-0.402856,-0.134285,0.031446,0.064862
HYP-CFL-BZ-NEG-ZW-POS-CAL-001,listing_close_v1,9,600377,5,0.394895,0.078979,0.030824,-0.06358
HYP-CFL-BZ-NEG-ZW-POS-CAL-001,listing_close_v1,10,600139,1,-0.361403,-0.361403,0.02821,0.058188
HYP-CFL-BZ-NEG-ZW-POS-CAL-001,listing_close_v1,11,688131,6,0.33465,0.055775,0.026122,-0.053881
HYP-CFL-BZ-NEG-ZW-POS-CAL-001,listing_close_v1,12,603555,1,-0.315565,-0.315565,0.024632,0.050808
HYP-CFL-BZ-NEG-ZW-POS-CAL-001,listing_close_v1,13,000671,2,-0.30973,-0.154865,0.024177,0.049868
HYP-CFL-BZ-NEG-ZW-POS-CAL-001,listing_close_v1,14,300902,5,-0.287396,-0.057479,0.022433,0.046272
HYP-CFL-BZ-NEG-ZW-POS-CAL-001,listing_close_v1,15,600898,3,-0.286087,-0.095362,0.022331,0.046062
HYP-CFL-BZ-NEG-ZW-POS-CAL-001,listing_close_v1,16,300753,3,-0.264375,-0.088125,0.020636,0.042566
HYP-CFL-BZ-NEG-ZW-POS-CAL-001,listing_close_v1,17,300630,1,-0.233074,-0.233074,0.018193,0.037526
HYP-CFL-BZ-NEG-ZW-POS-CAL-001,listing_close_v1,18,300402,1,-0.22418,-0.22418,0.017499,0.036094
HYP-CFL-BZ-NEG-ZW-POS-CAL-001,listing_close_v1,19,002118,1,-0.221603,-0.221603,0.017298,0.035679
HYP-CFL-BZ-NEG-ZW-POS-CAL-001,listing_close_v1,20,000159,4,0.217854,0.054463,0.017005,-0.035076
HYP-CFL-BZ-NEG-ZW-POS-CAL-001,ipo_approx_v1,1,600766,6,-1.710312,-0.285052,0.095196,0.256383
HYP-CFL-BZ-NEG-ZW-POS-CAL-001,ipo_approx_v1,2,300630,6,-1.541704,-0.256951,0.085811,0.231108
HYP-CFL-BZ-NEG-ZW-POS-CAL-001,ipo_approx_v1,3,600193,3,-1.197775,-0.399258,0.066668,0.179552
HYP-CFL-BZ-NEG-ZW-POS-CAL-001,ipo_approx_v1,4,002272,4,0.871004,0.217751,0.04848,-0.130567
HYP-CFL-BZ-NEG-ZW-POS-CAL-001,ipo_approx_v1,5,600532,1,-0.845932,-0.845932,0.047084,0.126809
HYP-CFL-BZ-NEG-ZW-POS-CAL-001,ipo_approx_v1,6,300282,1,-0.766394,-0.766394,0.042657,0.114886
HYP-CFL-BZ-NEG-ZW-POS-CAL-001,ipo_approx_v1,7,603388,3,-0.591109,-0.197036,0.032901,0.08861
HYP-CFL-BZ-NEG-ZW-POS-CAL-001,ipo_approx_v1,8,601168,5,0.557541,0.111508,0.031033,-0.083578
HYP-CFL-BZ-NEG-ZW-POS-CAL-001,ipo_approx_v1,9,600083,1,-0.545242,-0.545242,0.030348,0.081734
HYP-CFL-BZ-NEG-ZW-POS-CAL-001,ipo_approx_v1,10,301296,10,-0.533411,-0.053341,0.02969,0.079961
HYP-CFL-BZ-NEG-ZW-POS-CAL-001,ipo_approx_v1,11,605188,8,0.522763,0.065345,0.029097,-0.078364
HYP-CFL-BZ-NEG-ZW-POS-CAL-001,ipo_approx_v1,12,600768,3,0.516805,0.172268,0.028765,-0.077471
HYP-CFL-BZ-NEG-ZW-POS-CAL-001,ipo_approx_v1,13,300799,2,-0.478474,-0.239237,0.026632,0.071725
HYP-CFL-BZ-NEG-ZW-POS-CAL-001,ipo_approx_v1,14,300280,1,-0.393086,-0.393086,0.021879,0.058925
HYP-CFL-BZ-NEG-ZW-POS-CAL-001,ipo_approx_v1,15,301210,3,-0.28566,-0.09522,0.0159,0.042822
HYP-CFL-BZ-NEG-ZW-POS-CAL-001,ipo_approx_v1,16,002682,2,-0.283993,-0.141997,0.015807,0.042572
HYP-CFL-BZ-NEG-ZW-POS-CAL-001,ipo_approx_v1,17,003013,1,0.282961,0.282961,0.01575,-0.042417
HYP-CFL-BZ-NEG-ZW-POS-CAL-001,ipo_approx_v1,18,002912,6,0.279233,0.046539,0.015542,-0.041858
HYP-CFL-BZ-NEG-ZW-POS-CAL-001,ipo_approx_v1,19,301539,8,-0.276049,-0.034506,0.015365,0.041381
HYP-CFL-BZ-NEG-ZW-POS-CAL-001,ipo_approx_v1,20,002881,7,-0.247502,-0.035357,0.013776,0.037102
HYP-CFL-BZ-POS-HL-NEG-CAL-001,listing_open_v1,1,002751,2,-0.994562,-0.497281,0.088713,0.525753
HYP-CFL-BZ-POS-HL-NEG-CAL-001,listing_open_v1,2,000606,2,-0.911511,-0.455756,0.081305,0.48185
HYP-CFL-BZ-POS-HL-NEG-CAL-001,listing_open_v1,3,600766,2,-0.524782,-0.262391,0.04681,0.277414
HYP-CFL-BZ-POS-HL-NEG-CAL-001,listing_open_v1,4,002740,3,-0.45957,-0.15319,0.040993,0.242941
HYP-CFL-BZ-POS-HL-NEG-CAL-001,listing_open_v1,5,002835,3,0.423671,0.141224,0.037791,-0.223964
HYP-CFL-BZ-POS-HL-NEG-CAL-001,listing_open_v1,6,300011,4,0.415763,0.103941,0.037085,-0.219784
HYP-CFL-BZ-POS-HL-NEG-CAL-001,listing_open_v1,7,600705,1,0.385369,0.385369,0.034374,-0.203717
HYP-CFL-BZ-POS-HL-NEG-CAL-001,listing_open_v1,8,603838,5,-0.294188,-0.058838,0.026241,0.155516
HYP-CFL-BZ-POS-HL-NEG-CAL-001,listing_open_v1,9,600311,1,-0.265459,-0.265459,0.023678,0.140329
HYP-CFL-BZ-POS-HL-NEG-CAL-001,listing_open_v1,10,603663,1,0.248457,0.248457,0.022162,-0.131341
HYP-CFL-BZ-POS-HL-NEG-CAL-001,listing_open_v1,11,300402,4,-0.247176,-0.061794,0.022048,0.130664
HYP-CFL-BZ-POS-HL-NEG-CAL-001,listing_open_v1,12,300349,3,0.243934,0.081311,0.021758,-0.12895
HYP-CFL-BZ-POS-HL-NEG-CAL-001,listing_open_v1,13,002113,1,-0.221118,-0.221118,0.019723,0.116889
HYP-CFL-BZ-POS-HL-NEG-CAL-001,listing_open_v1,14,300213,2,0.206456,0.103228,0.018416,-0.109138
HYP-CFL-BZ-POS-HL-NEG-CAL-001,listing_open_v1,15,601127,4,0.187018,0.046755,0.016682,-0.098863
HYP-CFL-BZ-POS-HL-NEG-CAL-001,listing_open_v1,16,000023,2,-0.185085,-0.092542,0.016509,0.097841
HYP-CFL-BZ-POS-HL-NEG-CAL-001,listing_open_v1,17,300392,1,-0.173892,-0.173892,0.015511,0.091924
HYP-CFL-BZ-POS-HL-NEG-CAL-001,listing_open_v1,18,688689,2,0.167528,0.083764,0.014943,-0.08856
HYP-CFL-BZ-POS-HL-NEG-CAL-001,listing_open_v1,19,601168,1,0.165124,0.165124,0.014729,-0.087289
HYP-CFL-BZ-POS-HL-NEG-CAL-001,listing_open_v1,20,600421,1,0.162153,0.162153,0.014464,-0.085719
HYP-CFL-BZ-POS-HL-NEG-CAL-001,listing_close_v1,1,002751,1,-0.801036,-0.801036,0.061029,0.603017
HYP-CFL-BZ-POS-HL-NEG-CAL-001,listing_close_v1,2,300273,2,-0.753275,-0.376638,0.05739,0.567062
HYP-CFL-BZ-POS-HL-NEG-CAL-001,listing_close_v1,3,300117,1,0.57392,0.57392,0.043726,-0.432045
HYP-CFL-BZ-POS-HL-NEG-CAL-001,listing_close_v1,4,600766,2,-0.524782,-0.262391,0.039982,0.395054
HYP-CFL-BZ-POS-HL-NEG-CAL-001,listing_close_v1,5,300344,3,-0.464519,-0.15484,0.035391,0.349688
HYP-CFL-BZ-POS-HL-NEG-CAL-001,listing_close_v1,6,300309,1,-0.448903,-0.448903,0.034201,0.337932
HYP-CFL-BZ-POS-HL-NEG-CAL-001,listing_close_v1,7,000023,2,-0.431776,-0.215888,0.032896,0.325039
HYP-CFL-BZ-POS-HL-NEG-CAL-001,listing_close_v1,8,601127,3,0.389872,0.129957,0.029703,-0.293494
HYP-CFL-BZ-POS-HL-NEG-CAL-001,listing_close_v1,9,000040,1,-0.382331,-0.382331,0.029129,0.287817
HYP-CFL-BZ-POS-HL-NEG-CAL-001,listing_close_v1,10,300213,3,0.356554,0.118851,0.027165,-0.268412
HYP-CFL-BZ-POS-HL-NEG-CAL-001,listing_close_v1,11,000932,1,0.266836,0.266836,0.02033,-0.200873
HYP-CFL-BZ-POS-HL-NEG-CAL-001,listing_close_v1,12,600311,1,-0.265459,-0.265459,0.020225,0.199836
HYP-CFL-BZ-POS-HL-NEG-CAL-001,listing_close_v1,13,300970,2,0.252137,0.126069,0.01921,-0.189808
HYP-CFL-BZ-POS-HL-NEG-CAL-001,listing_close_v1,14,300349,3,0.243934,0.081311,0.018585,-0.183633
HYP-CFL-BZ-POS-HL-NEG-CAL-001,listing_close_v1,15,600777,2,0.23943,0.119715,0.018242,-0.180242
HYP-CFL-BZ-POS-HL-NEG-CAL-001,listing_close_v1,16,000851,1,-0.217137,-0.217137,0.016543,0.16346
HYP-CFL-BZ-POS-HL-NEG-CAL-001,listing_close_v1,17,600671,2,0.212411,0.106205,0.016183,-0.159902
HYP-CFL-BZ-POS-HL-NEG-CAL-001,listing_close_v1,18,603356,3,0.210855,0.070285,0.016065,-0.158731
HYP-CFL-BZ-POS-HL-NEG-CAL-001,listing_close_v1,19,002624,3,0.200452,0.066817,0.015272,-0.150899
HYP-CFL-BZ-POS-HL-NEG-CAL-001,listing_close_v1,20,002740,2,-0.195365,-0.097682,0.014884,0.14707
HYP-CFL-BZ-POS-HL-NEG-CAL-001,ipo_approx_v1,1,300344,1,1.808525,1.808525,0.160319,-2.058909
HYP-CFL-BZ-POS-HL-NEG-CAL-001,ipo_approx_v1,2,000413,2,-0.672906,-0.336453,0.059651,0.766067
HYP-CFL-BZ-POS-HL-NEG-CAL-001,ipo_approx_v1,3,600122,2,-0.660299,-0.330149,0.058533,0.751715
HYP-CFL-BZ-POS-HL-NEG-CAL-001,ipo_approx_v1,4,600599,3,-0.357941,-0.119314,0.03173,0.407497
HYP-CFL-BZ-POS-HL-NEG-CAL-001,ipo_approx_v1,5,002002,2,-0.332429,-0.166214,0.029469,0.378453
HYP-CFL-BZ-POS-HL-NEG-CAL-001,ipo_approx_v1,6,603603,2,-0.315308,-0.157654,0.027951,0.358961
HYP-CFL-BZ-POS-HL-NEG-CAL-001,ipo_approx_v1,7,688131,2,0.311534,0.155767,0.027616,-0.354665
HYP-CFL-BZ-POS-HL-NEG-CAL-001,ipo_approx_v1,8,002699,3,-0.271373,-0.090458,0.024056,0.308944
HYP-CFL-BZ-POS-HL-NEG-CAL-001,ipo_approx_v1,9,000851,3,0.270952,0.090317,0.024019,-0.308464
HYP-CFL-BZ-POS-HL-NEG-CAL-001,ipo_approx_v1,10,000159,5,0.268756,0.053751,0.023824,-0.305964
HYP-CFL-BZ-POS-HL-NEG-CAL-001,ipo_approx_v1,11,600070,1,-0.267453,-0.267453,0.023709,0.304481
HYP-CFL-BZ-POS-HL-NEG-CAL-001,ipo_approx_v1,12,000416,3,-0.26393,-0.087977,0.023396,0.30047
HYP-CFL-BZ-POS-HL-NEG-CAL-001,ipo_approx_v1,13,600421,3,-0.234608,-0.078203,0.020797,0.267089
HYP-CFL-BZ-POS-HL-NEG-CAL-001,ipo_approx_v1,14,000023,1,-0.230531,-0.230531,0.020436,0.262447
HYP-CFL-BZ-POS-HL-NEG-CAL-001,ipo_approx_v1,15,000932,2,0.190477,0.095239,0.016885,-0.216848
HYP-CFL-BZ-POS-HL-NEG-CAL-001,ipo_approx_v1,16,688266,2,0.184168,0.092084,0.016326,-0.209665
HYP-CFL-BZ-POS-HL-NEG-CAL-001,ipo_approx_v1,17,688315,1,0.178642,0.178642,0.015836,-0.203374
HYP-CFL-BZ-POS-HL-NEG-CAL-001,ipo_approx_v1,18,603186,1,-0.16978,-0.16978,0.01505,0.193285
HYP-CFL-BZ-POS-HL-NEG-CAL-001,ipo_approx_v1,19,688395,3,0.164481,0.054827,0.014581,-0.187253
HYP-CFL-BZ-POS-HL-NEG-CAL-001,ipo_approx_v1,20,002410,1,-0.160579,-0.160579,0.014235,0.182811
HYP-CFL-ZW-POS-HL-NEG-CAL-001,listing_open_v1,1,300392,1,-0.871623,-0.871623,0.055149,0.437104
HYP-CFL-ZW-POS-HL-NEG-CAL-001,listing_open_v1,2,300273,1,-0.81671,-0.81671,0.051675,0.409566
HYP-CFL-ZW-POS-HL-NEG-CAL-001,listing_open_v1,3,002751,1,-0.801036,-0.801036,0.050683,0.401706
HYP-CFL-ZW-POS-HL-NEG-CAL-001,listing_open_v1,4,301093,4,0.706797,0.176699,0.044721,-0.354447
HYP-CFL-ZW-POS-HL-NEG-CAL-001,listing_open_v1,5,300551,5,0.683077,0.136615,0.04322,-0.342552
HYP-CFL-ZW-POS-HL-NEG-CAL-001,listing_open_v1,6,601127,5,0.641917,0.128383,0.040615,-0.321911
HYP-CFL-ZW-POS-HL-NEG-CAL-001,listing_open_v1,7,600766,3,-0.617373,-0.205791,0.039063,0.309602
HYP-CFL-ZW-POS-HL-NEG-CAL-001,listing_open_v1,8,300054,6,0.577739,0.09629,0.036555,-0.289726
HYP-CFL-ZW-POS-HL-NEG-CAL-001,listing_open_v1,9,000806,1,-0.494166,-0.494166,0.031267,0.247816
HYP-CFL-ZW-POS-HL-NEG-CAL-001,listing_open_v1,10,600355,3,0.417786,0.139262,0.026434,-0.209513
HYP-CFL-ZW-POS-HL-NEG-CAL-001,listing_open_v1,11,002002,3,-0.410843,-0.136948,0.025995,0.206031
HYP-CFL-ZW-POS-HL-NEG-CAL-001,listing_open_v1,12,002773,4,-0.400078,-0.100019,0.025314,0.200632
HYP-CFL-ZW-POS-HL-NEG-CAL-001,listing_open_v1,13,603356,5,0.386697,0.077339,0.024467,-0.193922
HYP-CFL-ZW-POS-HL-NEG-CAL-001,listing_open_v1,14,000851,1,0.372701,0.372701,0.023582,-0.186903
HYP-CFL-ZW-POS-HL-NEG-CAL-001,listing_open_v1,15,603838,2,-0.355161,-0.17758,0.022472,0.178107
HYP-CFL-ZW-POS-HL-NEG-CAL-001,listing_open_v1,16,600262,5,0.343325,0.068665,0.021723,-0.172172
HYP-CFL-ZW-POS-HL-NEG-CAL-001,listing_open_v1,17,603388,2,-0.331455,-0.165727,0.020972,0.166219
HYP-CFL-ZW-POS-HL-NEG-CAL-001,listing_open_v1,18,000584,1,-0.319614,-0.319614,0.020223,0.160281
HYP-CFL-ZW-POS-HL-NEG-CAL-001,listing_open_v1,19,000622,5,0.294857,0.058971,0.018656,-0.147866
HYP-CFL-ZW-POS-HL-NEG-CAL-001,listing_open_v1,20,688418,3,-0.249521,-0.083174,0.015788,0.125131
HYP-CFL-ZW-POS-HL-NEG-CAL-001,listing_close_v1,1,300391,6,1.159153,0.193192,0.077143,2.670416
HYP-CFL-ZW-POS-HL-NEG-CAL-001,listing_close_v1,2,002751,1,-0.801036,-0.801036,0.05331,-1.845399
HYP-CFL-ZW-POS-HL-NEG-CAL-001,listing_close_v1,3,300117,2,0.616842,0.308421,0.041052,1.421059
HYP-CFL-ZW-POS-HL-NEG-CAL-001,listing_close_v1,4,000413,1,-0.611556,-0.611556,0.0407,-1.408881
HYP-CFL-ZW-POS-HL-NEG-CAL-001,listing_close_v1,5,000806,1,-0.494166,-0.494166,0.032888,-1.138442
HYP-CFL-ZW-POS-HL-NEG-CAL-001,listing_close_v1,6,600262,4,0.479412,0.119853,0.031906,1.104453
HYP-CFL-ZW-POS-HL-NEG-CAL-001,listing_close_v1,7,600671,6,0.46262,0.077103,0.030788,1.065768
HYP-CFL-ZW-POS-HL-NEG-CAL-001,listing_close_v1,8,300309,1,-0.448903,-0.448903,0.029875,-1.034167
HYP-CFL-ZW-POS-HL-NEG-CAL-001,listing_close_v1,9,000023,2,-0.431776,-0.215888,0.028735,-0.994711
HYP-CFL-ZW-POS-HL-NEG-CAL-001,listing_close_v1,10,300344,1,0.414706,0.414706,0.027599,0.955385
HYP-CFL-ZW-POS-HL-NEG-CAL-001,listing_close_v1,11,002781,1,-0.377951,-0.377951,0.025153,-0.87071
HYP-CFL-ZW-POS-HL-NEG-CAL-001,listing_close_v1,12,600139,1,-0.361403,-0.361403,0.024052,-0.832588
HYP-CFL-ZW-POS-HL-NEG-CAL-001,listing_close_v1,13,600781,1,-0.359006,-0.359006,0.023892,-0.827066
HYP-CFL-ZW-POS-HL-NEG-CAL-001,listing_close_v1,14,688131,3,0.341618,0.113873,0.022735,0.787008
HYP-CFL-ZW-POS-HL-NEG-CAL-001,listing_close_v1,15,603555,1,-0.315565,-0.315565,0.021001,-0.726988
HYP-CFL-ZW-POS-HL-NEG-CAL-001,listing_close_v1,16,300108,4,0.310541,0.077635,0.020667,0.715414
HYP-CFL-ZW-POS-HL-NEG-CAL-001,listing_close_v1,17,000040,2,-0.304015,-0.152007,0.020233,-0.700379
HYP-CFL-ZW-POS-HL-NEG-CAL-001,listing_close_v1,18,300208,2,0.273429,0.136714,0.018197,0.629916
HYP-CFL-ZW-POS-HL-NEG-CAL-001,listing_close_v1,19,000932,1,0.266836,0.266836,0.017758,0.614728
HYP-CFL-ZW-POS-HL-NEG-CAL-001,listing_close_v1,20,000159,4,0.264055,0.066014,0.017573,0.608321
HYP-CFL-ZW-POS-HL-NEG-CAL-001,ipo_approx_v1,1,002336,3,-1.494885,-0.498295,0.098683,0.411775
HYP-CFL-ZW-POS-HL-NEG-CAL-001,ipo_approx_v1,2,600193,2,-1.129288,-0.564644,0.074549,0.311069
HYP-CFL-ZW-POS-HL-NEG-CAL-001,ipo_approx_v1,3,600532,1,-0.845932,-0.845932,0.055843,0.233017
HYP-CFL-ZW-POS-HL-NEG-CAL-001,ipo_approx_v1,4,300068,5,-0.83963,-0.167926,0.055427,0.231281
HYP-CFL-ZW-POS-HL-NEG-CAL-001,ipo_approx_v1,5,002912,4,0.639504,0.159876,0.042216,-0.176155
HYP-CFL-ZW-POS-HL-NEG-CAL-001,ipo_approx_v1,6,600768,5,0.579989,0.115998,0.038287,-0.159761
HYP-CFL-ZW-POS-HL-NEG-CAL-001,ipo_approx_v1,7,301091,4,0.553695,0.138424,0.036552,-0.152519
HYP-CFL-ZW-POS-HL-NEG-CAL-001,ipo_approx_v1,8,688418,6,0.404183,0.067364,0.026682,-0.111335
HYP-CFL-ZW-POS-HL-NEG-CAL-001,ipo_approx_v1,9,300551,6,0.367601,0.061267,0.024267,-0.101258
HYP-CFL-ZW-POS-HL-NEG-CAL-001,ipo_approx_v1,10,300630,2,-0.359619,-0.17981,0.02374,0.099059
HYP-CFL-ZW-POS-HL-NEG-CAL-001,ipo_approx_v1,11,301539,4,-0.356298,-0.089075,0.023521,0.098144
HYP-CFL-ZW-POS-HL-NEG-CAL-001,ipo_approx_v1,12,003013,1,0.282961,0.282961,0.018679,-0.077943
HYP-CFL-ZW-POS-HL-NEG-CAL-001,ipo_approx_v1,13,603003,3,0.265477,0.088492,0.017525,-0.073127
HYP-CFL-ZW-POS-HL-NEG-CAL-001,ipo_approx_v1,14,600083,2,0.249396,0.124698,0.016464,-0.068698
HYP-CFL-ZW-POS-HL-NEG-CAL-001,ipo_approx_v1,15,603663,1,0.248457,0.248457,0.016402,-0.068439
HYP-CFL-ZW-POS-HL-NEG-CAL-001,ipo_approx_v1,16,600599,2,-0.231153,-0.115576,0.015259,0.063672
HYP-CFL-ZW-POS-HL-NEG-CAL-001,ipo_approx_v1,17,301296,3,-0.230571,-0.076857,0.015221,0.063512
HYP-CFL-ZW-POS-HL-NEG-CAL-001,ipo_approx_v1,18,600696,1,-0.226309,-0.226309,0.01494,0.062338
HYP-CFL-ZW-POS-HL-NEG-CAL-001,ipo_approx_v1,19,601127,2,-0.225439,-0.11272,0.014882,0.062098
HYP-CFL-ZW-POS-HL-NEG-CAL-001,ipo_approx_v1,20,603289,5,0.201174,0.040235,0.01328,-0.055415
