experiment_id,hypothesis_id,object_id,birth_model,direction_source,logic,expected_direction,primary_horizon,split_version,split_fingerprint,calibration_version,calibration_fit_hash,status,pending_fdr,train_event_count,train_pool_count,train_positive_rate,validation_event_count,validation_pool_count,validation_positive_rate,oos_event_count,oos_pool_count,oos_positive_rate,oos_hit_rate_min,oos_hit_rate_max,oos_hit_rate_std,oos_dates_above_60pct,oos_dates_below_5pct,oos_sample_count,oos_eligible_stock_count,oos_coverage_start,oos_coverage_end,train_mean_excess_return,validation_mean_excess_return,oos_mean_return,oos_mean_excess_return,oos_up_rate,oos_excess_up_rate,oos_sign,validation_sign,overlap_ratio,non_overlapping_event_count,non_overlapping_mean_excess_return,positive_year_ratio,sign_consistency,year_count,top_1_contribution,top_5_contribution,loo_sign_flip_count,loo_mean_min,loo_mean_max,stock_count,single_name_dependent,control_jaccard,control_mean_excess_return,control_p_value,control_p_value_lower,control_event_count,gate_version,git_sha,dataset_version,universe_version,label_version,factor_rule_version,bazi_engine_version,ziwei_engine_version,huangli_engine_version,warnings
OOS3D--HYP-BZ-RAW-001--listing_open_v1,HYP-BZ-RAW-001,bazi_raw,listing_open_v1,raw,single,positive,20,phase3-oos-v1,6a059b3dbe54f22d,cal-v1,7e9897570d3b5a28,INVALID_CONTROL,False,10239,10647,0.961679,5040,5246,0.960732,3366,3529,0.953811,0.87931,1.0,0.038319,16,0,3132,312,2023-01-03,2026-08-14,0.002135,-0.05023,-0.021917,-0.021427,0.47765,0.448595,-1,-1,0.001783,3363,-0.021081,0.0,1.0,4,0.020173,0.071542,0,-0.022153,-0.020574,309,False,0.859227,-0.022827,0.03980099502487562,0.9651741293532339,3132,phase3d-oos-gate-v1,66939bbca70855226ceb2da52d6bbd6671d91113,phase3a_astockdata_cutoff_20260814,v2-phase3a,phase3d-hfq-adjfactor-v1,v1.1,smx-bazi-native-1.0.0,iztro-2.6.1+smx-1.0.0,huangli-engine-1.0.0,
OOS3D--HYP-BZ-RAW-001--listing_close_v1,HYP-BZ-RAW-001,bazi_raw,listing_close_v1,raw,single,positive,20,phase3-oos-v1,6a059b3dbe54f22d,cal-v1,7e9897570d3b5a28,INCONCLUSIVE,False,10250,10647,0.962713,5000,5246,0.953107,3285,3529,0.930859,0.787402,1.0,0.072058,16,0,3052,309,2023-01-03,2026-08-14,0.002601,-0.049629,-0.021238,-0.021138,0.479358,0.451507,-1,-1,0.001826,3282,-0.020783,0.0,1.0,4,0.020755,0.073456,0,-0.021882,-0.020261,305,False,0.820454,-0.022798,0.024875621890547265,0.9800995024875622,3052,phase3d-oos-gate-v1,66939bbca70855226ceb2da52d6bbd6671d91113,phase3a_astockdata_cutoff_20260814,v2-phase3a,phase3d-hfq-adjfactor-v1,v1.1,smx-bazi-native-1.0.0,iztro-2.6.1+smx-1.0.0,huangli-engine-1.0.0,
OOS3D--HYP-BZ-RAW-001--ipo_approx_v1,HYP-BZ-RAW-001,bazi_raw,ipo_approx_v1,raw,single,positive,20,phase3-oos-v1,6a059b3dbe54f22d,cal-v1,7e9897570d3b5a28,INVALID_CONTROL,False,10267,10647,0.964309,5037,5246,0.96016,3366,3529,0.953811,0.876,1.0,0.039416,16,0,3131,311,2023-01-03,2026-08-14,0.002541,-0.050818,-0.021359,-0.020725,0.476206,0.450016,-1,-1,0.001783,3363,-0.020379,0.0,1.0,4,0.016539,0.066308,0,-0.021448,-0.020046,308,False,0.847313,-0.022915,0.004975124378109453,1.0,3131,phase3d-oos-gate-v1,66939bbca70855226ceb2da52d6bbd6671d91113,phase3a_astockdata_cutoff_20260814,v2-phase3a,phase3d-hfq-adjfactor-v1,v1.1,smx-bazi-native-1.0.0,iztro-2.6.1+smx-1.0.0,huangli-engine-1.0.0,IPO_APPROXIMATION_WARNING：本结果的出生时间使用 ipo_approx_v1 近似口径（TuShare ipo_date 近似），**不是真实公司成立时间**，不得描述为『真实 IPO 出生时间』。
OOS3D--HYP-BZ-CAL-001--listing_open_v1,HYP-BZ-CAL-001,bazi_calibrated,listing_open_v1,calibrated,single,positive,20,phase3-oos-v1,6a059b3dbe54f22d,cal-v1,7e9897570d3b5a28,INCONCLUSIVE,False,2659,10647,0.249742,1298,5246,0.247427,896,3529,0.253896,0.11284,0.434783,0.092032,0,0,831,197,2023-01-03,2026-08-14,-0.003386,-0.048955,-0.01529,-0.015716,0.474128,0.445247,-1,-1,0.0,896,-0.015716,0.5,0.5,4,0.036614,0.147868,0,-0.017932,-0.013906,186,False,0.126549,-0.023063,0.08955223880597014,0.9154228855721394,831,phase3d-oos-gate-v1,66939bbca70855226ceb2da52d6bbd6671d91113,phase3a_astockdata_cutoff_20260814,v2-phase3a,phase3d-hfq-adjfactor-v1,v1.1,smx-bazi-native-1.0.0,iztro-2.6.1+smx-1.0.0,huangli-engine-1.0.0,
OOS3D--HYP-BZ-CAL-001--listing_close_v1,HYP-BZ-CAL-001,bazi_calibrated,listing_close_v1,calibrated,single,positive,20,phase3-oos-v1,6a059b3dbe54f22d,cal-v1,7e9897570d3b5a28,INCONCLUSIVE,False,2653,10647,0.249178,1241,5246,0.236561,930,3529,0.263531,0.07393,0.435233,0.103886,0,0,874,190,2023-01-03,2026-08-14,0.009627,-0.041721,-0.017134,-0.017395,0.464531,0.440503,-1,-1,0.0,930,-0.017395,0.25,0.75,4,0.027157,0.116957,0,-0.019282,-0.015683,185,False,0.134591,-0.023014,0.15422885572139303,0.8507462686567164,874,phase3d-oos-gate-v1,66939bbca70855226ceb2da52d6bbd6671d91113,phase3a_astockdata_cutoff_20260814,v2-phase3a,phase3d-hfq-adjfactor-v1,v1.1,smx-bazi-native-1.0.0,iztro-2.6.1+smx-1.0.0,huangli-engine-1.0.0,
OOS3D--HYP-BZ-CAL-001--ipo_approx_v1,HYP-BZ-CAL-001,bazi_calibrated,ipo_approx_v1,calibrated,single,positive,20,phase3-oos-v1,6a059b3dbe54f22d,cal-v1,7e9897570d3b5a28,WEAK_EVIDENCE,False,2658,10647,0.249648,1365,5246,0.260198,894,3529,0.25333,0.105058,0.391304,0.085383,0,0,813,198,2023-01-03,2026-08-14,0.00744,-0.045242,-0.011217,-0.01231,0.506765,0.453875,-1,-1,0.0,894,-0.01231,0.25,0.75,4,0.045732,0.176578,0,-0.014977,-0.010131,179,False,0.124506,-0.022291,0.04975124378109453,0.9552238805970149,813,phase3d-oos-gate-v1,66939bbca70855226ceb2da52d6bbd6671d91113,phase3a_astockdata_cutoff_20260814,v2-phase3a,phase3d-hfq-adjfactor-v1,v1.1,smx-bazi-native-1.0.0,iztro-2.6.1+smx-1.0.0,huangli-engine-1.0.0,IPO_APPROXIMATION_WARNING：本结果的出生时间使用 ipo_approx_v1 近似口径（TuShare ipo_date 近似），**不是真实公司成立时间**，不得描述为『真实 IPO 出生时间』。
OOS3D--HYP-ZW-RAW-001--listing_open_v1,HYP-ZW-RAW-001,ziwei_raw,listing_open_v1,raw,single,positive,20,phase3-oos-v1,6a059b3dbe54f22d,cal-v1,7e9897570d3b5a28,INCONCLUSIVE,False,2958,10647,0.277825,2040,5246,0.388868,831,3529,0.235477,0.171206,0.339394,0.037978,0,0,755,173,2023-01-03,2026-08-14,0.003799,-0.057633,-0.020977,-0.019228,0.486093,0.454305,-1,-1,0.0,831,-0.019228,0.25,0.75,4,0.040234,0.14601,0,-0.020847,-0.017154,167,False,0.120848,-0.023263,0.24875621890547264,0.7562189054726368,755,phase3d-oos-gate-v1,66939bbca70855226ceb2da52d6bbd6671d91113,phase3a_astockdata_cutoff_20260814,v2-phase3a,phase3d-hfq-adjfactor-v1,v1.1,smx-bazi-native-1.0.0,iztro-2.6.1+smx-1.0.0,huangli-engine-1.0.0,
OOS3D--HYP-ZW-RAW-001--listing_close_v1,HYP-ZW-RAW-001,ziwei_raw,listing_close_v1,raw,single,positive,20,phase3-oos-v1,6a059b3dbe54f22d,cal-v1,7e9897570d3b5a28,INCONCLUSIVE,False,3581,10647,0.336339,2445,5246,0.466069,1067,3529,0.302352,0.136187,0.4,0.063259,0,0,974,184,2023-01-03,2026-08-14,0.00284,-0.059829,-0.023873,-0.022394,0.463039,0.440452,-1,-1,0.0,1067,-0.022394,0.0,1.0,4,0.025934,0.10955,0,-0.023624,-0.021038,175,False,0.156374,-0.022946,0.46766169154228854,0.5373134328358209,974,phase3d-oos-gate-v1,66939bbca70855226ceb2da52d6bbd6671d91113,phase3a_astockdata_cutoff_20260814,v2-phase3a,phase3d-hfq-adjfactor-v1,v1.1,smx-bazi-native-1.0.0,iztro-2.6.1+smx-1.0.0,huangli-engine-1.0.0,
OOS3D--HYP-ZW-RAW-001--ipo_approx_v1,HYP-ZW-RAW-001,ziwei_raw,ipo_approx_v1,raw,single,positive,20,phase3-oos-v1,6a059b3dbe54f22d,cal-v1,7e9897570d3b5a28,WEAK_EVIDENCE,False,3101,10647,0.291256,2072,5246,0.394968,975,3529,0.276282,0.202335,0.424242,0.062537,0,0,889,169,2023-01-03,2026-08-14,0.001726,-0.055103,-0.017324,-0.013897,0.471316,0.448819,-1,-1,0.002051,974,-0.013897,0.25,0.75,4,0.035923,0.15514,0,-0.015301,-0.012054,157,False,0.150617,-0.022543,0.07462686567164178,0.9303482587064676,889,phase3d-oos-gate-v1,66939bbca70855226ceb2da52d6bbd6671d91113,phase3a_astockdata_cutoff_20260814,v2-phase3a,phase3d-hfq-adjfactor-v1,v1.1,smx-bazi-native-1.0.0,iztro-2.6.1+smx-1.0.0,huangli-engine-1.0.0,IPO_APPROXIMATION_WARNING：本结果的出生时间使用 ipo_approx_v1 近似口径（TuShare ipo_date 近似），**不是真实公司成立时间**，不得描述为『真实 IPO 出生时间』。
OOS3D--HYP-ZW-CAL-001--listing_open_v1,HYP-ZW-CAL-001,ziwei_calibrated,listing_open_v1,calibrated,single,positive,20,phase3-oos-v1,6a059b3dbe54f22d,cal-v1,7e9897570d3b5a28,INCONCLUSIVE,False,2668,10647,0.250587,1881,5246,0.358559,746,3529,0.211391,0.132296,0.30303,0.035423,0,0,678,166,2023-01-03,2026-08-14,0.003018,-0.059435,-0.022325,-0.020515,0.485251,0.445428,-1,-1,0.0,746,-0.020515,0.25,0.75,4,0.042547,0.152982,0,-0.022324,-0.018213,158,False,0.108171,-0.022873,0.3482587064676617,0.6567164179104478,678,phase3d-oos-gate-v1,66939bbca70855226ceb2da52d6bbd6671d91113,phase3a_astockdata_cutoff_20260814,v2-phase3a,phase3d-hfq-adjfactor-v1,v1.1,smx-bazi-native-1.0.0,iztro-2.6.1+smx-1.0.0,huangli-engine-1.0.0,
OOS3D--HYP-ZW-CAL-001--listing_close_v1,HYP-ZW-CAL-001,ziwei_calibrated,listing_close_v1,calibrated,single,positive,20,phase3-oos-v1,6a059b3dbe54f22d,cal-v1,7e9897570d3b5a28,INCONCLUSIVE,False,2669,10647,0.250681,1920,5246,0.365993,791,3529,0.224143,0.093385,0.327273,0.054186,0,0,720,149,2023-01-03,2026-08-14,-0.001219,-0.060544,-0.026758,-0.025834,0.4625,0.440278,-1,-1,0.0,791,-0.025834,0.0,1.0,4,0.03244,0.138871,0,-0.027535,-0.024026,145,False,0.126771,-0.022674,0.6915422885572139,0.31343283582089554,720,phase3d-oos-gate-v1,66939bbca70855226ceb2da52d6bbd6671d91113,phase3a_astockdata_cutoff_20260814,v2-phase3a,phase3d-hfq-adjfactor-v1,v1.1,smx-bazi-native-1.0.0,iztro-2.6.1+smx-1.0.0,huangli-engine-1.0.0,
OOS3D--HYP-ZW-CAL-001--ipo_approx_v1,HYP-ZW-CAL-001,ziwei_calibrated,ipo_approx_v1,calibrated,single,positive,20,phase3-oos-v1,6a059b3dbe54f22d,cal-v1,7e9897570d3b5a28,WEAK_EVIDENCE,False,2664,10647,0.250211,1826,5246,0.348075,816,3529,0.231227,0.143969,0.363636,0.057887,0,0,743,142,2023-01-03,2026-08-14,-0.000214,-0.054885,-0.021886,-0.018489,0.46568,0.444145,-1,-1,0.002451,815,-0.018489,0.25,0.75,4,0.039417,0.179816,0,-0.020191,-0.016319,134,False,0.106458,-0.02312,0.17412935323383086,0.8308457711442786,743,phase3d-oos-gate-v1,66939bbca70855226ceb2da52d6bbd6671d91113,phase3a_astockdata_cutoff_20260814,v2-phase3a,phase3d-hfq-adjfactor-v1,v1.1,smx-bazi-native-1.0.0,iztro-2.6.1+smx-1.0.0,huangli-engine-1.0.0,IPO_APPROXIMATION_WARNING：本结果的出生时间使用 ipo_approx_v1 近似口径（TuShare ipo_date 近似），**不是真实公司成立时间**，不得描述为『真实 IPO 出生时间』。
OOS3D--HYP-HL-RAW-001--listing_open_v1,HYP-HL-RAW-001,huangli_raw,listing_open_v1,raw,single,positive,20,phase3-oos-v1,6a059b3dbe54f22d,cal-v1,7e9897570d3b5a28,INCONCLUSIVE,False,4895,10647,0.459754,2197,5246,0.418795,1500,3529,0.42505,0.054545,0.944882,0.339042,6,0,1459,278,2023-01-03,2026-08-14,0.008808,-0.047833,-0.045222,-0.039415,0.41878,0.410555,-1,-1,0.0,1500,-0.039415,0.25,0.75,4,0.015233,0.07277,0,-0.040153,-0.038595,271,False,0.243277,-0.022452,1.0,0.004975124378109453,1459,phase3d-oos-gate-v1,66939bbca70855226ceb2da52d6bbd6671d91113,phase3a_astockdata_cutoff_20260814,v2-phase3a,phase3d-hfq-adjfactor-v1,v1.1,smx-bazi-native-1.0.0,iztro-2.6.1+smx-1.0.0,huangli-engine-1.0.0,
OOS3D--HYP-HL-RAW-001--listing_close_v1,HYP-HL-RAW-001,huangli_raw,listing_close_v1,raw,single,positive,20,phase3-oos-v1,6a059b3dbe54f22d,cal-v1,7e9897570d3b5a28,INCONCLUSIVE,False,5219,10647,0.490185,2381,5246,0.45387,1509,3529,0.4276,0.006061,0.912,0.291481,4,2,1469,289,2023-01-03,2026-08-14,0.007887,-0.050079,-0.04625,-0.043881,0.425459,0.40776,-1,-1,0.001325,1508,-0.043881,0.0,1.0,4,0.017904,0.080934,0,-0.044703,-0.042922,280,False,0.279759,-0.022962,1.0,0.004975124378109453,1469,phase3d-oos-gate-v1,66939bbca70855226ceb2da52d6bbd6671d91113,phase3a_astockdata_cutoff_20260814,v2-phase3a,phase3d-hfq-adjfactor-v1,v1.1,smx-bazi-native-1.0.0,iztro-2.6.1+smx-1.0.0,huangli-engine-1.0.0,
OOS3D--HYP-HL-RAW-001--ipo_approx_v1,HYP-HL-RAW-001,huangli_raw,ipo_approx_v1,raw,single,positive,20,phase3-oos-v1,6a059b3dbe54f22d,cal-v1,7e9897570d3b5a28,INCONCLUSIVE,False,4903,10647,0.460505,2182,5246,0.415936,1502,3529,0.425616,0.048485,0.948819,0.350102,6,1,1459,279,2023-01-03,2026-08-14,0.015708,-0.052155,-0.044898,-0.040068,0.425634,0.395476,-1,-1,0.001332,1501,-0.039338,0.25,0.75,4,0.029578,0.090331,0,-0.041079,-0.038358,270,False,0.260536,-0.023248,1.0,0.004975124378109453,1459,phase3d-oos-gate-v1,66939bbca70855226ceb2da52d6bbd6671d91113,phase3a_astockdata_cutoff_20260814,v2-phase3a,phase3d-hfq-adjfactor-v1,v1.1,smx-bazi-native-1.0.0,iztro-2.6.1+smx-1.0.0,huangli-engine-1.0.0,IPO_APPROXIMATION_WARNING：本结果的出生时间使用 ipo_approx_v1 近似口径（TuShare ipo_date 近似），**不是真实公司成立时间**，不得描述为『真实 IPO 出生时间』。
OOS3D--HYP-HL-CAL-001--listing_open_v1,HYP-HL-CAL-001,huangli_calibrated,listing_open_v1,calibrated,single,positive,20,phase3-oos-v1,6a059b3dbe54f22d,cal-v1,7e9897570d3b5a28,INCONCLUSIVE,False,2653,10647,0.249178,978,5246,0.186428,854,3529,0.241995,0.0,0.775591,0.269299,2,7,837,266,2023-01-03,2026-07-01,0.018017,-0.049853,-0.055717,-0.047939,0.394265,0.382318,-1,-1,0.0,854,-0.047939,0.25,0.75,4,0.021262,0.098183,0,-0.049323,-0.04659,258,False,0.130348,-0.021932,1.0,0.004975124378109453,837,phase3d-oos-gate-v1,66939bbca70855226ceb2da52d6bbd6671d91113,phase3a_astockdata_cutoff_20260814,v2-phase3a,phase3d-hfq-adjfactor-v1,v1.1,smx-bazi-native-1.0.0,iztro-2.6.1+smx-1.0.0,huangli-engine-1.0.0,
OOS3D--HYP-HL-CAL-001--listing_close_v1,HYP-HL-CAL-001,huangli_calibrated,listing_close_v1,calibrated,single,positive,20,phase3-oos-v1,6a059b3dbe54f22d,cal-v1,7e9897570d3b5a28,INCONCLUSIVE,False,2657,10647,0.249554,1179,5246,0.224743,701,3529,0.19864,0.0,0.64,0.219383,1,6,685,247,2023-01-03,2026-07-01,0.021815,-0.052555,-0.051312,-0.046164,0.423358,0.383942,-1,-1,0.0,701,-0.046164,0.75,0.25,4,0.027778,0.103607,0,-0.04779,-0.04425,242,False,0.105263,-0.023616,1.0,0.004975124378109453,685,phase3d-oos-gate-v1,66939bbca70855226ceb2da52d6bbd6671d91113,phase3a_astockdata_cutoff_20260814,v2-phase3a,phase3d-hfq-adjfactor-v1,v1.1,smx-bazi-native-1.0.0,iztro-2.6.1+smx-1.0.0,huangli-engine-1.0.0,
OOS3D--HYP-HL-CAL-001--ipo_approx_v1,HYP-HL-CAL-001,huangli_calibrated,ipo_approx_v1,calibrated,single,positive,20,phase3-oos-v1,6a059b3dbe54f22d,cal-v1,7e9897570d3b5a28,INCONCLUSIVE,False,2663,10647,0.250117,1004,5246,0.191384,856,3529,0.242562,0.0,0.775591,0.274917,2,8,834,264,2023-01-03,2026-07-01,0.029289,-0.049461,-0.057218,-0.050449,0.396882,0.365707,-1,-1,0.0,856,-0.050449,0.5,0.5,4,0.027863,0.094287,0,-0.05168,-0.048443,254,False,0.129679,-0.022293,1.0,0.004975124378109453,834,phase3d-oos-gate-v1,66939bbca70855226ceb2da52d6bbd6671d91113,phase3a_astockdata_cutoff_20260814,v2-phase3a,phase3d-hfq-adjfactor-v1,v1.1,smx-bazi-native-1.0.0,iztro-2.6.1+smx-1.0.0,huangli-engine-1.0.0,IPO_APPROXIMATION_WARNING：本结果的出生时间使用 ipo_approx_v1 近似口径（TuShare ipo_date 近似），**不是真实公司成立时间**，不得描述为『真实 IPO 出生时间』。
OOS3D--HYP-CON-BZ-ZW-RAW-001--listing_open_v1,HYP-CON-BZ-ZW-RAW-001,bazi_ziwei_raw,listing_open_v1,raw,all_positive,positive,20,phase3-oos-v1,6a059b3dbe54f22d,cal-v1,7e9897570d3b5a28,INCONCLUSIVE,False,2842,10647,0.26693,1971,5246,0.375715,807,3529,0.228677,0.167315,0.339394,0.039674,0,0,731,171,2023-01-03,2026-08-14,0.00324,-0.056665,-0.020238,-0.018664,0.488372,0.452804,-1,-1,0.0,807,-0.018664,0.25,0.75,4,0.041938,0.152193,0,-0.020335,-0.016518,164,False,0.11611,-0.022554,0.23880597014925373,0.7661691542288557,731,phase3d-oos-gate-v1,66939bbca70855226ceb2da52d6bbd6671d91113,phase3a_astockdata_cutoff_20260814,v2-phase3a,phase3d-hfq-adjfactor-v1,v1.1,smx-bazi-native-1.0.0,iztro-2.6.1+smx-1.0.0,huangli-engine-1.0.0,
OOS3D--HYP-CON-BZ-ZW-RAW-001--listing_close_v1,HYP-CON-BZ-ZW-RAW-001,bazi_ziwei_raw,listing_close_v1,raw,all_positive,positive,20,phase3-oos-v1,6a059b3dbe54f22d,cal-v1,7e9897570d3b5a28,INCONCLUSIVE,False,3474,10647,0.326289,2323,5246,0.442814,997,3529,0.282516,0.101167,0.396396,0.073578,0,0,906,180,2023-01-03,2026-08-14,0.002949,-0.060083,-0.022194,-0.020987,0.469095,0.443709,-1,-1,0.0,997,-0.020987,0.0,1.0,4,0.028686,0.11897,0,-0.022291,-0.01952,169,False,0.144317,-0.02318,0.31840796019900497,0.6865671641791045,906,phase3d-oos-gate-v1,66939bbca70855226ceb2da52d6bbd6671d91113,phase3a_astockdata_cutoff_20260814,v2-phase3a,phase3d-hfq-adjfactor-v1,v1.1,smx-bazi-native-1.0.0,iztro-2.6.1+smx-1.0.0,huangli-engine-1.0.0,
OOS3D--HYP-CON-BZ-ZW-RAW-001--ipo_approx_v1,HYP-CON-BZ-ZW-RAW-001,bazi_ziwei_raw,ipo_approx_v1,raw,all_positive,positive,20,phase3-oos-v1,6a059b3dbe54f22d,cal-v1,7e9897570d3b5a28,WEAK_EVIDENCE,False,2964,10647,0.278388,1990,5246,0.379337,934,3529,0.264664,0.194553,0.424242,0.062704,0,0,848,166,2023-01-03,2026-08-14,0.001515,-0.055921,-0.016073,-0.012994,0.476415,0.450472,-1,-1,0.0,934,-0.012994,0.25,0.75,4,0.036252,0.1514,0,-0.014457,-0.011112,153,False,0.143774,-0.02317,0.03482587064676617,0.9701492537313433,848,phase3d-oos-gate-v1,66939bbca70855226ceb2da52d6bbd6671d91113,phase3a_astockdata_cutoff_20260814,v2-phase3a,phase3d-hfq-adjfactor-v1,v1.1,smx-bazi-native-1.0.0,iztro-2.6.1+smx-1.0.0,huangli-engine-1.0.0,IPO_APPROXIMATION_WARNING：本结果的出生时间使用 ipo_approx_v1 近似口径（TuShare ipo_date 近似），**不是真实公司成立时间**，不得描述为『真实 IPO 出生时间』。
OOS3D--HYP-CON-BZ-ZW-CAL-001--listing_open_v1,HYP-CON-BZ-ZW-CAL-001,bazi_ziwei_calibrated,listing_open_v1,calibrated,all_positive,positive,20,phase3-oos-v1,6a059b3dbe54f22d,cal-v1,7e9897570d3b5a28,NO_SIGNAL,False,686,10647,0.064431,454,5246,0.086542,190,3529,0.05384,0.015564,0.11413,0.02405,0,5,175,73,2023-01-03,2026-08-14,-0.007282,-0.051481,-0.034513,-0.034309,0.462857,0.417143,-1,-1,0.0,190,-0.034309,0.25,0.75,4,0.126571,0.366325,0,-0.038307,-0.025994,68,False,0.033994,-0.022209,0.8308457711442786,0.17412935323383086,175,phase3d-oos-gate-v1,66939bbca70855226ceb2da52d6bbd6671d91113,phase3a_astockdata_cutoff_20260814,v2-phase3a,phase3d-hfq-adjfactor-v1,v1.1,smx-bazi-native-1.0.0,iztro-2.6.1+smx-1.0.0,huangli-engine-1.0.0,
OOS3D--HYP-CON-BZ-ZW-CAL-001--listing_close_v1,HYP-CON-BZ-ZW-CAL-001,bazi_ziwei_calibrated,listing_close_v1,calibrated,all_positive,positive,20,phase3-oos-v1,6a059b3dbe54f22d,cal-v1,7e9897570d3b5a28,INCONCLUSIVE,False,722,10647,0.067813,469,5246,0.089401,182,3529,0.051573,0.007782,0.108108,0.024271,0,9,166,70,2023-01-03,2026-08-14,0.011242,-0.06326,-0.026448,-0.021545,0.451807,0.433735,-1,-1,0.0,182,-0.021545,0.25,0.75,4,0.082198,0.297484,0,-0.02714,-0.015364,67,False,0.029586,-0.022776,0.4626865671641791,0.5422885572139303,166,phase3d-oos-gate-v1,66939bbca70855226ceb2da52d6bbd6671d91113,phase3a_astockdata_cutoff_20260814,v2-phase3a,phase3d-hfq-adjfactor-v1,v1.1,smx-bazi-native-1.0.0,iztro-2.6.1+smx-1.0.0,huangli-engine-1.0.0,
OOS3D--HYP-CON-BZ-ZW-CAL-001--ipo_approx_v1,HYP-CON-BZ-ZW-CAL-001,bazi_ziwei_calibrated,ipo_approx_v1,calibrated,all_positive,positive,20,phase3-oos-v1,6a059b3dbe54f22d,cal-v1,7e9897570d3b5a28,INCONCLUSIVE,False,618,10647,0.058045,481,5246,0.091689,193,3529,0.05469,0.015564,0.125,0.032751,0,6,169,81,2023-01-03,2026-08-14,-0.006401,-0.054777,0.011524,0.009614,0.591716,0.502959,1,-1,0.0,193,0.009614,0.75,0.75,4,0.093151,0.304909,0,0.002838,0.014021,67,False,0.016854,-0.024815,0.004975124378109453,1.0,169,phase3d-oos-gate-v1,66939bbca70855226ceb2da52d6bbd6671d91113,phase3a_astockdata_cutoff_20260814,v2-phase3a,phase3d-hfq-adjfactor-v1,v1.1,smx-bazi-native-1.0.0,iztro-2.6.1+smx-1.0.0,huangli-engine-1.0.0,IPO_APPROXIMATION_WARNING：本结果的出生时间使用 ipo_approx_v1 近似口径（TuShare ipo_date 近似），**不是真实公司成立时间**，不得描述为『真实 IPO 出生时间』。
OOS3D--HYP-CON-BZ-HL-RAW-001--listing_open_v1,HYP-CON-BZ-HL-RAW-001,bazi_huangli_raw,listing_open_v1,raw,all_positive,positive,20,phase3-oos-v1,6a059b3dbe54f22d,cal-v1,7e9897570d3b5a28,INCONCLUSIVE,False,4788,10647,0.449704,2166,5246,0.412886,1446,3529,0.409748,0.054545,0.905512,0.323116,6,0,1407,278,2023-01-03,2026-08-14,0.007165,-0.047754,-0.043525,-0.037677,0.422175,0.412935,-1,-1,0.0,1446,-0.037677,0.25,0.75,4,0.016178,0.076869,0,-0.038429,-0.03682,271,False,0.251865,-0.023092,1.0,0.004975124378109453,1407,phase3d-oos-gate-v1,66939bbca70855226ceb2da52d6bbd6671d91113,phase3a_astockdata_cutoff_20260814,v2-phase3a,phase3d-hfq-adjfactor-v1,v1.1,smx-bazi-native-1.0.0,iztro-2.6.1+smx-1.0.0,huangli-engine-1.0.0,
OOS3D--HYP-CON-BZ-HL-RAW-001--listing_close_v1,HYP-CON-BZ-HL-RAW-001,bazi_huangli_raw,listing_close_v1,raw,all_positive,positive,20,phase3-oos-v1,6a059b3dbe54f22d,cal-v1,7e9897570d3b5a28,INCONCLUSIVE,False,5118,10647,0.480699,2311,5246,0.440526,1454,3529,0.412015,0.006061,0.88,0.280049,4,2,1415,285,2023-01-03,2026-08-14,0.007497,-0.050165,-0.042668,-0.041002,0.433922,0.414134,-1,-1,0.001376,1453,-0.041002,0.0,1.0,4,0.018927,0.08556,0,-0.041837,-0.039996,276,False,0.244685,-0.022721,1.0,0.004975124378109453,1415,phase3d-oos-gate-v1,66939bbca70855226ceb2da52d6bbd6671d91113,phase3a_astockdata_cutoff_20260814,v2-phase3a,phase3d-hfq-adjfactor-v1,v1.1,smx-bazi-native-1.0.0,iztro-2.6.1+smx-1.0.0,huangli-engine-1.0.0,
OOS3D--HYP-CON-BZ-HL-RAW-001--ipo_approx_v1,HYP-CON-BZ-HL-RAW-001,bazi_huangli_raw,ipo_approx_v1,raw,all_positive,positive,20,phase3-oos-v1,6a059b3dbe54f22d,cal-v1,7e9897570d3b5a28,INCONCLUSIVE,False,4805,10647,0.451301,2147,5246,0.409264,1441,3529,0.408331,0.048485,0.901575,0.331796,6,1,1398,278,2023-01-03,2026-08-14,0.015758,-0.051934,-0.041711,-0.037039,0.429185,0.398426,-1,-1,0.001388,1440,-0.036275,0.25,0.75,4,0.032531,0.093245,0,-0.038072,-0.035148,269,False,0.247364,-0.023206,1.0,0.004975124378109453,1398,phase3d-oos-gate-v1,66939bbca70855226ceb2da52d6bbd6671d91113,phase3a_astockdata_cutoff_20260814,v2-phase3a,phase3d-hfq-adjfactor-v1,v1.1,smx-bazi-native-1.0.0,iztro-2.6.1+smx-1.0.0,huangli-engine-1.0.0,IPO_APPROXIMATION_WARNING：本结果的出生时间使用 ipo_approx_v1 近似口径（TuShare ipo_date 近似），**不是真实公司成立时间**，不得描述为『真实 IPO 出生时间』。
OOS3D--HYP-CON-BZ-HL-CAL-001--listing_open_v1,HYP-CON-BZ-HL-CAL-001,bazi_huangli_calibrated,listing_open_v1,calibrated,all_positive,positive,20,phase3-oos-v1,6a059b3dbe54f22d,cal-v1,7e9897570d3b5a28,INCONCLUSIVE,False,981,10647,0.092139,383,5246,0.073008,285,3529,0.080759,0.0,0.331522,0.110773,0,10,279,137,2023-01-03,2026-07-01,0.007618,-0.02903,-0.058359,-0.045553,0.383513,0.394265,-1,-1,0.0,285,-0.045553,0.5,0.5,4,0.051983,0.177591,0,-0.047138,-0.041571,135,False,0.046382,-0.023156,0.9900497512437811,0.014925373134328358,279,phase3d-oos-gate-v1,66939bbca70855226ceb2da52d6bbd6671d91113,phase3a_astockdata_cutoff_20260814,v2-phase3a,phase3d-hfq-adjfactor-v1,v1.1,smx-bazi-native-1.0.0,iztro-2.6.1+smx-1.0.0,huangli-engine-1.0.0,
OOS3D--HYP-CON-BZ-HL-CAL-001--listing_close_v1,HYP-CON-BZ-HL-CAL-001,bazi_huangli_calibrated,listing_close_v1,calibrated,all_positive,positive,20,phase3-oos-v1,6a059b3dbe54f22d,cal-v1,7e9897570d3b5a28,INCONCLUSIVE,False,918,10647,0.086221,432,5246,0.082348,257,3529,0.072825,0.0,0.216535,0.077945,0,9,251,125,2023-01-03,2026-07-01,0.033752,-0.034594,-0.04724,-0.04207,0.398406,0.38247,-1,-1,0.0,257,-0.04207,0.25,0.75,4,0.047133,0.208195,0,-0.046476,-0.038254,122,False,0.024194,-0.022003,0.9751243781094527,0.029850746268656716,251,phase3d-oos-gate-v1,66939bbca70855226ceb2da52d6bbd6671d91113,phase3a_astockdata_cutoff_20260814,v2-phase3a,phase3d-hfq-adjfactor-v1,v1.1,smx-bazi-native-1.0.0,iztro-2.6.1+smx-1.0.0,huangli-engine-1.0.0,
OOS3D--HYP-CON-BZ-HL-CAL-001--ipo_approx_v1,HYP-CON-BZ-HL-CAL-001,bazi_huangli_calibrated,ipo_approx_v1,calibrated,all_positive,positive,20,phase3-oos-v1,6a059b3dbe54f22d,cal-v1,7e9897570d3b5a28,INCONCLUSIVE,False,946,10647,0.088851,429,5246,0.081777,284,3529,0.080476,0.0,0.311024,0.102558,0,9,277,135,2023-01-03,2026-07-01,0.032596,-0.035865,-0.042519,-0.034171,0.440433,0.407942,-1,-1,0.0,284,-0.034171,0.25,0.75,4,0.047072,0.168921,0,-0.037999,-0.030001,132,False,0.044693,-0.024165,0.8208955223880597,0.18407960199004975,277,phase3d-oos-gate-v1,66939bbca70855226ceb2da52d6bbd6671d91113,phase3a_astockdata_cutoff_20260814,v2-phase3a,phase3d-hfq-adjfactor-v1,v1.1,smx-bazi-native-1.0.0,iztro-2.6.1+smx-1.0.0,huangli-engine-1.0.0,IPO_APPROXIMATION_WARNING：本结果的出生时间使用 ipo_approx_v1 近似口径（TuShare ipo_date 近似），**不是真实公司成立时间**，不得描述为『真实 IPO 出生时间』。
OOS3D--HYP-CON-ZW-HL-RAW-001--listing_open_v1,HYP-CON-ZW-HL-RAW-001,ziwei_huangli_raw,listing_open_v1,raw,all_positive,positive,20,phase3-oos-v1,6a059b3dbe54f22d,cal-v1,7e9897570d3b5a28,INCONCLUSIVE,False,1384,10647,0.12999,898,5246,0.171178,341,3529,0.096628,0.0,0.251462,0.087276,0,7,328,131,2023-01-03,2026-08-14,0.008003,-0.059653,-0.03975,-0.031995,0.432927,0.420732,-1,-1,0.0,341,-0.031995,0.25,0.75,4,0.044102,0.182241,0,-0.035672,-0.029018,124,False,0.061905,-0.021471,0.8805970149253731,0.12437810945273632,328,phase3d-oos-gate-v1,66939bbca70855226ceb2da52d6bbd6671d91113,phase3a_astockdata_cutoff_20260814,v2-phase3a,phase3d-hfq-adjfactor-v1,v1.1,smx-bazi-native-1.0.0,iztro-2.6.1+smx-1.0.0,huangli-engine-1.0.0,
OOS3D--HYP-CON-ZW-HL-RAW-001--listing_close_v1,HYP-CON-ZW-HL-RAW-001,ziwei_huangli_raw,listing_close_v1,raw,all_positive,positive,20,phase3-oos-v1,6a059b3dbe54f22d,cal-v1,7e9897570d3b5a28,INCONCLUSIVE,False,1779,10647,0.167089,1161,5246,0.221311,453,3529,0.128365,0.0,0.308,0.099214,0,4,440,142,2023-01-03,2026-07-01,0.005353,-0.052266,-0.045676,-0.041552,0.434091,0.422727,-1,-1,0.0,453,-0.041552,0.0,1.0,4,0.044203,0.181843,0,-0.04339,-0.038895,137,False,0.069461,-0.022738,0.9850746268656716,0.01990049751243781,440,phase3d-oos-gate-v1,66939bbca70855226ceb2da52d6bbd6671d91113,phase3a_astockdata_cutoff_20260814,v2-phase3a,phase3d-hfq-adjfactor-v1,v1.1,smx-bazi-native-1.0.0,iztro-2.6.1+smx-1.0.0,huangli-engine-1.0.0,
OOS3D--HYP-CON-ZW-HL-RAW-001--ipo_approx_v1,HYP-CON-ZW-HL-RAW-001,ziwei_huangli_raw,ipo_approx_v1,raw,all_positive,positive,20,phase3-oos-v1,6a059b3dbe54f22d,cal-v1,7e9897570d3b5a28,INCONCLUSIVE,False,1365,10647,0.128205,907,5246,0.172894,419,3529,0.118731,0.015564,0.356725,0.110677,0,7,404,133,2023-01-03,2026-08-14,0.013959,-0.061781,-0.036578,-0.026396,0.438119,0.428218,-1,-1,0.0,419,-0.026396,0.25,0.75,4,0.038339,0.164948,0,-0.029645,-0.023429,128,False,0.057841,-0.022254,0.7313432835820896,0.2736318407960199,404,phase3d-oos-gate-v1,66939bbca70855226ceb2da52d6bbd6671d91113,phase3a_astockdata_cutoff_20260814,v2-phase3a,phase3d-hfq-adjfactor-v1,v1.1,smx-bazi-native-1.0.0,iztro-2.6.1+smx-1.0.0,huangli-engine-1.0.0,IPO_APPROXIMATION_WARNING：本结果的出生时间使用 ipo_approx_v1 近似口径（TuShare ipo_date 近似），**不是真实公司成立时间**，不得描述为『真实 IPO 出生时间』。
OOS3D--HYP-CON-ZW-HL-CAL-001--listing_open_v1,HYP-CON-ZW-HL-CAL-001,ziwei_huangli_calibrated,listing_open_v1,calibrated,all_positive,positive,20,phase3-oos-v1,6a059b3dbe54f22d,cal-v1,7e9897570d3b5a28,INCONCLUSIVE,False,693,10647,0.065089,364,5246,0.069386,179,3529,0.050723,0.0,0.145669,0.057592,0,10,172,105,2023-01-03,2026-07-01,0.018364,-0.074572,-0.051311,-0.04282,0.395349,0.360465,-1,-1,0.0,179,-0.04282,0.25,0.75,4,0.068751,0.259063,0,-0.049914,-0.036268,100,False,0.017391,-0.022469,0.9253731343283582,0.07960199004975124,172,phase3d-oos-gate-v1,66939bbca70855226ceb2da52d6bbd6671d91113,phase3a_astockdata_cutoff_20260814,v2-phase3a,phase3d-hfq-adjfactor-v1,v1.1,smx-bazi-native-1.0.0,iztro-2.6.1+smx-1.0.0,huangli-engine-1.0.0,
OOS3D--HYP-CON-ZW-HL-CAL-001--listing_close_v1,HYP-CON-ZW-HL-CAL-001,ziwei_huangli_calibrated,listing_close_v1,calibrated,all_positive,positive,20,phase3-oos-v1,6a059b3dbe54f22d,cal-v1,7e9897570d3b5a28,INCONCLUSIVE,False,702,10647,0.065934,474,5246,0.090355,147,3529,0.041655,0.0,0.14,0.051854,0,11,143,71,2023-07-03,2026-07-01,0.012803,-0.058851,-0.056278,-0.051226,0.433566,0.412587,-1,-1,0.0,147,-0.051226,0.5,0.5,4,0.077196,0.299312,0,-0.057399,-0.044677,71,False,0.017544,-0.023723,0.9651741293532339,0.03980099502487562,143,phase3d-oos-gate-v1,66939bbca70855226ceb2da52d6bbd6671d91113,phase3a_astockdata_cutoff_20260814,v2-phase3a,phase3d-hfq-adjfactor-v1,v1.1,smx-bazi-native-1.0.0,iztro-2.6.1+smx-1.0.0,huangli-engine-1.0.0,
OOS3D--HYP-CON-ZW-HL-CAL-001--ipo_approx_v1,HYP-CON-ZW-HL-CAL-001,ziwei_huangli_calibrated,ipo_approx_v1,calibrated,all_positive,positive,20,phase3-oos-v1,6a059b3dbe54f22d,cal-v1,7e9897570d3b5a28,INCONCLUSIVE,False,625,10647,0.058702,349,5246,0.066527,206,3529,0.058373,0.0,0.169591,0.068109,0,10,200,96,2023-07-03,2026-07-01,0.017369,-0.068933,-0.056512,-0.049144,0.445,0.415,-1,-1,0.0,206,-0.049144,0.25,0.75,4,0.05944,0.216442,0,-0.053765,-0.044116,93,False,0.035714,-0.021761,0.9701492537313433,0.03482587064676617,200,phase3d-oos-gate-v1,66939bbca70855226ceb2da52d6bbd6671d91113,phase3a_astockdata_cutoff_20260814,v2-phase3a,phase3d-hfq-adjfactor-v1,v1.1,smx-bazi-native-1.0.0,iztro-2.6.1+smx-1.0.0,huangli-engine-1.0.0,IPO_APPROXIMATION_WARNING：本结果的出生时间使用 ipo_approx_v1 近似口径（TuShare ipo_date 近似），**不是真实公司成立时间**，不得描述为『真实 IPO 出生时间』。
OOS3D--HYP-CON-ALL3-RAW-001--listing_open_v1,HYP-CON-ALL3-RAW-001,all_three_raw,listing_open_v1,raw,all_positive,positive,20,phase3-oos-v1,6a059b3dbe54f22d,cal-v1,7e9897570d3b5a28,INCONCLUSIVE,False,1359,10647,0.127642,886,5246,0.168891,333,3529,0.094361,0.0,0.245614,0.084879,0,7,320,131,2023-01-03,2026-08-14,0.005996,-0.059725,-0.039653,-0.031651,0.43125,0.41875,-1,-1,0.0,333,-0.031651,0.25,0.75,4,0.045314,0.187249,0,-0.035419,-0.028597,124,False,0.07225,-0.023754,0.7810945273631841,0.22388059701492538,320,phase3d-oos-gate-v1,66939bbca70855226ceb2da52d6bbd6671d91113,phase3a_astockdata_cutoff_20260814,v2-phase3a,phase3d-hfq-adjfactor-v1,v1.1,smx-bazi-native-1.0.0,iztro-2.6.1+smx-1.0.0,huangli-engine-1.0.0,
OOS3D--HYP-CON-ALL3-RAW-001--listing_close_v1,HYP-CON-ALL3-RAW-001,all_three_raw,listing_close_v1,raw,all_positive,positive,20,phase3-oos-v1,6a059b3dbe54f22d,cal-v1,7e9897570d3b5a28,INCONCLUSIVE,False,1755,10647,0.164835,1127,5246,0.21483,439,3529,0.124398,0.0,0.302885,0.099379,0,4,427,141,2023-01-03,2026-07-01,0.004316,-0.053966,-0.042757,-0.038707,0.442623,0.428571,-1,-1,0.0,439,-0.038707,0.0,1.0,4,0.047058,0.178617,0,-0.040547,-0.035941,136,False,0.074442,-0.021965,0.9850746268656716,0.01990049751243781,427,phase3d-oos-gate-v1,66939bbca70855226ceb2da52d6bbd6671d91113,phase3a_astockdata_cutoff_20260814,v2-phase3a,phase3d-hfq-adjfactor-v1,v1.1,smx-bazi-native-1.0.0,iztro-2.6.1+smx-1.0.0,huangli-engine-1.0.0,
OOS3D--HYP-CON-ALL3-RAW-001--ipo_approx_v1,HYP-CON-ALL3-RAW-001,all_three_raw,ipo_approx_v1,raw,all_positive,positive,20,phase3-oos-v1,6a059b3dbe54f22d,cal-v1,7e9897570d3b5a28,INCONCLUSIVE,False,1325,10647,0.124448,896,5246,0.170797,403,3529,0.114197,0.015564,0.333333,0.105403,0,7,388,132,2023-01-03,2026-08-14,0.013652,-0.061866,-0.034001,-0.024231,0.440722,0.427835,-1,-1,0.0,403,-0.024231,0.25,0.75,4,0.035781,0.159561,0,-0.027577,-0.021676,127,False,0.061745,-0.021421,0.6169154228855721,0.3880597014925373,388,phase3d-oos-gate-v1,66939bbca70855226ceb2da52d6bbd6671d91113,phase3a_astockdata_cutoff_20260814,v2-phase3a,phase3d-hfq-adjfactor-v1,v1.1,smx-bazi-native-1.0.0,iztro-2.6.1+smx-1.0.0,huangli-engine-1.0.0,IPO_APPROXIMATION_WARNING：本结果的出生时间使用 ipo_approx_v1 近似口径（TuShare ipo_date 近似），**不是真实公司成立时间**，不得描述为『真实 IPO 出生时间』。
OOS3D--HYP-CON-ALL3-CAL-001--listing_open_v1,HYP-CON-ALL3-CAL-001,all_three_calibrated,listing_open_v1,calibrated,all_positive,positive,20,phase3-oos-v1,6a059b3dbe54f22d,cal-v1,7e9897570d3b5a28,INSUFFICIENT_SAMPLE,False,267,10647,0.025077,140,5246,0.026687,66,3529,0.018702,0.0,0.103261,0.029835,0,13,64,43,2023-01-03,2026-07-01,-0.009477,-0.066871,-0.081898,-0.070961,0.40625,0.359375,-1,-1,0.0,66,-0.070961,0.0,1.0,4,0.152957,0.447803,0,-0.079349,-0.054194,43,False,0.023622,-0.022122,0.9651741293532339,0.03980099502487562,64,phase3d-oos-gate-v1,66939bbca70855226ceb2da52d6bbd6671d91113,phase3a_astockdata_cutoff_20260814,v2-phase3a,phase3d-hfq-adjfactor-v1,v1.1,smx-bazi-native-1.0.0,iztro-2.6.1+smx-1.0.0,huangli-engine-1.0.0,
OOS3D--HYP-CON-ALL3-CAL-001--listing_close_v1,HYP-CON-ALL3-CAL-001,all_three_calibrated,listing_close_v1,calibrated,all_positive,positive,20,phase3-oos-v1,6a059b3dbe54f22d,cal-v1,7e9897570d3b5a28,INSUFFICIENT_SAMPLE,False,248,10647,0.023293,194,5246,0.036981,41,3529,0.011618,0.0,0.043307,0.014543,0,16,40,29,2023-07-03,2026-07-01,0.025374,-0.053617,-0.05876,-0.051261,0.375,0.425,-1,-1,0.0,41,-0.051261,0.75,0.25,4,0.18736,0.567167,0,-0.061107,-0.030983,29,False,0.0125,-0.023473,0.8606965174129353,0.14427860696517414,40,phase3d-oos-gate-v1,66939bbca70855226ceb2da52d6bbd6671d91113,phase3a_astockdata_cutoff_20260814,v2-phase3a,phase3d-hfq-adjfactor-v1,v1.1,smx-bazi-native-1.0.0,iztro-2.6.1+smx-1.0.0,huangli-engine-1.0.0,
OOS3D--HYP-CON-ALL3-CAL-001--ipo_approx_v1,HYP-CON-ALL3-CAL-001,all_three_calibrated,ipo_approx_v1,calibrated,all_positive,positive,20,phase3-oos-v1,6a059b3dbe54f22d,cal-v1,7e9897570d3b5a28,INSUFFICIENT_SAMPLE,False,227,10647,0.021321,150,5246,0.028593,71,3529,0.020119,0.0,0.108696,0.028656,0,15,69,42,2023-07-03,2026-07-01,0.018654,-0.071508,-0.013126,-0.009013,0.608696,0.507246,-1,-1,0.0,71,-0.009013,0.25,0.75,4,0.116024,0.403132,0,-0.020597,-0.000984,40,False,0.021898,-0.022375,0.24378109452736318,0.7611940298507462,69,phase3d-oos-gate-v1,66939bbca70855226ceb2da52d6bbd6671d91113,phase3a_astockdata_cutoff_20260814,v2-phase3a,phase3d-hfq-adjfactor-v1,v1.1,smx-bazi-native-1.0.0,iztro-2.6.1+smx-1.0.0,huangli-engine-1.0.0,IPO_APPROXIMATION_WARNING：本结果的出生时间使用 ipo_approx_v1 近似口径（TuShare ipo_date 近似），**不是真实公司成立时间**，不得描述为『真实 IPO 出生时间』。
OOS3D--HYP-CFL-BZ-POS-ZW-NEG-CAL-001--listing_open_v1,HYP-CFL-BZ-POS-ZW-NEG-CAL-001,conflict_bazi_pos_ziwei_neg,listing_open_v1,calibrated,conflict,exploratory,20,phase3-oos-v1,6a059b3dbe54f22d,cal-v1,7e9897570d3b5a28,EXPLORATORY_NOT_GATED,,610,10647,0.057293,204,5246,0.038887,200,3529,0.056673,0.019417,0.099099,0.02261,0,7,187,87,2023-01-03,2026-08-14,0.008574,-0.055847,-0.033266,-0.034025,0.433155,0.395722,-1,-1,0.0,200,-0.034025,0.0,1.0,4,0.07405,0.283638,0,-0.037526,-0.028342,82,False,0.032,-0.022465,0.8308457711442786,0.17412935323383086,187,,66939bbca70855226ceb2da52d6bbd6671d91113,phase3a_astockdata_cutoff_20260814,v2-phase3a,phase3d-hfq-adjfactor-v1,v1.1,smx-bazi-native-1.0.0,iztro-2.6.1+smx-1.0.0,huangli-engine-1.0.0,EXPLORATORY_NOT_GATED：该对象在预注册中为探索性（无方向性预测），因此不套用 OOS 单向状态门；请阅读双侧 p 值与效应量，不得据此解锁候选状态。
OOS3D--HYP-CFL-BZ-POS-ZW-NEG-CAL-001--listing_close_v1,HYP-CFL-BZ-POS-ZW-NEG-CAL-001,conflict_bazi_pos_ziwei_neg,listing_close_v1,calibrated,conflict,exploratory,20,phase3-oos-v1,6a059b3dbe54f22d,cal-v1,7e9897570d3b5a28,EXPLORATORY_NOT_GATED,,573,10647,0.053818,191,5246,0.036409,246,3529,0.069708,0.026022,0.150259,0.037174,0,4,227,85,2023-01-03,2026-08-14,0.007306,-0.023344,-0.017083,-0.020097,0.46696,0.45815,-1,-1,0.0,246,-0.020097,0.25,0.75,4,0.080699,0.27739,0,-0.027423,-0.015348,79,False,0.021598,-0.0235,0.38308457711442784,0.6218905472636815,227,,66939bbca70855226ceb2da52d6bbd6671d91113,phase3a_astockdata_cutoff_20260814,v2-phase3a,phase3d-hfq-adjfactor-v1,v1.1,smx-bazi-native-1.0.0,iztro-2.6.1+smx-1.0.0,huangli-engine-1.0.0,EXPLORATORY_NOT_GATED：该对象在预注册中为探索性（无方向性预测），因此不套用 OOS 单向状态门；请阅读双侧 p 值与效应量，不得据此解锁候选状态。
OOS3D--HYP-CFL-BZ-POS-ZW-NEG-CAL-001--ipo_approx_v1,HYP-CFL-BZ-POS-ZW-NEG-CAL-001,conflict_bazi_pos_ziwei_neg,ipo_approx_v1,calibrated,conflict,exploratory,20,phase3-oos-v1,6a059b3dbe54f22d,cal-v1,7e9897570d3b5a28,EXPLORATORY_NOT_GATED,,676,10647,0.063492,234,5246,0.044605,233,3529,0.066024,0.035019,0.093264,0.018464,0,3,214,83,2023-01-03,2026-08-14,0.008401,-0.017287,-0.035869,-0.038209,0.439252,0.373832,-1,-1,0.0,233,-0.038209,0.0,1.0,4,0.128541,0.353462,0,-0.041692,-0.031005,77,False,0.025229,-0.021552,0.9054726368159204,0.09950248756218906,214,,66939bbca70855226ceb2da52d6bbd6671d91113,phase3a_astockdata_cutoff_20260814,v2-phase3a,phase3d-hfq-adjfactor-v1,v1.1,smx-bazi-native-1.0.0,iztro-2.6.1+smx-1.0.0,huangli-engine-1.0.0,IPO_APPROXIMATION_WARNING：本结果的出生时间使用 ipo_approx_v1 近似口径（TuShare ipo_date 近似），**不是真实公司成立时间**，不得描述为『真实 IPO 出生时间』。 | EXPLORATORY_NOT_GATED：该对象在预注册中为探索性（无方向性预测），因此不套用 OOS 单向状态门；请阅读双侧 p 值与效应量，不得据此解锁候选状态。
OOS3D--HYP-CFL-BZ-NEG-ZW-POS-CAL-001--listing_open_v1,HYP-CFL-BZ-NEG-ZW-POS-CAL-001,conflict_ziwei_pos_bazi_neg,listing_open_v1,calibrated,conflict,exploratory,20,phase3-oos-v1,6a059b3dbe54f22d,cal-v1,7e9897570d3b5a28,EXPLORATORY_NOT_GATED,,620,10647,0.058232,440,5246,0.083873,181,3529,0.051289,0.021858,0.099415,0.021945,0,7,169,61,2023-01-03,2026-08-14,-0.001582,-0.068334,-0.019649,-0.01433,0.508876,0.485207,-1,-1,0.0,181,-0.01433,0.0,1.0,4,0.078241,0.278051,0,-0.018514,-0.009521,60,False,0.023392,-0.025216,0.23880597014925373,0.7661691542288557,169,,66939bbca70855226ceb2da52d6bbd6671d91113,phase3a_astockdata_cutoff_20260814,v2-phase3a,phase3d-hfq-adjfactor-v1,v1.1,smx-bazi-native-1.0.0,iztro-2.6.1+smx-1.0.0,huangli-engine-1.0.0,EXPLORATORY_NOT_GATED：该对象在预注册中为探索性（无方向性预测），因此不套用 OOS 单向状态门；请阅读双侧 p 值与效应量，不得据此解锁候选状态。
OOS3D--HYP-CFL-BZ-NEG-ZW-POS-CAL-001--listing_close_v1,HYP-CFL-BZ-NEG-ZW-POS-CAL-001,conflict_ziwei_pos_bazi_neg,listing_close_v1,calibrated,conflict,exploratory,20,phase3-oos-v1,6a059b3dbe54f22d,cal-v1,7e9897570d3b5a28,EXPLORATORY_NOT_GATED,,612,10647,0.057481,494,5246,0.094167,221,3529,0.062624,0.015544,0.117241,0.028471,0,7,200,81,2023-01-03,2026-08-14,-0.008665,-0.062089,-0.030659,-0.031055,0.44,0.43,-1,-1,0.0,221,-0.031055,0.0,1.0,4,0.100452,0.292288,0,-0.033876,-0.02578,73,False,0.039506,-0.024322,0.7064676616915423,0.29850746268656714,200,,66939bbca70855226ceb2da52d6bbd6671d91113,phase3a_astockdata_cutoff_20260814,v2-phase3a,phase3d-hfq-adjfactor-v1,v1.1,smx-bazi-native-1.0.0,iztro-2.6.1+smx-1.0.0,huangli-engine-1.0.0,EXPLORATORY_NOT_GATED：该对象在预注册中为探索性（无方向性预测），因此不套用 OOS 单向状态门；请阅读双侧 p 值与效应量，不得据此解锁候选状态。
OOS3D--HYP-CFL-BZ-NEG-ZW-POS-CAL-001--ipo_approx_v1,HYP-CFL-BZ-NEG-ZW-POS-CAL-001,conflict_ziwei_pos_bazi_neg,ipo_approx_v1,calibrated,conflict,exploratory,20,phase3-oos-v1,6a059b3dbe54f22d,cal-v1,7e9897570d3b5a28,EXPLORATORY_NOT_GATED,,695,10647,0.065277,449,5246,0.085589,235,3529,0.066591,0.020339,0.152047,0.035825,0,7,219,74,2023-01-03,2026-08-14,0.010969,-0.039102,-0.040046,-0.030461,0.424658,0.447489,-1,-1,0.008511,234,-0.030461,0.25,0.75,4,0.095196,0.343239,0,-0.035079,-0.023289,73,False,0.03653,-0.022986,0.7064676616915423,0.29850746268656714,219,,66939bbca70855226ceb2da52d6bbd6671d91113,phase3a_astockdata_cutoff_20260814,v2-phase3a,phase3d-hfq-adjfactor-v1,v1.1,smx-bazi-native-1.0.0,iztro-2.6.1+smx-1.0.0,huangli-engine-1.0.0,IPO_APPROXIMATION_WARNING：本结果的出生时间使用 ipo_approx_v1 近似口径（TuShare ipo_date 近似），**不是真实公司成立时间**，不得描述为『真实 IPO 出生时间』。 | EXPLORATORY_NOT_GATED：该对象在预注册中为探索性（无方向性预测），因此不套用 OOS 单向状态门；请阅读双侧 p 值与效应量，不得据此解锁候选状态。
OOS3D--HYP-CFL-BZ-POS-HL-NEG-CAL-001--listing_open_v1,HYP-CFL-BZ-POS-HL-NEG-CAL-001,conflict_bazi_pos_huangli_neg,listing_open_v1,calibrated,conflict,exploratory,20,phase3-oos-v1,6a059b3dbe54f22d,cal-v1,7e9897570d3b5a28,EXPLORATORY_NOT_GATED,,299,10647,0.028083,196,5246,0.037362,199,3529,0.05639,0.0,0.19661,0.065493,0,10,176,112,2023-01-03,2026-08-14,0.002687,-0.012322,0.007346,-0.010748,0.590909,0.465909,-1,-1,0.0,199,-0.010748,0.25,0.75,4,0.088713,0.295612,0,-0.013415,-0.005156,100,False,0.035912,-0.0218,0.24378109452736318,0.7611940298507462,176,,66939bbca70855226ceb2da52d6bbd6671d91113,phase3a_astockdata_cutoff_20260814,v2-phase3a,phase3d-hfq-adjfactor-v1,v1.1,smx-bazi-native-1.0.0,iztro-2.6.1+smx-1.0.0,huangli-engine-1.0.0,EXPLORATORY_NOT_GATED：该对象在预注册中为探索性（无方向性预测），因此不套用 OOS 单向状态门；请阅读双侧 p 值与效应量，不得据此解锁候选状态。
OOS3D--HYP-CFL-BZ-POS-HL-NEG-CAL-001--listing_close_v1,HYP-CFL-BZ-POS-HL-NEG-CAL-001,conflict_bazi_pos_huangli_neg,listing_close_v1,calibrated,conflict,exploratory,20,phase3-oos-v1,6a059b3dbe54f22d,cal-v1,7e9897570d3b5a28,EXPLORATORY_NOT_GATED,,311,10647,0.02921,176,5246,0.033549,179,3529,0.050723,0.0,0.163636,0.062931,0,11,149,115,2023-01-03,2026-08-14,0.014873,-0.044044,0.006451,-0.008915,0.577181,0.469799,-1,-1,0.0,179,-0.008915,0.5,0.5,4,0.061029,0.237518,0,-0.012853,-0.003563,101,False,0.031447,-0.020738,0.21393034825870647,0.7910447761194029,149,,66939bbca70855226ceb2da52d6bbd6671d91113,phase3a_astockdata_cutoff_20260814,v2-phase3a,phase3d-hfq-adjfactor-v1,v1.1,smx-bazi-native-1.0.0,iztro-2.6.1+smx-1.0.0,huangli-engine-1.0.0,EXPLORATORY_NOT_GATED：该对象在预注册中为探索性（无方向性预测），因此不套用 OOS 单向状态门；请阅读双侧 p 值与效应量，不得据此解锁候选状态。
OOS3D--HYP-CFL-BZ-POS-HL-NEG-CAL-001--ipo_approx_v1,HYP-CFL-BZ-POS-HL-NEG-CAL-001,conflict_bazi_pos_huangli_neg,ipo_approx_v1,calibrated,conflict,exploratory,20,phase3-oos-v1,6a059b3dbe54f22d,cal-v1,7e9897570d3b5a28,EXPLORATORY_NOT_GATED,,338,10647,0.031746,187,5246,0.035646,173,3529,0.049022,0.0,0.189831,0.062173,0,10,146,107,2023-01-03,2026-08-14,-0.006442,-0.009874,0.011528,-0.006016,0.589041,0.445205,-1,-1,0.0,173,-0.006016,0.25,0.75,4,0.160319,0.339702,0,-0.01853,-0.001427,91,False,0.022436,-0.023396,0.1044776119402985,0.900497512437811,146,,66939bbca70855226ceb2da52d6bbd6671d91113,phase3a_astockdata_cutoff_20260814,v2-phase3a,phase3d-hfq-adjfactor-v1,v1.1,smx-bazi-native-1.0.0,iztro-2.6.1+smx-1.0.0,huangli-engine-1.0.0,IPO_APPROXIMATION_WARNING：本结果的出生时间使用 ipo_approx_v1 近似口径（TuShare ipo_date 近似），**不是真实公司成立时间**，不得描述为『真实 IPO 出生时间』。 | EXPLORATORY_NOT_GATED：该对象在预注册中为探索性（无方向性预测），因此不套用 OOS 单向状态门；请阅读双侧 p 值与效应量，不得据此解锁候选状态。
OOS3D--HYP-CFL-ZW-POS-HL-NEG-CAL-001--listing_open_v1,HYP-CFL-ZW-POS-HL-NEG-CAL-001,conflict_ziwei_pos_huangli_neg,listing_open_v1,calibrated,conflict,exploratory,20,phase3-oos-v1,6a059b3dbe54f22d,cal-v1,7e9897570d3b5a28,EXPLORATORY_NOT_GATED,,645,10647,0.06058,435,5246,0.08292,245,3529,0.069425,0.0,0.159322,0.059944,0,7,217,100,2023-01-03,2026-08-14,-0.003618,-0.049173,-0.004268,-0.009189,0.534562,0.460829,-1,-1,0.0,245,-0.009189,0.5,0.5,4,0.055149,0.245448,0,-0.01268,-0.005197,88,False,0.026667,-0.022555,0.15920398009950248,0.845771144278607,217,,66939bbca70855226ceb2da52d6bbd6671d91113,phase3a_astockdata_cutoff_20260814,v2-phase3a,phase3d-hfq-adjfactor-v1,v1.1,smx-bazi-native-1.0.0,iztro-2.6.1+smx-1.0.0,huangli-engine-1.0.0,EXPLORATORY_NOT_GATED：该对象在预注册中为探索性（无方向性预测），因此不套用 OOS 单向状态门；请阅读双侧 p 值与效应量，不得据此解锁候选状态。
OOS3D--HYP-CFL-ZW-POS-HL-NEG-CAL-001--listing_close_v1,HYP-CFL-ZW-POS-HL-NEG-CAL-001,conflict_ziwei_pos_huangli_neg,listing_close_v1,calibrated,conflict,exploratory,20,phase3-oos-v1,6a059b3dbe54f22d,cal-v1,7e9897570d3b5a28,EXPLORATORY_NOT_GATED,,672,10647,0.063116,395,5246,0.075295,233,3529,0.066024,0.0,0.278788,0.070387,0,8,181,103,2023-01-03,2026-08-14,0.000454,-0.054082,0.003124,0.002398,0.513812,0.491713,1,-1,0.0,233,0.002398,0.75,0.75,4,0.077143,0.245093,4,-0.004143,0.006862,91,True,0.029851,-0.023693,0.024875621890547265,0.9800995024875622,181,,66939bbca70855226ceb2da52d6bbd6671d91113,phase3a_astockdata_cutoff_20260814,v2-phase3a,phase3d-hfq-adjfactor-v1,v1.1,smx-bazi-native-1.0.0,iztro-2.6.1+smx-1.0.0,huangli-engine-1.0.0,EXPLORATORY_NOT_GATED：该对象在预注册中为探索性（无方向性预测），因此不套用 OOS 单向状态门；请阅读双侧 p 值与效应量，不得据此解锁候选状态。
OOS3D--HYP-CFL-ZW-POS-HL-NEG-CAL-001--ipo_approx_v1,HYP-CFL-ZW-POS-HL-NEG-CAL-001,conflict_ziwei_pos_huangli_neg,ipo_approx_v1,calibrated,conflict,exploratory,20,phase3-oos-v1,6a059b3dbe54f22d,cal-v1,7e9897570d3b5a28,EXPLORATORY_NOT_GATED,,708,10647,0.066498,450,5246,0.08578,267,3529,0.075659,0.0,0.184685,0.065821,0,7,237,101,2023-01-03,2026-08-14,0.011633,-0.03614,-0.012288,-0.015318,0.459916,0.421941,-1,-1,0.0,267,-0.015318,0.25,0.75,4,0.098683,0.326718,0,-0.018326,-0.009126,91,False,0.047817,-0.022541,0.263681592039801,0.7412935323383084,237,,66939bbca70855226ceb2da52d6bbd6671d91113,phase3a_astockdata_cutoff_20260814,v2-phase3a,phase3d-hfq-adjfactor-v1,v1.1,smx-bazi-native-1.0.0,iztro-2.6.1+smx-1.0.0,huangli-engine-1.0.0,IPO_APPROXIMATION_WARNING：本结果的出生时间使用 ipo_approx_v1 近似口径（TuShare ipo_date 近似），**不是真实公司成立时间**，不得描述为『真实 IPO 出生时间』。 | EXPLORATORY_NOT_GATED：该对象在预注册中为探索性（无方向性预测），因此不套用 OOS 单向状态门；请阅读双侧 p 值与效应量，不得据此解锁候选状态。
