hypothesis_id,birth_model,direction_source,split_version,fold_id,train_period,fit_row_count,fit_actual_max_as_of,fit_max_as_of_bound,fit_partitions,fit_group_count,calibration_fit_hash,calibration_version,holdout_freeze_bound,freeze_bound_exceeded,freeze_bound_note,test_period,test_row_count,stock_count,event_count,sample_count,mean_excess_return,up_rate,sign,negative_control_mean_excess_return,negative_control_p_value,research_status,horizon_5d_sample_count,horizon_5d_mean_excess_return,horizon_10d_sample_count,horizon_10d_mean_excess_return,horizon_20d_sample_count,horizon_20d_mean_excess_return,horizon_60d_sample_count,horizon_60d_mean_excess_return
HYP-BZ-CAL-001,listing_open_v1,calibrated,phase3-oos-v1,WF-2015,"['2010-01-01', '2014-12-31']",49788,2014-10-01,2014-12-31,['TRAIN'],9,4451a69b6ce400a7,cal-wf-2015,2018-12-31,False,训练前缀落在 cal-v1 fit 区间内,"['2015-01-01', '2015-12-31']",11061,133,234,233,0.064211,0.575107,1,0.320785,1.0,NO_SIGNAL,234,-0.020745,233,0.021219,233,0.064211,231,0.198865
HYP-BZ-CAL-001,listing_open_v1,calibrated,phase3-oos-v1,WF-2016,"['2010-01-01', '2015-12-31']",60849,2015-10-01,2015-12-31,['TRAIN'],9,07c9ae1d207382d6,cal-wf-2016,2018-12-31,False,训练前缀落在 cal-v1 fit 区间内,"['2016-01-01', '2016-12-31']",11241,207,397,397,-0.02258,0.395466,-1,0.150822,1.0,NO_SIGNAL,397,0.006276,397,-0.00035,397,-0.02258,392,-0.01638
HYP-BZ-CAL-001,listing_open_v1,calibrated,phase3-oos-v1,WF-2017,"['2010-01-01', '2016-12-31']",72090,2016-10-01,2016-12-31,['TRAIN'],9,e24a507bb3bd3c83,cal-wf-2017,2018-12-31,False,训练前缀落在 cal-v1 fit 区间内,"['2017-01-01', '2017-12-31']",11817,144,219,218,-0.087448,0.169725,-1,-0.007087,1.0,NO_SIGNAL,218,-0.02945,218,-0.070406,218,-0.087448,214,-0.135834
HYP-BZ-CAL-001,listing_open_v1,calibrated,phase3-oos-v1,WF-2018,"['2010-01-01', '2017-12-31']",83907,2017-10-01,2017-12-31,['TRAIN'],9,4910a061da42984c,cal-wf-2018,2018-12-31,False,训练前缀落在 cal-v1 fit 区间内,"['2018-01-01', '2018-12-31']",12249,151,257,255,-0.064363,0.321569,-1,-0.033429,0.9751243781094527,NO_SIGNAL,257,-0.038234,256,-0.058573,255,-0.064363,252,-0.060606
HYP-BZ-CAL-001,listing_open_v1,calibrated,phase3-oos-v1,WF-2019,"['2010-01-01', '2018-12-31']",96156,2018-10-01,2018-12-31,['TRAIN'],9,7e9897570d3b5a28,cal-wf-2019,2018-12-31,False,训练前缀落在 cal-v1 fit 区间内,"['2019-01-01', '2019-12-31']",12168,144,275,275,-0.081075,0.210909,-1,-0.069002,0.8059701492537313,NO_SIGNAL,275,-0.020837,275,-0.030244,275,-0.081075,263,-0.035246
HYP-BZ-CAL-001,listing_open_v1,calibrated,phase3-oos-v1,WF-2020,"['2010-01-01', '2019-12-31']",108324,2019-10-01,2019-12-31,"['TRAIN', 'VALIDATION']",9,033ca6ada2d5cbd7,cal-wf-2020,2018-12-31,True,扩窗训练前缀越过 cal-v1 的 fit 上界（holdout 协议专属），仍严格早于测试年,"['2020-01-01', '2020-12-31']",11988,176,304,301,-0.083351,0.299003,-1,-0.070036,0.8606965174129353,NO_SIGNAL,303,-0.027361,303,-0.041707,301,-0.083351,281,-0.03922
HYP-BZ-CAL-001,listing_open_v1,calibrated,phase3-oos-v1,WF-2021,"['2010-01-01', '2020-12-31']",120312,2020-10-01,2020-12-31,"['TRAIN', 'VALIDATION']",9,d591405dff781320,cal-wf-2021,2018-12-31,True,扩窗训练前缀越过 cal-v1 的 fit 上界（holdout 协议专属），仍严格早于测试年,"['2021-01-01', '2021-12-31']",11952,148,259,258,-0.036845,0.348837,-1,-0.038423,0.4527363184079602,NO_SIGNAL,259,-0.009849,258,-0.018859,258,-0.036845,250,0.072943
HYP-BZ-CAL-001,listing_open_v1,calibrated,phase3-oos-v1,WF-2022,"['2010-01-01', '2021-12-31']",132264,2021-10-01,2021-12-31,"['TRAIN', 'VALIDATION']",9,d8d6c61311828cbd,cal-wf-2022,2018-12-31,True,扩窗训练前缀越过 cal-v1 的 fit 上界（holdout 协议专属），仍严格早于测试年,"['2022-01-01', '2022-12-31']",11241,213,491,484,-0.015795,0.52686,-1,-0.015911,0.4975124378109453,NO_SIGNAL,488,0.010726,488,0.007728,484,-0.015795,461,0.02143
HYP-BZ-CAL-001,listing_open_v1,calibrated,phase3-oos-v1,WF-2023,"['2010-01-01', '2022-12-31']",143505,2022-10-01,2022-12-31,"['TRAIN', 'VALIDATION']",9,93215bd397863adb,cal-wf-2023,2018-12-31,True,扩窗训练前缀越过 cal-v1 的 fit 上界（holdout 协议专属），仍严格早于测试年,"['2023-01-01', '2023-12-31']",10134,118,212,208,-0.005273,0.466346,-1,-0.009156,0.3781094527363184,NO_SIGNAL,211,-0.013505,208,-0.028418,208,-0.005273,203,0.019346
HYP-BZ-CAL-001,listing_open_v1,calibrated,phase3-oos-v1,WF-2024,"['2010-01-01', '2023-12-31']",153639,2023-10-01,2023-12-31,"['OOS', 'TRAIN', 'VALIDATION']",9,f5c0e0fc383db82d,cal-wf-2024,2018-12-31,True,扩窗训练前缀越过 cal-v1 的 fit 上界（holdout 协议专属），仍严格早于测试年,"['2024-01-01', '2024-12-31']",8622,136,246,239,-0.064381,0.301255,-1,-0.038873,0.9900497512437811,NO_SIGNAL,245,-0.018867,245,-0.039504,239,-0.064381,232,-0.083703
HYP-BZ-CAL-001,listing_open_v1,calibrated,phase3-oos-v1,WF-2025,"['2010-01-01', '2024-12-31']",162261,2024-10-01,2024-12-31,"['OOS', 'TRAIN', 'VALIDATION']",9,026c3b32a2dd6434,cal-wf-2025,2018-12-31,True,扩窗训练前缀越过 cal-v1 的 fit 上界（holdout 协议专属），仍严格早于测试年,"['2025-01-01', '2025-12-31']",7119,116,229,227,0.009696,0.493392,1,-0.012011,0.009950248756218905,OUTPERFORM_CONTROL,227,-0.0071,227,0.001633,227,0.009696,224,-0.011445
HYP-BZ-CAL-001,listing_open_v1,calibrated,phase3-oos-v1,WF-2026,"['2010-01-01', '2025-12-31']",169380,2025-10-01,2025-12-31,"['OOS', 'TRAIN', 'VALIDATION']",9,c2efb4321737710b,cal-wf-2026,2018-12-31,True,扩窗训练前缀越过 cal-v1 的 fit 上界（holdout 协议专属），仍严格早于测试年,"['2026-01-01', '2026-08-14']",6354,103,220,168,0.00763,0.553571,1,-0.019743,0.029850746268656716,OUTPERFORM_CONTROL,170,0.010278,168,0.002719,168,0.00763,114,-0.05202
HYP-BZ-CAL-001,listing_close_v1,calibrated,phase3-oos-v1,WF-2015,"['2010-01-01', '2014-12-31']",49788,2014-10-01,2014-12-31,['TRAIN'],9,4451a69b6ce400a7,cal-wf-2015,2018-12-31,False,训练前缀落在 cal-v1 fit 区间内,"['2015-01-01', '2015-12-31']",11061,151,306,304,0.154302,0.611842,1,0.312377,1.0,NO_SIGNAL,306,0.016512,304,0.076365,304,0.154302,302,0.273893
HYP-BZ-CAL-001,listing_close_v1,calibrated,phase3-oos-v1,WF-2016,"['2010-01-01', '2015-12-31']",60849,2015-10-01,2015-12-31,['TRAIN'],9,07c9ae1d207382d6,cal-wf-2016,2018-12-31,False,训练前缀落在 cal-v1 fit 区间内,"['2016-01-01', '2016-12-31']",11241,155,293,293,-0.023906,0.375427,-1,0.148226,1.0,NO_SIGNAL,293,-0.001234,293,-0.00968,293,-0.023906,291,-0.018817
HYP-BZ-CAL-001,listing_close_v1,calibrated,phase3-oos-v1,WF-2017,"['2010-01-01', '2016-12-31']",72090,2016-10-01,2016-12-31,['TRAIN'],9,e24a507bb3bd3c83,cal-wf-2017,2018-12-31,False,训练前缀落在 cal-v1 fit 区间内,"['2017-01-01', '2017-12-31']",11817,121,206,206,-0.082388,0.179612,-1,-0.006623,1.0,NO_SIGNAL,206,-0.024335,206,-0.072432,206,-0.082388,205,-0.147651
HYP-BZ-CAL-001,listing_close_v1,calibrated,phase3-oos-v1,WF-2018,"['2010-01-01', '2017-12-31']",83907,2017-10-01,2017-12-31,['TRAIN'],9,4910a061da42984c,cal-wf-2018,2018-12-31,False,训练前缀落在 cal-v1 fit 区间内,"['2018-01-01', '2018-12-31']",12249,166,299,298,-0.064622,0.298658,-1,-0.033956,0.9800995024875622,NO_SIGNAL,299,-0.042379,299,-0.06519,298,-0.064622,295,-0.055264
HYP-BZ-CAL-001,listing_close_v1,calibrated,phase3-oos-v1,WF-2019,"['2010-01-01', '2018-12-31']",96156,2018-10-01,2018-12-31,['TRAIN'],9,7e9897570d3b5a28,cal-wf-2019,2018-12-31,False,训练前缀落在 cal-v1 fit 区间内,"['2019-01-01', '2019-12-31']",12168,158,345,345,-0.081077,0.202899,-1,-0.069634,0.7960199004975125,NO_SIGNAL,345,-0.015686,345,-0.021462,345,-0.081077,336,-0.058456
HYP-BZ-CAL-001,listing_close_v1,calibrated,phase3-oos-v1,WF-2020,"['2010-01-01', '2019-12-31']",108324,2019-10-01,2019-12-31,"['TRAIN', 'VALIDATION']",9,033ca6ada2d5cbd7,cal-wf-2020,2018-12-31,True,扩窗训练前缀越过 cal-v1 的 fit 上界（holdout 协议专属），仍严格早于测试年,"['2020-01-01', '2020-12-31']",11988,140,261,258,-0.069025,0.306202,-1,-0.06939,0.48756218905472637,NO_SIGNAL,260,-0.015234,259,-0.029469,258,-0.069025,246,-0.04454
HYP-BZ-CAL-001,listing_close_v1,calibrated,phase3-oos-v1,WF-2021,"['2010-01-01', '2020-12-31']",120312,2020-10-01,2020-12-31,"['TRAIN', 'VALIDATION']",9,d591405dff781320,cal-wf-2021,2018-12-31,True,扩窗训练前缀越过 cal-v1 的 fit 上界（holdout 协议专属），仍严格早于测试年,"['2021-01-01', '2021-12-31']",11952,129,247,247,-0.029605,0.368421,-1,-0.037128,0.263681592039801,NO_SIGNAL,247,-0.01359,247,-0.017387,247,-0.029605,241,0.068916
HYP-BZ-CAL-001,listing_close_v1,calibrated,phase3-oos-v1,WF-2022,"['2010-01-01', '2021-12-31']",132264,2021-10-01,2021-12-31,"['TRAIN', 'VALIDATION']",9,d8d6c61311828cbd,cal-wf-2022,2018-12-31,True,扩窗训练前缀越过 cal-v1 的 fit 上界（holdout 协议专属），仍严格早于测试年,"['2022-01-01', '2022-12-31']",11241,177,396,393,0.003402,0.564885,1,-0.016286,0.029850746268656716,OUTPERFORM_CONTROL,394,0.011953,394,0.012225,393,0.003402,380,0.039383
HYP-BZ-CAL-001,listing_close_v1,calibrated,phase3-oos-v1,WF-2023,"['2010-01-01', '2022-12-31']",143505,2022-10-01,2022-12-31,"['TRAIN', 'VALIDATION']",9,93215bd397863adb,cal-wf-2023,2018-12-31,True,扩窗训练前缀越过 cal-v1 的 fit 上界（holdout 协议专属），仍严格早于测试年,"['2023-01-01', '2023-12-31']",10134,111,189,183,-0.026363,0.420765,-1,-0.009983,0.9154228855721394,NO_SIGNAL,187,-0.014317,184,-0.039414,183,-0.026363,175,0.010926
HYP-BZ-CAL-001,listing_close_v1,calibrated,phase3-oos-v1,WF-2024,"['2010-01-01', '2023-12-31']",153639,2023-10-01,2023-12-31,"['OOS', 'TRAIN', 'VALIDATION']",9,f5c0e0fc383db82d,cal-wf-2024,2018-12-31,True,扩窗训练前缀越过 cal-v1 的 fit 上界（holdout 协议专属），仍严格早于测试年,"['2024-01-01', '2024-12-31']",8622,139,261,253,-0.044689,0.351779,-1,-0.038634,0.7114427860696517,NO_SIGNAL,260,-0.015676,260,-0.037569,253,-0.044689,245,-0.058428
HYP-BZ-CAL-001,listing_close_v1,calibrated,phase3-oos-v1,WF-2025,"['2010-01-01', '2024-12-31']",162261,2024-10-01,2024-12-31,"['OOS', 'TRAIN', 'VALIDATION']",9,026c3b32a2dd6434,cal-wf-2025,2018-12-31,True,扩窗训练前缀越过 cal-v1 的 fit 上界（holdout 协议专属），仍严格早于测试年,"['2025-01-01', '2025-12-31']",7119,125,267,262,0.000465,0.477099,1,-0.010518,0.11940298507462686,NO_SIGNAL,264,-0.011365,263,-0.000868,262,0.000465,253,-0.005651
HYP-BZ-CAL-001,listing_close_v1,calibrated,phase3-oos-v1,WF-2026,"['2010-01-01', '2025-12-31']",169380,2025-10-01,2025-12-31,"['OOS', 'TRAIN', 'VALIDATION']",9,c2efb4321737710b,cal-wf-2026,2018-12-31,True,扩窗训练前缀越过 cal-v1 的 fit 上界（holdout 协议专属），仍严格早于测试年,"['2026-01-01', '2026-08-14']",6354,112,226,186,-0.000213,0.521505,-1,-0.021161,0.04975124378109453,OUTPERFORM_CONTROL,189,0.00917,188,0.001284,186,-0.000213,130,-0.022029
HYP-BZ-CAL-001,ipo_approx_v1,calibrated,phase3-oos-v1,WF-2015,"['2010-01-01', '2014-12-31']",49788,2014-10-01,2014-12-31,['TRAIN'],9,4451a69b6ce400a7,cal-wf-2015,2018-12-31,False,训练前缀落在 cal-v1 fit 区间内,"['2015-01-01', '2015-12-31']",11061,125,253,253,0.094677,0.612648,1,0.315493,1.0,NO_SIGNAL,253,-0.010192,253,0.045302,253,0.094677,246,0.232551
HYP-BZ-CAL-001,ipo_approx_v1,calibrated,phase3-oos-v1,WF-2016,"['2010-01-01', '2015-12-31']",60849,2015-10-01,2015-12-31,['TRAIN'],9,07c9ae1d207382d6,cal-wf-2016,2018-12-31,False,训练前缀落在 cal-v1 fit 区间内,"['2016-01-01', '2016-12-31']",11241,196,381,381,-0.010576,0.404199,-1,0.148315,1.0,NO_SIGNAL,381,0.002625,381,-0.002435,381,-0.010576,377,0.006922
HYP-BZ-CAL-001,ipo_approx_v1,calibrated,phase3-oos-v1,WF-2017,"['2010-01-01', '2016-12-31']",72090,2016-10-01,2016-12-31,['TRAIN'],9,e24a507bb3bd3c83,cal-wf-2017,2018-12-31,False,训练前缀落在 cal-v1 fit 区间内,"['2017-01-01', '2017-12-31']",11817,145,213,213,-0.068511,0.239437,-1,-0.005874,0.9950248756218906,NO_SIGNAL,213,-0.013553,213,-0.054168,213,-0.068511,209,-0.11288
HYP-BZ-CAL-001,ipo_approx_v1,calibrated,phase3-oos-v1,WF-2018,"['2010-01-01', '2017-12-31']",83907,2017-10-01,2017-12-31,['TRAIN'],9,4910a061da42984c,cal-wf-2018,2018-12-31,False,训练前缀落在 cal-v1 fit 区间内,"['2018-01-01', '2018-12-31']",12249,134,225,224,-0.053625,0.3125,-1,-0.032309,0.900497512437811,NO_SIGNAL,225,-0.033669,224,-0.054348,224,-0.053625,223,-0.06383
HYP-BZ-CAL-001,ipo_approx_v1,calibrated,phase3-oos-v1,WF-2019,"['2010-01-01', '2018-12-31']",96156,2018-10-01,2018-12-31,['TRAIN'],9,7e9897570d3b5a28,cal-wf-2019,2018-12-31,False,训练前缀落在 cal-v1 fit 区间内,"['2019-01-01', '2019-12-31']",12168,140,294,293,-0.098843,0.167235,-1,-0.068927,0.9850746268656716,NO_SIGNAL,294,-0.021065,293,-0.035599,293,-0.098843,282,-0.04392
HYP-BZ-CAL-001,ipo_approx_v1,calibrated,phase3-oos-v1,WF-2020,"['2010-01-01', '2019-12-31']",108324,2019-10-01,2019-12-31,"['TRAIN', 'VALIDATION']",9,033ca6ada2d5cbd7,cal-wf-2020,2018-12-31,True,扩窗训练前缀越过 cal-v1 的 fit 上界（holdout 协议专属），仍严格早于测试年,"['2020-01-01', '2020-12-31']",11988,166,287,284,-0.075934,0.295775,-1,-0.070232,0.7313432835820896,NO_SIGNAL,286,-0.025924,286,-0.037332,284,-0.075934,271,-0.053225
HYP-BZ-CAL-001,ipo_approx_v1,calibrated,phase3-oos-v1,WF-2021,"['2010-01-01', '2020-12-31']",120312,2020-10-01,2020-12-31,"['TRAIN', 'VALIDATION']",9,d591405dff781320,cal-wf-2021,2018-12-31,True,扩窗训练前缀越过 cal-v1 的 fit 上界（holdout 协议专属），仍严格早于测试年,"['2021-01-01', '2021-12-31']",11952,169,303,301,-0.026139,0.385382,-1,-0.039857,0.08955223880597014,NO_SIGNAL,303,-0.009362,302,-0.015519,301,-0.026139,295,0.068221
HYP-BZ-CAL-001,ipo_approx_v1,calibrated,phase3-oos-v1,WF-2022,"['2010-01-01', '2021-12-31']",132264,2021-10-01,2021-12-31,"['TRAIN', 'VALIDATION']",9,d8d6c61311828cbd,cal-wf-2022,2018-12-31,True,扩窗训练前缀越过 cal-v1 的 fit 上界（holdout 协议专属），仍严格早于测试年,"['2022-01-01', '2022-12-31']",11241,219,509,505,-0.008466,0.50099,-1,-0.0161,0.15920398009950248,NO_SIGNAL,508,0.009624,508,0.009223,505,-0.008466,493,0.006299
HYP-BZ-CAL-001,ipo_approx_v1,calibrated,phase3-oos-v1,WF-2023,"['2010-01-01', '2022-12-31']",143505,2022-10-01,2022-12-31,"['TRAIN', 'VALIDATION']",9,93215bd397863adb,cal-wf-2023,2018-12-31,True,扩窗训练前缀越过 cal-v1 的 fit 上界（holdout 协议专属），仍严格早于测试年,"['2023-01-01', '2023-12-31']",10134,116,208,205,-0.006993,0.439024,-1,-0.011101,0.31343283582089554,NO_SIGNAL,207,-0.011626,207,-0.028494,205,-0.006993,204,0.012161
HYP-BZ-CAL-001,ipo_approx_v1,calibrated,phase3-oos-v1,WF-2024,"['2010-01-01', '2023-12-31']",153639,2023-10-01,2023-12-31,"['OOS', 'TRAIN', 'VALIDATION']",9,f5c0e0fc383db82d,cal-wf-2024,2018-12-31,True,扩窗训练前缀越过 cal-v1 的 fit 上界（holdout 协议专属），仍严格早于测试年,"['2024-01-01', '2024-12-31']",8622,139,247,241,-0.035562,0.373444,-1,-0.039121,0.38308457711442784,NO_SIGNAL,247,-0.006639,247,-0.023986,241,-0.035562,232,-0.042239
HYP-BZ-CAL-001,ipo_approx_v1,calibrated,phase3-oos-v1,WF-2025,"['2010-01-01', '2024-12-31']",162261,2024-10-01,2024-12-31,"['OOS', 'TRAIN', 'VALIDATION']",9,026c3b32a2dd6434,cal-wf-2025,2018-12-31,True,扩窗训练前缀越过 cal-v1 的 fit 上界（holdout 协议专属），仍严格早于测试年,"['2025-01-01', '2025-12-31']",7119,113,230,223,-3e-06,0.515695,-1,-0.011661,0.10945273631840796,NO_SIGNAL,227,-0.00837,224,0.002461,223,-3e-06,216,0.008388
HYP-BZ-CAL-001,ipo_approx_v1,calibrated,phase3-oos-v1,WF-2026,"['2010-01-01', '2025-12-31']",169380,2025-10-01,2025-12-31,"['OOS', 'TRAIN', 'VALIDATION']",9,c2efb4321737710b,cal-wf-2026,2018-12-31,True,扩窗训练前缀越过 cal-v1 的 fit 上界（holdout 协议专属），仍严格早于测试年,"['2026-01-01', '2026-08-14']",6354,95,205,140,0.001458,0.528571,1,-0.019958,0.0945273631840796,NO_SIGNAL,142,0.001581,141,-0.001369,140,0.001458,97,0.06048
HYP-ZW-CAL-001,listing_open_v1,calibrated,phase3-oos-v1,WF-2015,"['2010-01-01', '2014-12-31']",49788,2014-10-01,2014-12-31,['TRAIN'],9,4451a69b6ce400a7,cal-wf-2015,2018-12-31,False,训练前缀落在 cal-v1 fit 区间内,"['2015-01-01', '2015-12-31']",11061,179,400,399,0.161565,0.649123,1,0.314791,1.0,NO_SIGNAL,400,0.033302,400,0.078489,399,0.161565,394,0.292341
HYP-ZW-CAL-001,listing_open_v1,calibrated,phase3-oos-v1,WF-2016,"['2010-01-01', '2015-12-31']",60849,2015-10-01,2015-12-31,['TRAIN'],9,07c9ae1d207382d6,cal-wf-2016,2018-12-31,False,训练前缀落在 cal-v1 fit 区间内,"['2016-01-01', '2016-12-31']",11241,193,422,422,-0.009648,0.412322,-1,0.150407,1.0,NO_SIGNAL,422,0.009018,422,0.001485,422,-0.009648,417,-0.006492
HYP-ZW-CAL-001,listing_open_v1,calibrated,phase3-oos-v1,WF-2017,"['2010-01-01', '2016-12-31']",72090,2016-10-01,2016-12-31,['TRAIN'],9,e24a507bb3bd3c83,cal-wf-2017,2018-12-31,False,训练前缀落在 cal-v1 fit 区间内,"['2017-01-01', '2017-12-31']",11817,169,442,440,-0.089946,0.2,-1,-0.004447,1.0,NO_SIGNAL,441,-0.02466,441,-0.07522,440,-0.089946,431,-0.126771
HYP-ZW-CAL-001,listing_open_v1,calibrated,phase3-oos-v1,WF-2018,"['2010-01-01', '2017-12-31']",83907,2017-10-01,2017-12-31,['TRAIN'],9,4910a061da42984c,cal-wf-2018,2018-12-31,False,训练前缀落在 cal-v1 fit 区间内,"['2018-01-01', '2018-12-31']",12249,193,485,482,-0.071588,0.317427,-1,-0.032536,1.0,NO_SIGNAL,485,-0.050024,483,-0.076432,482,-0.071588,471,-0.069171
HYP-ZW-CAL-001,listing_open_v1,calibrated,phase3-oos-v1,WF-2019,"['2010-01-01', '2018-12-31']",96156,2018-10-01,2018-12-31,['TRAIN'],9,7e9897570d3b5a28,cal-wf-2019,2018-12-31,False,训练前缀落在 cal-v1 fit 区间内,"['2019-01-01', '2019-12-31']",12168,224,532,530,-0.095005,0.192453,-1,-0.068268,0.9950248756218906,NO_SIGNAL,532,-0.018932,530,-0.032973,530,-0.095005,510,-0.056653
HYP-ZW-CAL-001,listing_open_v1,calibrated,phase3-oos-v1,WF-2020,"['2010-01-01', '2019-12-31']",108324,2019-10-01,2019-12-31,"['TRAIN', 'VALIDATION']",9,033ca6ada2d5cbd7,cal-wf-2020,2018-12-31,True,扩窗训练前缀越过 cal-v1 的 fit 上界（holdout 协议专属），仍严格早于测试年,"['2020-01-01', '2020-12-31']",11988,222,526,525,-0.07569,0.28381,-1,-0.069423,0.8208955223880597,NO_SIGNAL,525,-0.012936,525,-0.032498,525,-0.07569,504,-0.085184
HYP-ZW-CAL-001,listing_open_v1,calibrated,phase3-oos-v1,WF-2021,"['2010-01-01', '2020-12-31']",120312,2020-10-01,2020-12-31,"['TRAIN', 'VALIDATION']",9,d591405dff781320,cal-wf-2021,2018-12-31,True,扩窗训练前缀越过 cal-v1 的 fit 上界（holdout 协议专属），仍严格早于测试年,"['2021-01-01', '2021-12-31']",11952,196,459,459,-0.036442,0.376906,-1,-0.039235,0.36318407960199006,NO_SIGNAL,459,-0.023274,459,-0.029589,459,-0.036442,446,0.074602
HYP-ZW-CAL-001,listing_open_v1,calibrated,phase3-oos-v1,WF-2022,"['2010-01-01', '2021-12-31']",132264,2021-10-01,2021-12-31,"['TRAIN', 'VALIDATION']",9,d8d6c61311828cbd,cal-wf-2022,2018-12-31,True,扩窗训练前缀越过 cal-v1 的 fit 上界（holdout 协议专属），仍严格早于测试年,"['2022-01-01', '2022-12-31']",11241,126,263,263,-0.000275,0.494297,-1,-0.017409,0.06965174129353234,NO_SIGNAL,263,0.014672,263,0.011761,263,-0.000275,258,0.039266
HYP-ZW-CAL-001,listing_open_v1,calibrated,phase3-oos-v1,WF-2023,"['2010-01-01', '2022-12-31']",143505,2022-10-01,2022-12-31,"['TRAIN', 'VALIDATION']",9,93215bd397863adb,cal-wf-2023,2018-12-31,True,扩窗训练前缀越过 cal-v1 的 fit 上界（holdout 协议专属），仍严格早于测试年,"['2023-01-01', '2023-12-31']",10134,90,174,168,-0.021953,0.470238,-1,-0.009338,0.8407960199004975,NO_SIGNAL,173,-0.007785,171,-0.027499,168,-0.021953,162,0.015827
HYP-ZW-CAL-001,listing_open_v1,calibrated,phase3-oos-v1,WF-2024,"['2010-01-01', '2023-12-31']",153639,2023-10-01,2023-12-31,"['OOS', 'TRAIN', 'VALIDATION']",9,f5c0e0fc383db82d,cal-wf-2024,2018-12-31,True,扩窗训练前缀越过 cal-v1 的 fit 上界（holdout 协议专属），仍严格早于测试年,"['2024-01-01', '2024-12-31']",8622,82,160,159,-0.038695,0.389937,-1,-0.037937,0.5024875621890548,NO_SIGNAL,160,-0.008329,160,-0.034716,159,-0.038695,154,-0.054028
HYP-ZW-CAL-001,listing_open_v1,calibrated,phase3-oos-v1,WF-2025,"['2010-01-01', '2024-12-31']",162261,2024-10-01,2024-12-31,"['OOS', 'TRAIN', 'VALIDATION']",9,026c3b32a2dd6434,cal-wf-2025,2018-12-31,True,扩窗训练前缀越过 cal-v1 的 fit 上界（holdout 协议专属），仍严格早于测试年,"['2025-01-01', '2025-12-31']",7119,78,154,149,-0.014048,0.449664,-1,-0.011875,0.5920398009950248,NO_SIGNAL,154,-0.018904,152,-0.011895,149,-0.014048,144,-0.00025
HYP-ZW-CAL-001,listing_open_v1,calibrated,phase3-oos-v1,WF-2026,"['2010-01-01', '2025-12-31']",169380,2025-10-01,2025-12-31,"['OOS', 'TRAIN', 'VALIDATION']",9,c2efb4321737710b,cal-wf-2026,2018-12-31,True,扩窗训练前缀越过 cal-v1 的 fit 上界（holdout 协议专属），仍严格早于测试年,"['2026-01-01', '2026-08-14']",6354,74,151,104,0.005469,0.519231,1,-0.018756,0.08955223880597014,NO_SIGNAL,107,0.009337,105,0.002716,104,0.005469,66,-0.055244
HYP-ZW-CAL-001,listing_close_v1,calibrated,phase3-oos-v1,WF-2015,"['2010-01-01', '2014-12-31']",49788,2014-10-01,2014-12-31,['TRAIN'],9,4451a69b6ce400a7,cal-wf-2015,2018-12-31,False,训练前缀落在 cal-v1 fit 区间内,"['2015-01-01', '2015-12-31']",11061,170,403,402,0.126454,0.639303,1,0.316037,1.0,NO_SIGNAL,403,0.030294,403,0.060041,402,0.126454,398,0.241974
HYP-ZW-CAL-001,listing_close_v1,calibrated,phase3-oos-v1,WF-2016,"['2010-01-01', '2015-12-31']",60849,2015-10-01,2015-12-31,['TRAIN'],9,07c9ae1d207382d6,cal-wf-2016,2018-12-31,False,训练前缀落在 cal-v1 fit 区间内,"['2016-01-01', '2016-12-31']",11241,175,410,409,-0.013182,0.435208,-1,0.152507,1.0,NO_SIGNAL,410,0.006739,410,-0.00174,409,-0.013182,404,0.002671
HYP-ZW-CAL-001,listing_close_v1,calibrated,phase3-oos-v1,WF-2017,"['2010-01-01', '2016-12-31']",72090,2016-10-01,2016-12-31,['TRAIN'],9,e24a507bb3bd3c83,cal-wf-2017,2018-12-31,False,训练前缀落在 cal-v1 fit 区间内,"['2017-01-01', '2017-12-31']",11817,172,432,431,-0.078529,0.215777,-1,-0.003691,1.0,NO_SIGNAL,432,-0.013511,432,-0.064963,431,-0.078529,429,-0.12532
HYP-ZW-CAL-001,listing_close_v1,calibrated,phase3-oos-v1,WF-2018,"['2010-01-01', '2017-12-31']",83907,2017-10-01,2017-12-31,['TRAIN'],9,4910a061da42984c,cal-wf-2018,2018-12-31,False,训练前缀落在 cal-v1 fit 区间内,"['2018-01-01', '2018-12-31']",12249,172,441,441,-0.060266,0.335601,-1,-0.033918,0.9900497512437811,NO_SIGNAL,441,-0.041791,441,-0.059276,441,-0.060266,435,-0.079848
HYP-ZW-CAL-001,listing_close_v1,calibrated,phase3-oos-v1,WF-2019,"['2010-01-01', '2018-12-31']",96156,2018-10-01,2018-12-31,['TRAIN'],9,7e9897570d3b5a28,cal-wf-2019,2018-12-31,False,训练前缀落在 cal-v1 fit 区间内,"['2019-01-01', '2019-12-31']",12168,237,582,579,-0.087997,0.176166,-1,-0.068938,0.9900497512437811,NO_SIGNAL,582,-0.015292,580,-0.02854,579,-0.087997,563,-0.058825
HYP-ZW-CAL-001,listing_close_v1,calibrated,phase3-oos-v1,WF-2020,"['2010-01-01', '2019-12-31']",108324,2019-10-01,2019-12-31,"['TRAIN', 'VALIDATION']",9,033ca6ada2d5cbd7,cal-wf-2020,2018-12-31,True,扩窗训练前缀越过 cal-v1 的 fit 上界（holdout 协议专属），仍严格早于测试年,"['2020-01-01', '2020-12-31']",11988,212,550,548,-0.07308,0.273723,-1,-0.070072,0.6417910447761194,NO_SIGNAL,550,-0.007337,550,-0.021726,548,-0.07308,530,-0.087777
HYP-ZW-CAL-001,listing_close_v1,calibrated,phase3-oos-v1,WF-2021,"['2010-01-01', '2020-12-31']",120312,2020-10-01,2020-12-31,"['TRAIN', 'VALIDATION']",9,d591405dff781320,cal-wf-2021,2018-12-31,True,扩窗训练前缀越过 cal-v1 的 fit 上界（holdout 协议专属），仍严格早于测试年,"['2021-01-01', '2021-12-31']",11952,182,393,393,-0.038266,0.356234,-1,-0.039164,0.4577114427860697,NO_SIGNAL,393,-0.031227,393,-0.029755,393,-0.038266,384,0.072375
HYP-ZW-CAL-001,listing_close_v1,calibrated,phase3-oos-v1,WF-2022,"['2010-01-01', '2021-12-31']",132264,2021-10-01,2021-12-31,"['TRAIN', 'VALIDATION']",9,d8d6c61311828cbd,cal-wf-2022,2018-12-31,True,扩窗训练前缀越过 cal-v1 的 fit 上界（holdout 协议专属），仍严格早于测试年,"['2022-01-01', '2022-12-31']",11241,121,248,245,-0.028591,0.477551,-1,-0.015947,0.8606965174129353,NO_SIGNAL,247,0.011656,247,0.00711,245,-0.028591,235,0.0018
HYP-ZW-CAL-001,listing_close_v1,calibrated,phase3-oos-v1,WF-2023,"['2010-01-01', '2022-12-31']",143505,2022-10-01,2022-12-31,"['TRAIN', 'VALIDATION']",9,93215bd397863adb,cal-wf-2023,2018-12-31,True,扩窗训练前缀越过 cal-v1 的 fit 上界（holdout 协议专属），仍严格早于测试年,"['2023-01-01', '2023-12-31']",10134,94,182,179,-0.034332,0.424581,-1,-0.009525,0.9701492537313433,NO_SIGNAL,182,-0.010928,181,-0.032866,179,-0.034332,171,-0.025948
HYP-ZW-CAL-001,listing_close_v1,calibrated,phase3-oos-v1,WF-2024,"['2010-01-01', '2023-12-31']",153639,2023-10-01,2023-12-31,"['OOS', 'TRAIN', 'VALIDATION']",9,f5c0e0fc383db82d,cal-wf-2024,2018-12-31,True,扩窗训练前缀越过 cal-v1 的 fit 上界（holdout 协议专属），仍严格早于测试年,"['2024-01-01', '2024-12-31']",8622,92,186,185,-0.039965,0.383784,-1,-0.037618,0.6019900497512438,NO_SIGNAL,186,-0.005697,186,-0.035963,185,-0.039965,175,-0.074683
HYP-ZW-CAL-001,listing_close_v1,calibrated,phase3-oos-v1,WF-2025,"['2010-01-01', '2024-12-31']",162261,2024-10-01,2024-12-31,"['OOS', 'TRAIN', 'VALIDATION']",9,026c3b32a2dd6434,cal-wf-2025,2018-12-31,True,扩窗训练前缀越过 cal-v1 的 fit 上界（holdout 协议专属），仍严格早于测试年,"['2025-01-01', '2025-12-31']",7119,76,153,145,-0.018909,0.42069,-1,-0.011139,0.7611940298507462,NO_SIGNAL,152,-0.026594,151,-0.016088,145,-0.018909,142,-0.043515
HYP-ZW-CAL-001,listing_close_v1,calibrated,phase3-oos-v1,WF-2026,"['2010-01-01', '2025-12-31']",169380,2025-10-01,2025-12-31,"['OOS', 'TRAIN', 'VALIDATION']",9,c2efb4321737710b,cal-wf-2026,2018-12-31,True,扩窗训练前缀越过 cal-v1 的 fit 上界（holdout 协议专属），仍严格早于测试年,"['2026-01-01', '2026-08-14']",6354,75,161,109,-0.008211,0.541284,-1,-0.020487,0.24378109452736318,NO_SIGNAL,112,-0.000798,110,0.004494,109,-0.008211,64,-0.04079
HYP-ZW-CAL-001,ipo_approx_v1,calibrated,phase3-oos-v1,WF-2015,"['2010-01-01', '2014-12-31']",49788,2014-10-01,2014-12-31,['TRAIN'],9,4451a69b6ce400a7,cal-wf-2015,2018-12-31,False,训练前缀落在 cal-v1 fit 区间内,"['2015-01-01', '2015-12-31']",11061,157,352,350,0.148237,0.682857,1,0.315302,1.0,NO_SIGNAL,352,0.032518,350,0.084889,350,0.148237,346,0.24819
HYP-ZW-CAL-001,ipo_approx_v1,calibrated,phase3-oos-v1,WF-2016,"['2010-01-01', '2015-12-31']",60849,2015-10-01,2015-12-31,['TRAIN'],9,07c9ae1d207382d6,cal-wf-2016,2018-12-31,False,训练前缀落在 cal-v1 fit 区间内,"['2016-01-01', '2016-12-31']",11241,175,412,411,-0.008589,0.43309,-1,0.151559,1.0,NO_SIGNAL,412,0.004199,412,-0.00225,411,-0.008589,407,-0.001048
HYP-ZW-CAL-001,ipo_approx_v1,calibrated,phase3-oos-v1,WF-2017,"['2010-01-01', '2016-12-31']",72090,2016-10-01,2016-12-31,['TRAIN'],9,e24a507bb3bd3c83,cal-wf-2017,2018-12-31,False,训练前缀落在 cal-v1 fit 区间内,"['2017-01-01', '2017-12-31']",11817,154,446,446,-0.081767,0.233184,-1,-0.004749,1.0,NO_SIGNAL,446,-0.014761,446,-0.065766,446,-0.081767,438,-0.122845
HYP-ZW-CAL-001,ipo_approx_v1,calibrated,phase3-oos-v1,WF-2018,"['2010-01-01', '2017-12-31']",83907,2017-10-01,2017-12-31,['TRAIN'],9,4910a061da42984c,cal-wf-2018,2018-12-31,False,训练前缀落在 cal-v1 fit 区间内,"['2018-01-01', '2018-12-31']",12249,185,481,480,-0.063459,0.335417,-1,-0.03283,1.0,NO_SIGNAL,481,-0.048212,480,-0.069283,480,-0.063459,472,-0.064232
HYP-ZW-CAL-001,ipo_approx_v1,calibrated,phase3-oos-v1,WF-2019,"['2010-01-01', '2018-12-31']",96156,2018-10-01,2018-12-31,['TRAIN'],9,7e9897570d3b5a28,cal-wf-2019,2018-12-31,False,训练前缀落在 cal-v1 fit 区间内,"['2019-01-01', '2019-12-31']",12168,207,490,489,-0.088811,0.159509,-1,-0.068525,1.0,NO_SIGNAL,490,-0.014709,489,-0.027173,489,-0.088811,473,-0.061393
HYP-ZW-CAL-001,ipo_approx_v1,calibrated,phase3-oos-v1,WF-2020,"['2010-01-01', '2019-12-31']",108324,2019-10-01,2019-12-31,"['TRAIN', 'VALIDATION']",9,033ca6ada2d5cbd7,cal-wf-2020,2018-12-31,True,扩窗训练前缀越过 cal-v1 的 fit 上界（holdout 协议专属），仍严格早于测试年,"['2020-01-01', '2020-12-31']",11988,210,522,519,-0.078675,0.267823,-1,-0.069716,0.8706467661691543,NO_SIGNAL,522,-0.01734,522,-0.035592,519,-0.078675,492,-0.079724
HYP-ZW-CAL-001,ipo_approx_v1,calibrated,phase3-oos-v1,WF-2021,"['2010-01-01', '2020-12-31']",120312,2020-10-01,2020-12-31,"['TRAIN', 'VALIDATION']",9,d591405dff781320,cal-wf-2021,2018-12-31,True,扩窗训练前缀越过 cal-v1 的 fit 上界（holdout 协议专属），仍严格早于测试年,"['2021-01-01', '2021-12-31']",11952,195,463,460,-0.022601,0.384783,-1,-0.039017,0.014925373134328358,OUTPERFORM_CONTROL,463,-0.018987,461,-0.018021,460,-0.022601,450,0.088241
HYP-ZW-CAL-001,ipo_approx_v1,calibrated,phase3-oos-v1,WF-2022,"['2010-01-01', '2021-12-31']",132264,2021-10-01,2021-12-31,"['TRAIN', 'VALIDATION']",9,d8d6c61311828cbd,cal-wf-2022,2018-12-31,True,扩窗训练前缀越过 cal-v1 的 fit 上界（holdout 协议专属），仍严格早于测试年,"['2022-01-01', '2022-12-31']",11241,118,247,246,-0.021194,0.48374,-1,-0.016069,0.6567164179104478,NO_SIGNAL,247,0.011767,247,0.006492,246,-0.021194,238,0.026683
HYP-ZW-CAL-001,ipo_approx_v1,calibrated,phase3-oos-v1,WF-2023,"['2010-01-01', '2022-12-31']",143505,2022-10-01,2022-12-31,"['TRAIN', 'VALIDATION']",9,93215bd397863adb,cal-wf-2023,2018-12-31,True,扩窗训练前缀越过 cal-v1 的 fit 上界（holdout 协议专属），仍严格早于测试年,"['2023-01-01', '2023-12-31']",10134,87,168,164,0.002809,0.506098,1,-0.008607,0.15920398009950248,NO_SIGNAL,168,-0.008181,166,-0.024451,164,0.002809,162,0.041725
HYP-ZW-CAL-001,ipo_approx_v1,calibrated,phase3-oos-v1,WF-2024,"['2010-01-01', '2023-12-31']",153639,2023-10-01,2023-12-31,"['OOS', 'TRAIN', 'VALIDATION']",9,f5c0e0fc383db82d,cal-wf-2024,2018-12-31,True,扩窗训练前缀越过 cal-v1 的 fit 上界（holdout 协议专属），仍严格早于测试年,"['2024-01-01', '2024-12-31']",8622,91,185,184,-0.04426,0.331522,-1,-0.040091,0.6218905472636815,NO_SIGNAL,185,-0.013054,185,-0.030966,184,-0.04426,177,-0.04258
HYP-ZW-CAL-001,ipo_approx_v1,calibrated,phase3-oos-v1,WF-2025,"['2010-01-01', '2024-12-31']",162261,2024-10-01,2024-12-31,"['OOS', 'TRAIN', 'VALIDATION']",9,026c3b32a2dd6434,cal-wf-2025,2018-12-31,True,扩窗训练前缀越过 cal-v1 的 fit 上界（holdout 协议专属），仍严格早于测试年,"['2025-01-01', '2025-12-31']",7119,86,180,176,-0.017402,0.443182,-1,-0.012302,0.6567164179104478,NO_SIGNAL,179,-0.025522,178,-0.008607,176,-0.017402,171,-0.004902
HYP-ZW-CAL-001,ipo_approx_v1,calibrated,phase3-oos-v1,WF-2026,"['2010-01-01', '2025-12-31']",169380,2025-10-01,2025-12-31,"['OOS', 'TRAIN', 'VALIDATION']",9,c2efb4321737710b,cal-wf-2026,2018-12-31,True,扩窗训练前缀越过 cal-v1 的 fit 上界（holdout 协议专属），仍严格早于测试年,"['2026-01-01', '2026-08-14']",6354,83,191,132,0.013161,0.537879,1,-0.020128,0.01990049751243781,OUTPERFORM_CONTROL,135,0.011192,135,0.010123,132,0.013161,78,-0.050255
HYP-HL-CAL-001,listing_open_v1,calibrated,phase3-oos-v1,WF-2015,"['2010-01-01', '2014-12-31']",49788,2014-10-01,2014-12-31,['TRAIN'],9,4451a69b6ce400a7,cal-wf-2015,2018-12-31,False,训练前缀落在 cal-v1 fit 区间内,"['2015-01-01', '2015-12-31']",11061,237,492,491,0.170375,0.688391,1,0.319228,1.0,NO_SIGNAL,492,0.056283,492,0.089917,491,0.170375,484,0.340957
HYP-HL-CAL-001,listing_open_v1,calibrated,phase3-oos-v1,WF-2016,"['2010-01-01', '2015-12-31']",60849,2015-10-01,2015-12-31,['TRAIN'],9,07c9ae1d207382d6,cal-wf-2016,2018-12-31,False,训练前缀落在 cal-v1 fit 区间内,"['2016-01-01', '2016-12-31']",11241,199,232,232,-0.009776,0.331897,-1,0.146514,1.0,NO_SIGNAL,232,0.01586,232,0.010322,232,-0.009776,230,0.021326
HYP-HL-CAL-001,listing_open_v1,calibrated,phase3-oos-v1,WF-2017,"['2010-01-01', '2016-12-31']",72090,2016-10-01,2016-12-31,['TRAIN'],9,e24a507bb3bd3c83,cal-wf-2017,2018-12-31,False,训练前缀落在 cal-v1 fit 区间内,"['2017-01-01', '2017-12-31']",11817,276,525,523,-0.090696,0.185468,-1,-0.003157,1.0,NO_SIGNAL,524,-0.022196,524,-0.062976,523,-0.090696,514,-0.145369
HYP-HL-CAL-001,listing_open_v1,calibrated,phase3-oos-v1,WF-2018,"['2010-01-01', '2017-12-31']",83907,2017-10-01,2017-12-31,['TRAIN'],9,4910a061da42984c,cal-wf-2018,2018-12-31,False,训练前缀落在 cal-v1 fit 区间内,"['2018-01-01', '2018-12-31']",12249,180,209,209,-0.021512,0.444976,-1,-0.031708,0.3034825870646766,NO_SIGNAL,209,-0.046054,209,-0.068825,209,-0.021512,206,0.01232
HYP-HL-CAL-001,listing_open_v1,calibrated,phase3-oos-v1,WF-2019,"['2010-01-01', '2018-12-31']",96156,2018-10-01,2018-12-31,['TRAIN'],9,7e9897570d3b5a28,cal-wf-2019,2018-12-31,False,训练前缀落在 cal-v1 fit 区间内,"['2019-01-01', '2019-12-31']",12168,199,250,248,-0.094332,0.165323,-1,-0.066899,0.9601990049751243,NO_SIGNAL,250,-0.014855,249,-0.030222,248,-0.094332,236,-0.046818
HYP-HL-CAL-001,listing_open_v1,calibrated,phase3-oos-v1,WF-2020,"['2010-01-01', '2019-12-31']",108324,2019-10-01,2019-12-31,"['TRAIN', 'VALIDATION']",9,033ca6ada2d5cbd7,cal-wf-2020,2018-12-31,True,扩窗训练前缀越过 cal-v1 的 fit 上界（holdout 协议专属），仍严格早于测试年,"['2020-01-01', '2020-12-31']",11988,176,186,183,-0.056731,0.278689,-1,-0.068364,0.22885572139303484,NO_SIGNAL,185,0.00497,185,-0.014535,183,-0.056731,177,-0.02785
HYP-HL-CAL-001,listing_open_v1,calibrated,phase3-oos-v1,WF-2021,"['2010-01-01', '2020-12-31']",120312,2020-10-01,2020-12-31,"['TRAIN', 'VALIDATION']",9,d591405dff781320,cal-wf-2021,2018-12-31,True,扩窗训练前缀越过 cal-v1 的 fit 上界（holdout 协议专属），仍严格早于测试年,"['2021-01-01', '2021-12-31']",11952,244,441,437,-0.063024,0.313501,-1,-0.038576,1.0,NO_SIGNAL,441,-0.028787,439,-0.029009,437,-0.063024,419,0.066156
HYP-HL-CAL-001,listing_open_v1,calibrated,phase3-oos-v1,WF-2022,"['2010-01-01', '2021-12-31']",132264,2021-10-01,2021-12-31,"['TRAIN', 'VALIDATION']",9,d8d6c61311828cbd,cal-wf-2022,2018-12-31,True,扩窗训练前缀越过 cal-v1 的 fit 上界（holdout 协议专属），仍严格早于测试年,"['2022-01-01', '2022-12-31']",11241,137,169,167,0.074039,0.772455,1,-0.014787,0.004975124378109453,OUTPERFORM_CONTROL,167,0.00552,167,0.017223,167,0.074039,166,0.086785
HYP-HL-CAL-001,listing_open_v1,calibrated,phase3-oos-v1,WF-2023,"['2010-01-01', '2022-12-31']",143505,2022-10-01,2022-12-31,"['TRAIN', 'VALIDATION']",9,93215bd397863adb,cal-wf-2023,2018-12-31,True,扩窗训练前缀越过 cal-v1 的 fit 上界（holdout 协议专属），仍严格早于测试年,"['2023-01-01', '2023-12-31']",10134,156,162,154,0.002462,0.448052,1,-0.009568,0.18407960199004975,NO_SIGNAL,158,-8.3e-05,155,-0.007087,154,0.002462,153,0.045665
HYP-HL-CAL-001,listing_open_v1,calibrated,phase3-oos-v1,WF-2024,"['2010-01-01', '2023-12-31']",153639,2023-10-01,2023-12-31,"['OOS', 'TRAIN', 'VALIDATION']",9,f5c0e0fc383db82d,cal-wf-2024,2018-12-31,True,扩窗训练前缀越过 cal-v1 的 fit 上界（holdout 协议专属），仍严格早于测试年,"['2024-01-01', '2024-12-31']",8622,248,399,395,-0.109551,0.212658,-1,-0.037742,1.0,NO_SIGNAL,399,-0.013724,399,-0.054403,395,-0.109551,370,-0.155876
HYP-HL-CAL-001,listing_open_v1,calibrated,phase3-oos-v1,WF-2025,"['2010-01-01', '2024-12-31']",162261,2024-10-01,2024-12-31,"['OOS', 'TRAIN', 'VALIDATION']",9,026c3b32a2dd6434,cal-wf-2025,2018-12-31,True,扩窗训练前缀越过 cal-v1 的 fit 上界（holdout 协议专属），仍严格早于测试年,"['2025-01-01', '2025-12-31']",7119,153,256,249,-0.0094,0.518072,-1,-0.011451,0.4228855721393035,NO_SIGNAL,254,-0.00951,252,0.00287,249,-0.0094,241,-0.022308
HYP-HL-CAL-001,listing_open_v1,calibrated,phase3-oos-v1,WF-2026,"['2010-01-01', '2025-12-31']",169380,2025-10-01,2025-12-31,"['OOS', 'TRAIN', 'VALIDATION']",9,c2efb4321737710b,cal-wf-2026,2018-12-31,True,扩窗训练前缀越过 cal-v1 的 fit 上界（holdout 协议专属），仍严格早于测试年,"['2026-01-01', '2026-08-14']",6354,97,111,110,0.031906,0.672727,1,-0.0205,0.004975124378109453,OUTPERFORM_CONTROL,111,0.005774,110,0.001914,110,0.031906,14,-0.1041
HYP-HL-CAL-001,listing_close_v1,calibrated,phase3-oos-v1,WF-2015,"['2010-01-01', '2014-12-31']",49788,2014-10-01,2014-12-31,['TRAIN'],9,4451a69b6ce400a7,cal-wf-2015,2018-12-31,False,训练前缀落在 cal-v1 fit 区间内,"['2015-01-01', '2015-12-31']",11061,282,626,625,0.201345,0.6912,1,0.311267,1.0,NO_SIGNAL,626,0.062428,626,0.106387,625,0.201345,617,0.370329
HYP-HL-CAL-001,listing_close_v1,calibrated,phase3-oos-v1,WF-2016,"['2010-01-01', '2015-12-31']",60849,2015-10-01,2015-12-31,['TRAIN'],9,07c9ae1d207382d6,cal-wf-2016,2018-12-31,False,训练前缀落在 cal-v1 fit 区间内,"['2016-01-01', '2016-12-31']",11241,105,135,135,-0.024145,0.318519,-1,0.150243,1.0,NO_SIGNAL,135,0.001691,135,-0.007887,135,-0.024145,135,0.0094
HYP-HL-CAL-001,listing_close_v1,calibrated,phase3-oos-v1,WF-2017,"['2010-01-01', '2016-12-31']",72090,2016-10-01,2016-12-31,['TRAIN'],9,e24a507bb3bd3c83,cal-wf-2017,2018-12-31,False,训练前缀落在 cal-v1 fit 区间内,"['2017-01-01', '2017-12-31']",11817,296,680,679,-0.094487,0.189985,-1,-0.005282,1.0,NO_SIGNAL,679,-0.025211,679,-0.076704,679,-0.094487,666,-0.145741
HYP-HL-CAL-001,listing_close_v1,calibrated,phase3-oos-v1,WF-2018,"['2010-01-01', '2017-12-31']",83907,2017-10-01,2017-12-31,['TRAIN'],9,4910a061da42984c,cal-wf-2018,2018-12-31,False,训练前缀落在 cal-v1 fit 区间内,"['2018-01-01', '2018-12-31']",12249,212,246,246,-0.021788,0.434959,-1,-0.031727,0.2885572139303483,NO_SIGNAL,246,-0.052179,246,-0.072612,246,-0.021788,244,0.016401
HYP-HL-CAL-001,listing_close_v1,calibrated,phase3-oos-v1,WF-2019,"['2010-01-01', '2018-12-31']",96156,2018-10-01,2018-12-31,['TRAIN'],9,7e9897570d3b5a28,cal-wf-2019,2018-12-31,False,训练前缀落在 cal-v1 fit 区间内,"['2019-01-01', '2019-12-31']",12168,239,345,343,-0.08769,0.148688,-1,-0.067174,0.9353233830845771,NO_SIGNAL,345,-0.014909,344,-0.023853,343,-0.08769,333,-0.053386
HYP-HL-CAL-001,listing_close_v1,calibrated,phase3-oos-v1,WF-2020,"['2010-01-01', '2019-12-31']",108324,2019-10-01,2019-12-31,"['TRAIN', 'VALIDATION']",9,033ca6ada2d5cbd7,cal-wf-2020,2018-12-31,True,扩窗训练前缀越过 cal-v1 的 fit 上界（holdout 协议专属），仍严格早于测试年,"['2020-01-01', '2020-12-31']",11988,149,171,169,-0.05608,0.254438,-1,-0.068761,0.19900497512437812,NO_SIGNAL,171,0.011901,171,-0.009075,169,-0.05608,165,-0.059127
HYP-HL-CAL-001,listing_close_v1,calibrated,phase3-oos-v1,WF-2021,"['2010-01-01', '2020-12-31']",120312,2020-10-01,2020-12-31,"['TRAIN', 'VALIDATION']",9,d591405dff781320,cal-wf-2021,2018-12-31,True,扩窗训练前缀越过 cal-v1 的 fit 上界（holdout 协议专属），仍严格早于测试年,"['2021-01-01', '2021-12-31']",11952,292,584,579,-0.057668,0.309154,-1,-0.038969,1.0,NO_SIGNAL,584,-0.030089,582,-0.026122,579,-0.057668,562,0.059611
HYP-HL-CAL-001,listing_close_v1,calibrated,phase3-oos-v1,WF-2022,"['2010-01-01', '2021-12-31']",132264,2021-10-01,2021-12-31,"['TRAIN', 'VALIDATION']",9,d8d6c61311828cbd,cal-wf-2022,2018-12-31,True,扩窗训练前缀越过 cal-v1 的 fit 上界（holdout 协议专属），仍严格早于测试年,"['2022-01-01', '2022-12-31']",11241,92,99,98,0.115531,0.836735,1,-0.016314,0.004975124378109453,OUTPERFORM_CONTROL,98,0.014454,98,0.025837,98,0.115531,98,0.119883
HYP-HL-CAL-001,listing_close_v1,calibrated,phase3-oos-v1,WF-2023,"['2010-01-01', '2022-12-31']",143505,2022-10-01,2022-12-31,"['TRAIN', 'VALIDATION']",9,93215bd397863adb,cal-wf-2023,2018-12-31,True,扩窗训练前缀越过 cal-v1 的 fit 上界（holdout 协议专属），仍严格早于测试年,"['2023-01-01', '2023-12-31']",10134,56,57,53,0.007938,0.396226,1,-0.008829,0.23383084577114427,NO_SIGNAL,55,-0.003941,54,-0.014914,53,0.007938,52,0.026486
HYP-HL-CAL-001,listing_close_v1,calibrated,phase3-oos-v1,WF-2024,"['2010-01-01', '2023-12-31']",153639,2023-10-01,2023-12-31,"['OOS', 'TRAIN', 'VALIDATION']",9,f5c0e0fc383db82d,cal-wf-2024,2018-12-31,True,扩窗训练前缀越过 cal-v1 的 fit 上界（holdout 协议专属），仍严格早于测试年,"['2024-01-01', '2024-12-31']",8622,217,338,332,-0.108381,0.222892,-1,-0.039712,1.0,NO_SIGNAL,338,-0.013894,338,-0.061479,332,-0.108381,309,-0.129285
HYP-HL-CAL-001,listing_close_v1,calibrated,phase3-oos-v1,WF-2025,"['2010-01-01', '2024-12-31']",162261,2024-10-01,2024-12-31,"['OOS', 'TRAIN', 'VALIDATION']",9,026c3b32a2dd6434,cal-wf-2025,2018-12-31,True,扩窗训练前缀越过 cal-v1 的 fit 上界（holdout 协议专属），仍严格早于测试年,"['2025-01-01', '2025-12-31']",7119,149,226,221,0.006584,0.529412,1,-0.011355,0.03482587064676617,OUTPERFORM_CONTROL,225,-0.013275,224,-0.002952,221,0.006584,218,-0.018245
HYP-HL-CAL-001,listing_close_v1,calibrated,phase3-oos-v1,WF-2026,"['2010-01-01', '2025-12-31']",169380,2025-10-01,2025-12-31,"['OOS', 'TRAIN', 'VALIDATION']",9,c2efb4321737710b,cal-wf-2026,2018-12-31,True,扩窗训练前缀越过 cal-v1 的 fit 上界（holdout 协议专属），仍严格早于测试年,"['2026-01-01', '2026-08-14']",6354,93,118,116,0.009969,0.568966,1,-0.020873,0.04975124378109453,OUTPERFORM_CONTROL,118,0.004329,116,0.002407,116,0.009969,34,-0.107357
HYP-HL-CAL-001,ipo_approx_v1,calibrated,phase3-oos-v1,WF-2015,"['2010-01-01', '2014-12-31']",49788,2014-10-01,2014-12-31,['TRAIN'],9,4451a69b6ce400a7,cal-wf-2015,2018-12-31,False,训练前缀落在 cal-v1 fit 区间内,"['2015-01-01', '2015-12-31']",11061,236,505,504,0.199875,0.680556,1,0.314631,1.0,NO_SIGNAL,505,0.0587,504,0.106027,504,0.199875,493,0.373548
HYP-HL-CAL-001,ipo_approx_v1,calibrated,phase3-oos-v1,WF-2016,"['2010-01-01', '2015-12-31']",60849,2015-10-01,2015-12-31,['TRAIN'],9,07c9ae1d207382d6,cal-wf-2016,2018-12-31,False,训练前缀落在 cal-v1 fit 区间内,"['2016-01-01', '2016-12-31']",11241,210,248,248,-0.02518,0.383065,-1,0.147798,1.0,NO_SIGNAL,248,0.009396,248,-0.008683,248,-0.02518,246,0.016975
HYP-HL-CAL-001,ipo_approx_v1,calibrated,phase3-oos-v1,WF-2017,"['2010-01-01', '2016-12-31']",72090,2016-10-01,2016-12-31,['TRAIN'],9,e24a507bb3bd3c83,cal-wf-2017,2018-12-31,False,训练前缀落在 cal-v1 fit 区间内,"['2017-01-01', '2017-12-31']",11817,283,531,530,-0.081894,0.203774,-1,-0.004949,1.0,NO_SIGNAL,530,-0.022323,530,-0.059123,530,-0.081894,523,-0.143655
HYP-HL-CAL-001,ipo_approx_v1,calibrated,phase3-oos-v1,WF-2018,"['2010-01-01', '2017-12-31']",83907,2017-10-01,2017-12-31,['TRAIN'],9,4910a061da42984c,cal-wf-2018,2018-12-31,False,训练前缀落在 cal-v1 fit 区间内,"['2018-01-01', '2018-12-31']",12249,181,211,211,-0.003815,0.483412,-1,-0.031769,0.0845771144278607,NO_SIGNAL,211,-0.051322,211,-0.071695,211,-0.003815,208,0.033787
HYP-HL-CAL-001,ipo_approx_v1,calibrated,phase3-oos-v1,WF-2019,"['2010-01-01', '2018-12-31']",96156,2018-10-01,2018-12-31,['TRAIN'],9,7e9897570d3b5a28,cal-wf-2019,2018-12-31,False,训练前缀落在 cal-v1 fit 区间内,"['2019-01-01', '2019-12-31']",12168,203,256,256,-0.090096,0.140625,-1,-0.068206,0.9552238805970149,NO_SIGNAL,256,-0.019841,256,-0.033186,256,-0.090096,247,-0.040395
HYP-HL-CAL-001,ipo_approx_v1,calibrated,phase3-oos-v1,WF-2020,"['2010-01-01', '2019-12-31']",108324,2019-10-01,2019-12-31,"['TRAIN', 'VALIDATION']",9,033ca6ada2d5cbd7,cal-wf-2020,2018-12-31,True,扩窗训练前缀越过 cal-v1 的 fit 上界（holdout 协议专属），仍严格早于测试年,"['2020-01-01', '2020-12-31']",11988,167,176,174,-0.07345,0.275862,-1,-0.069954,0.6169154228855721,NO_SIGNAL,175,-0.003527,175,-0.023362,174,-0.07345,166,-0.011339
HYP-HL-CAL-001,ipo_approx_v1,calibrated,phase3-oos-v1,WF-2021,"['2010-01-01', '2020-12-31']",120312,2020-10-01,2020-12-31,"['TRAIN', 'VALIDATION']",9,d591405dff781320,cal-wf-2021,2018-12-31,True,扩窗训练前缀越过 cal-v1 的 fit 上界（holdout 协议专属），仍严格早于测试年,"['2021-01-01', '2021-12-31']",11952,242,452,449,-0.063368,0.309577,-1,-0.039154,1.0,NO_SIGNAL,452,-0.027618,449,-0.027223,449,-0.063368,433,0.048501
HYP-HL-CAL-001,ipo_approx_v1,calibrated,phase3-oos-v1,WF-2022,"['2010-01-01', '2021-12-31']",132264,2021-10-01,2021-12-31,"['TRAIN', 'VALIDATION']",9,d8d6c61311828cbd,cal-wf-2022,2018-12-31,True,扩窗训练前缀越过 cal-v1 的 fit 上界（holdout 协议专属），仍严格早于测试年,"['2022-01-01', '2022-12-31']",11241,135,162,161,0.091809,0.807453,1,-0.016523,0.004975124378109453,OUTPERFORM_CONTROL,161,0.015167,161,0.023835,161,0.091809,160,0.111308
HYP-HL-CAL-001,ipo_approx_v1,calibrated,phase3-oos-v1,WF-2023,"['2010-01-01', '2022-12-31']",143505,2022-10-01,2022-12-31,"['TRAIN', 'VALIDATION']",9,93215bd397863adb,cal-wf-2023,2018-12-31,True,扩窗训练前缀越过 cal-v1 的 fit 上界（holdout 协议专属），仍严格早于测试年,"['2023-01-01', '2023-12-31']",10134,155,160,151,-0.017146,0.350993,-1,-0.009772,0.7064676616915423,NO_SIGNAL,156,0.003375,151,0.001301,151,-0.017146,150,0.031094
HYP-HL-CAL-001,ipo_approx_v1,calibrated,phase3-oos-v1,WF-2024,"['2010-01-01', '2023-12-31']",153639,2023-10-01,2023-12-31,"['OOS', 'TRAIN', 'VALIDATION']",9,f5c0e0fc383db82d,cal-wf-2024,2018-12-31,True,扩窗训练前缀越过 cal-v1 的 fit 上界（holdout 协议专属），仍严格早于测试年,"['2024-01-01', '2024-12-31']",8622,242,391,386,-0.11476,0.207254,-1,-0.037819,1.0,NO_SIGNAL,391,-0.010598,391,-0.052712,386,-0.11476,361,-0.153684
HYP-HL-CAL-001,ipo_approx_v1,calibrated,phase3-oos-v1,WF-2025,"['2010-01-01', '2024-12-31']",162261,2024-10-01,2024-12-31,"['OOS', 'TRAIN', 'VALIDATION']",9,026c3b32a2dd6434,cal-wf-2025,2018-12-31,True,扩窗训练前缀越过 cal-v1 的 fit 上界（holdout 协议专属），仍严格早于测试年,"['2025-01-01', '2025-12-31']",7119,153,260,256,-0.001908,0.507812,-1,-0.011482,0.14925373134328357,NO_SIGNAL,260,-0.00866,259,0.002252,256,-0.001908,251,-0.019737
HYP-HL-CAL-001,ipo_approx_v1,calibrated,phase3-oos-v1,WF-2026,"['2010-01-01', '2025-12-31']",169380,2025-10-01,2025-12-31,"['OOS', 'TRAIN', 'VALIDATION']",9,c2efb4321737710b,cal-wf-2026,2018-12-31,True,扩窗训练前缀越过 cal-v1 的 fit 上界（holdout 协议专属），仍严格早于测试年,"['2026-01-01', '2026-08-14']",6354,104,108,104,0.007838,0.615385,1,-0.018756,0.07960199004975124,NO_SIGNAL,108,0.007709,106,-0.002485,104,0.007838,5,-0.115373
HYP-CON-ALL3-CAL-001,listing_open_v1,calibrated,phase3-oos-v1,WF-2015,"['2010-01-01', '2014-12-31']",49788,2014-10-01,2014-12-31,['TRAIN'],9,4451a69b6ce400a7,cal-wf-2015,2018-12-31,False,训练前缀落在 cal-v1 fit 区间内,"['2015-01-01', '2015-12-31']",11061,36,51,51,0.084923,0.666667,1,0.303288,0.9950248756218906,NO_SIGNAL,51,0.0411,51,0.04698,51,0.084923,51,0.343168
HYP-CON-ALL3-CAL-001,listing_open_v1,calibrated,phase3-oos-v1,WF-2016,"['2010-01-01', '2015-12-31']",60849,2015-10-01,2015-12-31,['TRAIN'],9,07c9ae1d207382d6,cal-wf-2016,2018-12-31,False,训练前缀落在 cal-v1 fit 区间内,"['2016-01-01', '2016-12-31']",11241,46,48,48,-0.051781,0.270833,-1,0.142611,1.0,NO_SIGNAL,48,0.011538,48,-0.005406,48,-0.051781,47,-0.02844
HYP-CON-ALL3-CAL-001,listing_open_v1,calibrated,phase3-oos-v1,WF-2017,"['2010-01-01', '2016-12-31']",72090,2016-10-01,2016-12-31,['TRAIN'],9,e24a507bb3bd3c83,cal-wf-2017,2018-12-31,False,训练前缀落在 cal-v1 fit 区间内,"['2017-01-01', '2017-12-31']",11817,46,55,54,-0.125673,0.111111,-1,-0.003844,1.0,NO_SIGNAL,54,-0.048726,54,-0.091639,54,-0.125673,53,-0.172424
HYP-CON-ALL3-CAL-001,listing_open_v1,calibrated,phase3-oos-v1,WF-2018,"['2010-01-01', '2017-12-31']",83907,2017-10-01,2017-12-31,['TRAIN'],9,4910a061da42984c,cal-wf-2018,2018-12-31,False,训练前缀落在 cal-v1 fit 区间内,"['2018-01-01', '2018-12-31']",12249,20,20,20,-0.028147,0.4,-1,-0.036351,0.373134328358209,NO_SIGNAL,20,-0.050501,20,-0.086147,20,-0.028147,20,0.003745
HYP-CON-ALL3-CAL-001,listing_open_v1,calibrated,phase3-oos-v1,WF-2019,"['2010-01-01', '2018-12-31']",96156,2018-10-01,2018-12-31,['TRAIN'],9,7e9897570d3b5a28,cal-wf-2019,2018-12-31,False,训练前缀落在 cal-v1 fit 区间内,"['2019-01-01', '2019-12-31']",12168,38,42,42,-0.106035,0.309524,-1,-0.067637,0.8109452736318408,NO_SIGNAL,42,-0.037775,42,-0.064396,42,-0.106035,36,-0.020667
HYP-CON-ALL3-CAL-001,listing_open_v1,calibrated,phase3-oos-v1,WF-2020,"['2010-01-01', '2019-12-31']",108324,2019-10-01,2019-12-31,"['TRAIN', 'VALIDATION']",9,033ca6ada2d5cbd7,cal-wf-2020,2018-12-31,True,扩窗训练前缀越过 cal-v1 的 fit 上界（holdout 协议专属），仍严格早于测试年,"['2020-01-01', '2020-12-31']",11988,33,35,34,-0.030392,0.323529,-1,-0.073185,0.12437810945273632,NO_SIGNAL,34,0.002156,34,-0.014261,34,-0.030392,33,0.099839
HYP-CON-ALL3-CAL-001,listing_open_v1,calibrated,phase3-oos-v1,WF-2021,"['2010-01-01', '2020-12-31']",120312,2020-10-01,2020-12-31,"['TRAIN', 'VALIDATION']",9,d591405dff781320,cal-wf-2021,2018-12-31,True,扩窗训练前缀越过 cal-v1 的 fit 上界（holdout 协议专属），仍严格早于测试年,"['2021-01-01', '2021-12-31']",11952,42,50,50,-0.108781,0.22,-1,-0.040995,0.9900497512437811,NO_SIGNAL,50,-0.050042,50,-0.073063,50,-0.108781,47,0.041555
HYP-CON-ALL3-CAL-001,listing_open_v1,calibrated,phase3-oos-v1,WF-2022,"['2010-01-01', '2021-12-31']",132264,2021-10-01,2021-12-31,"['TRAIN', 'VALIDATION']",9,d8d6c61311828cbd,cal-wf-2022,2018-12-31,True,扩窗训练前缀越过 cal-v1 的 fit 上界（holdout 协议专属），仍严格早于测试年,"['2022-01-01', '2022-12-31']",11241,18,19,19,0.075769,0.789474,1,-0.017637,0.01990049751243781,OUTPERFORM_CONTROL,19,-0.01379,19,-0.001867,19,0.075769,19,0.153473
HYP-CON-ALL3-CAL-001,listing_open_v1,calibrated,phase3-oos-v1,WF-2023,"['2010-01-01', '2022-12-31']",143505,2022-10-01,2022-12-31,"['TRAIN', 'VALIDATION']",9,93215bd397863adb,cal-wf-2023,2018-12-31,True,扩窗训练前缀越过 cal-v1 的 fit 上界（holdout 协议专属），仍严格早于测试年,"['2023-01-01', '2023-12-31']",10134,4,5,4,0.02508,0.5,1,-0.014549,0.27860696517412936,NO_SIGNAL,5,-0.073866,4,-0.083818,4,0.02508,4,-0.013007
HYP-CON-ALL3-CAL-001,listing_open_v1,calibrated,phase3-oos-v1,WF-2024,"['2010-01-01', '2023-12-31']",153639,2023-10-01,2023-12-31,"['OOS', 'TRAIN', 'VALIDATION']",9,f5c0e0fc383db82d,cal-wf-2024,2018-12-31,True,扩窗训练前缀越过 cal-v1 的 fit 上界（holdout 协议专属），仍严格早于测试年,"['2024-01-01', '2024-12-31']",8622,16,21,21,-0.136988,0.190476,-1,-0.040528,0.9900497512437811,NO_SIGNAL,21,-0.016833,21,-0.047788,21,-0.136988,20,-0.150737
HYP-CON-ALL3-CAL-001,listing_open_v1,calibrated,phase3-oos-v1,WF-2025,"['2010-01-01', '2024-12-31']",162261,2024-10-01,2024-12-31,"['OOS', 'TRAIN', 'VALIDATION']",9,026c3b32a2dd6434,cal-wf-2025,2018-12-31,True,扩窗训练前缀越过 cal-v1 的 fit 上界（holdout 协议专属），仍严格早于测试年,"['2025-01-01', '2025-12-31']",7119,18,18,18,-0.023865,0.555556,-1,-0.014438,0.6368159203980099,NO_SIGNAL,18,-0.006263,18,0.004861,18,-0.023865,17,-0.009878
HYP-CON-ALL3-CAL-001,listing_open_v1,calibrated,phase3-oos-v1,WF-2026,"['2010-01-01', '2025-12-31']",169380,2025-10-01,2025-12-31,"['OOS', 'TRAIN', 'VALIDATION']",9,c2efb4321737710b,cal-wf-2026,2018-12-31,True,扩窗训练前缀越过 cal-v1 的 fit 上界（holdout 协议专属），仍严格早于测试年,"['2026-01-01', '2026-08-14']",6354,7,7,6,-0.073734,0.5,-1,-0.024239,0.7860696517412935,NO_SIGNAL,7,-0.002008,6,-0.049485,6,-0.073734,0,
HYP-CON-ALL3-CAL-001,listing_close_v1,calibrated,phase3-oos-v1,WF-2015,"['2010-01-01', '2014-12-31']",49788,2014-10-01,2014-12-31,['TRAIN'],9,4451a69b6ce400a7,cal-wf-2015,2018-12-31,False,训练前缀落在 cal-v1 fit 区间内,"['2015-01-01', '2015-12-31']",11061,56,73,73,0.255675,0.69863,1,0.313151,0.7313432835820896,NO_SIGNAL,73,0.078354,73,0.13842,73,0.255675,73,0.375236
HYP-CON-ALL3-CAL-001,listing_close_v1,calibrated,phase3-oos-v1,WF-2016,"['2010-01-01', '2015-12-31']",60849,2015-10-01,2015-12-31,['TRAIN'],9,07c9ae1d207382d6,cal-wf-2016,2018-12-31,False,训练前缀落在 cal-v1 fit 区间内,"['2016-01-01', '2016-12-31']",11241,19,20,20,0.011124,0.35,1,0.138672,0.7960199004975125,NO_SIGNAL,20,0.014528,20,0.032442,20,0.011124,20,0.015856
HYP-CON-ALL3-CAL-001,listing_close_v1,calibrated,phase3-oos-v1,WF-2017,"['2010-01-01', '2016-12-31']",72090,2016-10-01,2016-12-31,['TRAIN'],9,e24a507bb3bd3c83,cal-wf-2017,2018-12-31,False,训练前缀落在 cal-v1 fit 区间内,"['2017-01-01', '2017-12-31']",11817,36,53,53,-0.090299,0.150943,-1,-0.008448,0.945273631840796,NO_SIGNAL,53,-0.017051,53,-0.069881,53,-0.090299,53,-0.126305
HYP-CON-ALL3-CAL-001,listing_close_v1,calibrated,phase3-oos-v1,WF-2018,"['2010-01-01', '2017-12-31']",83907,2017-10-01,2017-12-31,['TRAIN'],9,4910a061da42984c,cal-wf-2018,2018-12-31,False,训练前缀落在 cal-v1 fit 区间内,"['2018-01-01', '2018-12-31']",12249,14,15,15,-0.053816,0.266667,-1,-0.036054,0.5621890547263682,NO_SIGNAL,15,-0.053348,15,-0.059735,15,-0.053816,15,-0.061115
HYP-CON-ALL3-CAL-001,listing_close_v1,calibrated,phase3-oos-v1,WF-2019,"['2010-01-01', '2018-12-31']",96156,2018-10-01,2018-12-31,['TRAIN'],9,7e9897570d3b5a28,cal-wf-2019,2018-12-31,False,训练前缀落在 cal-v1 fit 区间内,"['2019-01-01', '2019-12-31']",12168,55,71,71,-0.095407,0.126761,-1,-0.069082,0.8109452736318408,NO_SIGNAL,71,-0.012313,71,-0.027087,71,-0.095407,69,-0.056905
HYP-CON-ALL3-CAL-001,listing_close_v1,calibrated,phase3-oos-v1,WF-2020,"['2010-01-01', '2019-12-31']",108324,2019-10-01,2019-12-31,"['TRAIN', 'VALIDATION']",9,033ca6ada2d5cbd7,cal-wf-2020,2018-12-31,True,扩窗训练前缀越过 cal-v1 的 fit 上界（holdout 协议专属），仍严格早于测试年,"['2020-01-01', '2020-12-31']",11988,34,38,38,-0.051813,0.289474,-1,-0.072633,0.27860696517412936,NO_SIGNAL,38,0.009342,38,0.008269,38,-0.051813,38,-0.029964
HYP-CON-ALL3-CAL-001,listing_close_v1,calibrated,phase3-oos-v1,WF-2021,"['2010-01-01', '2020-12-31']",120312,2020-10-01,2020-12-31,"['TRAIN', 'VALIDATION']",9,d591405dff781320,cal-wf-2021,2018-12-31,True,扩窗训练前缀越过 cal-v1 的 fit 上界（holdout 协议专属），仍严格早于测试年,"['2021-01-01', '2021-12-31']",11952,43,58,58,-0.043042,0.344828,-1,-0.040445,0.5621890547263682,NO_SIGNAL,58,-0.035455,58,-0.029879,58,-0.043042,56,0.044138
HYP-CON-ALL3-CAL-001,listing_close_v1,calibrated,phase3-oos-v1,WF-2022,"['2010-01-01', '2021-12-31']",132264,2021-10-01,2021-12-31,"['TRAIN', 'VALIDATION']",9,d8d6c61311828cbd,cal-wf-2022,2018-12-31,True,扩窗训练前缀越过 cal-v1 的 fit 上界（holdout 协议专属），仍严格早于测试年,"['2022-01-01', '2022-12-31']",11241,13,13,12,0.177342,1.0,1,-0.016058,0.004975124378109453,OUTPERFORM_CONTROL,12,0.015423,12,0.079023,12,0.177342,12,0.199444
HYP-CON-ALL3-CAL-001,listing_close_v1,calibrated,phase3-oos-v1,WF-2023,"['2010-01-01', '2022-12-31']",143505,2022-10-01,2022-12-31,"['TRAIN', 'VALIDATION']",9,93215bd397863adb,cal-wf-2023,2018-12-31,True,扩窗训练前缀越过 cal-v1 的 fit 上界（holdout 协议专属），仍严格早于测试年,"['2023-01-01', '2023-12-31']",10134,1,1,1,0.043112,1.0,1,-0.016728,0.2736318407960199,NO_SIGNAL,1,-0.003589,1,0.033654,1,0.043112,1,0.057631
HYP-CON-ALL3-CAL-001,listing_close_v1,calibrated,phase3-oos-v1,WF-2024,"['2010-01-01', '2023-12-31']",153639,2023-10-01,2023-12-31,"['OOS', 'TRAIN', 'VALIDATION']",9,f5c0e0fc383db82d,cal-wf-2024,2018-12-31,True,扩窗训练前缀越过 cal-v1 的 fit 上界（holdout 协议专属），仍严格早于测试年,"['2024-01-01', '2024-12-31']",8622,12,16,16,-0.179413,0.1875,-1,-0.041466,0.9900497512437811,NO_SIGNAL,16,-0.024174,16,-0.075902,16,-0.179413,14,-0.273186
HYP-CON-ALL3-CAL-001,listing_close_v1,calibrated,phase3-oos-v1,WF-2025,"['2010-01-01', '2024-12-31']",162261,2024-10-01,2024-12-31,"['OOS', 'TRAIN', 'VALIDATION']",9,026c3b32a2dd6434,cal-wf-2025,2018-12-31,True,扩窗训练前缀越过 cal-v1 的 fit 上界（holdout 协议专属），仍严格早于测试年,"['2025-01-01', '2025-12-31']",7119,12,14,13,0.008214,0.461538,1,-0.01508,0.29850746268656714,NO_SIGNAL,13,-0.013908,13,0.012526,13,0.008214,12,-0.110071
HYP-CON-ALL3-CAL-001,listing_close_v1,calibrated,phase3-oos-v1,WF-2026,"['2010-01-01', '2025-12-31']",169380,2025-10-01,2025-12-31,"['OOS', 'TRAIN', 'VALIDATION']",9,c2efb4321737710b,cal-wf-2026,2018-12-31,True,扩窗训练前缀越过 cal-v1 的 fit 上界（holdout 协议专属），仍严格早于测试年,"['2026-01-01', '2026-08-14']",6354,7,8,8,0.089899,0.875,1,-0.030555,0.07462686567164178,NO_SIGNAL,8,-0.006162,8,0.007446,8,0.089899,2,0.403407
HYP-CON-ALL3-CAL-001,ipo_approx_v1,calibrated,phase3-oos-v1,WF-2015,"['2010-01-01', '2014-12-31']",49788,2014-10-01,2014-12-31,['TRAIN'],9,4451a69b6ce400a7,cal-wf-2015,2018-12-31,False,训练前缀落在 cal-v1 fit 区间内,"['2015-01-01', '2015-12-31']",11061,31,42,42,0.159513,0.761905,1,0.316746,0.9402985074626866,NO_SIGNAL,42,0.032461,42,0.11306,42,0.159513,42,0.424089
HYP-CON-ALL3-CAL-001,ipo_approx_v1,calibrated,phase3-oos-v1,WF-2016,"['2010-01-01', '2015-12-31']",60849,2015-10-01,2015-12-31,['TRAIN'],9,07c9ae1d207382d6,cal-wf-2016,2018-12-31,False,训练前缀落在 cal-v1 fit 区间内,"['2016-01-01', '2016-12-31']",11241,40,42,42,-0.029616,0.380952,-1,0.14054,0.9552238805970149,NO_SIGNAL,42,0.0111,42,0.002591,42,-0.029616,41,-0.001953
HYP-CON-ALL3-CAL-001,ipo_approx_v1,calibrated,phase3-oos-v1,WF-2017,"['2010-01-01', '2016-12-31']",72090,2016-10-01,2016-12-31,['TRAIN'],9,e24a507bb3bd3c83,cal-wf-2017,2018-12-31,False,训练前缀落在 cal-v1 fit 区间内,"['2017-01-01', '2017-12-31']",11817,37,43,43,-0.065982,0.232558,-1,-0.004547,0.8159203980099502,NO_SIGNAL,43,-0.016178,43,-0.039241,43,-0.065982,42,-0.10227
HYP-CON-ALL3-CAL-001,ipo_approx_v1,calibrated,phase3-oos-v1,WF-2018,"['2010-01-01', '2017-12-31']",83907,2017-10-01,2017-12-31,['TRAIN'],9,4910a061da42984c,cal-wf-2018,2018-12-31,False,训练前缀落在 cal-v1 fit 区间内,"['2018-01-01', '2018-12-31']",12249,24,27,27,0.003316,0.518519,1,-0.033257,0.22388059701492538,NO_SIGNAL,27,-0.033117,27,-0.057262,27,0.003316,27,0.048835
HYP-CON-ALL3-CAL-001,ipo_approx_v1,calibrated,phase3-oos-v1,WF-2019,"['2010-01-01', '2018-12-31']",96156,2018-10-01,2018-12-31,['TRAIN'],9,7e9897570d3b5a28,cal-wf-2019,2018-12-31,False,训练前缀落在 cal-v1 fit 区间内,"['2019-01-01', '2019-12-31']",12168,42,49,49,-0.101133,0.081633,-1,-0.067069,0.835820895522388,NO_SIGNAL,49,-0.027354,49,-0.036523,49,-0.101133,47,-0.043689
HYP-CON-ALL3-CAL-001,ipo_approx_v1,calibrated,phase3-oos-v1,WF-2020,"['2010-01-01', '2019-12-31']",108324,2019-10-01,2019-12-31,"['TRAIN', 'VALIDATION']",9,033ca6ada2d5cbd7,cal-wf-2020,2018-12-31,True,扩窗训练前缀越过 cal-v1 的 fit 上界（holdout 协议专属），仍严格早于测试年,"['2020-01-01', '2020-12-31']",11988,22,23,22,-0.137161,0.227273,-1,-0.063792,0.9502487562189055,NO_SIGNAL,23,-0.042959,23,-0.079032,22,-0.137161,20,-0.016608
HYP-CON-ALL3-CAL-001,ipo_approx_v1,calibrated,phase3-oos-v1,WF-2021,"['2010-01-01', '2020-12-31']",120312,2020-10-01,2020-12-31,"['TRAIN', 'VALIDATION']",9,d591405dff781320,cal-wf-2021,2018-12-31,True,扩窗训练前缀越过 cal-v1 的 fit 上界（holdout 协议专属），仍严格早于测试年,"['2021-01-01', '2021-12-31']",11952,50,60,60,-0.039209,0.3,-1,-0.03864,0.4975124378109453,NO_SIGNAL,60,-0.020906,60,-0.012817,60,-0.039209,59,0.06936
HYP-CON-ALL3-CAL-001,ipo_approx_v1,calibrated,phase3-oos-v1,WF-2022,"['2010-01-01', '2021-12-31']",132264,2021-10-01,2021-12-31,"['TRAIN', 'VALIDATION']",9,d8d6c61311828cbd,cal-wf-2022,2018-12-31,True,扩窗训练前缀越过 cal-v1 的 fit 上界（holdout 协议专属），仍严格早于测试年,"['2022-01-01', '2022-12-31']",11241,13,14,14,0.047752,0.785714,1,-0.009692,0.10945273631840796,NO_SIGNAL,14,0.001072,14,0.031526,14,0.047752,14,0.085039
HYP-CON-ALL3-CAL-001,ipo_approx_v1,calibrated,phase3-oos-v1,WF-2023,"['2010-01-01', '2022-12-31']",143505,2022-10-01,2022-12-31,"['TRAIN', 'VALIDATION']",9,93215bd397863adb,cal-wf-2023,2018-12-31,True,扩窗训练前缀越过 cal-v1 的 fit 上界（holdout 协议专属），仍严格早于测试年,"['2023-01-01', '2023-12-31']",10134,5,5,5,-0.028136,0.2,-1,-0.00671,0.7114427860696517,NO_SIGNAL,5,0.036256,5,0.023128,5,-0.028136,5,0.033892
HYP-CON-ALL3-CAL-001,ipo_approx_v1,calibrated,phase3-oos-v1,WF-2024,"['2010-01-01', '2023-12-31']",153639,2023-10-01,2023-12-31,"['OOS', 'TRAIN', 'VALIDATION']",9,f5c0e0fc383db82d,cal-wf-2024,2018-12-31,True,扩窗训练前缀越过 cal-v1 的 fit 上界（holdout 协议专属），仍严格早于测试年,"['2024-01-01', '2024-12-31']",8622,19,22,22,-0.036536,0.363636,-1,-0.034917,0.5522388059701493,NO_SIGNAL,22,0.005137,22,-0.019099,22,-0.036536,21,-0.025374
HYP-CON-ALL3-CAL-001,ipo_approx_v1,calibrated,phase3-oos-v1,WF-2025,"['2010-01-01', '2024-12-31']",162261,2024-10-01,2024-12-31,"['OOS', 'TRAIN', 'VALIDATION']",9,026c3b32a2dd6434,cal-wf-2025,2018-12-31,True,扩窗训练前缀越过 cal-v1 的 fit 上界（holdout 协议专属），仍严格早于测试年,"['2025-01-01', '2025-12-31']",7119,28,30,30,0.048849,0.766667,1,-0.012265,0.009950248756218905,OUTPERFORM_CONTROL,30,-0.002487,30,0.019543,30,0.048849,30,0.053339
HYP-CON-ALL3-CAL-001,ipo_approx_v1,calibrated,phase3-oos-v1,WF-2026,"['2010-01-01', '2025-12-31']",169380,2025-10-01,2025-12-31,"['OOS', 'TRAIN', 'VALIDATION']",9,c2efb4321737710b,cal-wf-2026,2018-12-31,True,扩窗训练前缀越过 cal-v1 的 fit 上界（holdout 协议专属），仍严格早于测试年,"['2026-01-01', '2026-08-14']",6354,9,9,8,-0.079957,0.25,-1,-0.030555,0.7711442786069652,NO_SIGNAL,9,0.017167,9,-0.03173,8,-0.079957,2,-0.209438
