hypothesis_id,birth_model,partition,direction_source,split_version,control_kind,control_description,event_count,jaccard_with_real,overlap_with_real,expected_overlap_fraction,mean_return,mean_excess_return,up_rate,delta_mean_excess_vs_real,p_value,p_value_lower,p_value_upper,p_value_method,draws,control_mean_std,decisive,verdict,warnings
HYP-BZ-RAW-001,listing_open_v1,OOS,raw,phase3-oos-v1,random_event_position,"从同一分区的可用 (股票, as_of) 池中随机抽取与真实事件相同数量的事件（200 次置换），检验真实事件位置是否优于随机位置。",3132,0.859227,3003.0,0.951108,-0.022827,-0.022827,0.447312,0.001399,0.03980099502487562,0.9651741293532339,0.03980099502487562,permutation_one_sided,200.0,0.000672,True,outperform,
HYP-BZ-RAW-001,listing_open_v1,OOS,raw,phase3-oos-v1,random_birth_assignment,在同一 as_of 内把命盘（引擎方向向量）随机置换到池内其它股票，保持每日横截面分布不变，破坏「股票↔命盘」对应关系。,3132,,,,-0.021178,-0.021178,,-0.000249,0.6318407960199005,0.373134328358209,0.6318407960199005,permutation_one_sided,200.0,0.000822,True,underperform,随机出生指派只检验『股票↔命盘对应关系』是否携带信息，不能检验「同一命盘在不同日期是否有效」；后者由随机事件位置对照承担。
HYP-BZ-RAW-001,listing_open_v1,OOS,raw,phase3-oos-v1,random_model_direction,在每个 as_of 内保持命中数量不变，把命中位置随机重新指派给池内股票，检验「具体哪些股票命中」是否携带信息。,3132,,,,-0.021162,-0.021162,,-0.000265,0.6766169154228856,0.3283582089552239,0.6766169154228856,permutation_one_sided,200.0,0.00068,True,underperform,本对照只随机化命中位置，保留每日命中数量；若真实事件集合接近整个池（如原始 BAZI_POS 正向率 96%），本对照会退化。
HYP-BZ-RAW-001,listing_open_v1,OOS,raw,phase3-oos-v1,shifted_birth_date_minus_7d,把出生时间平移 -7 天后重新排盘、重算因子，在真实 TRAIN 冻结阈值下重新求解事件集合。,3366,0.911957,3211.0,,-0.020725,-0.020725,0.450016,-0.000702,0.8769934293735155,,,welch_normal_approx,,,True,underperform,
HYP-BZ-RAW-001,listing_open_v1,OOS,raw,phase3-oos-v1,shifted_birth_date_plus_7d,把出生时间平移 +7 天后重新排盘、重算因子，在真实 TRAIN 冻结阈值下重新求解事件集合。,3361,0.909994,3205.0,,-0.022362,-0.022362,0.448033,0.000935,0.837569394726566,,,welch_normal_approx,,,True,outperform,
HYP-BZ-RAW-001,listing_close_v1,OOS,raw,phase3-oos-v1,random_event_position,"从同一分区的可用 (股票, as_of) 池中随机抽取与真实事件相同数量的事件（200 次置换），检验真实事件位置是否优于随机位置。",3052,0.820454,2856.0,0.926814,-0.022798,-0.022798,0.447312,0.00166,0.024875621890547265,0.9800995024875622,0.024875621890547265,permutation_one_sided,200.0,0.000837,True,outperform,
HYP-BZ-RAW-001,listing_close_v1,OOS,raw,phase3-oos-v1,random_birth_assignment,在同一 as_of 内把命盘（引擎方向向量）随机置换到池内其它股票，保持每日横截面分布不变，破坏「股票↔命盘」对应关系。,3052,,,,-0.021199,-0.021199,,6e-05,0.4577114427860697,0.5472636815920398,0.4577114427860697,permutation_one_sided,200.0,0.000748,True,outperform,随机出生指派只检验『股票↔命盘对应关系』是否携带信息，不能检验「同一命盘在不同日期是否有效」；后者由随机事件位置对照承担。
HYP-BZ-RAW-001,listing_close_v1,OOS,raw,phase3-oos-v1,random_model_direction,在每个 as_of 内保持命中数量不变，把命中位置随机重新指派给池内股票，检验「具体哪些股票命中」是否携带信息。,3052,,,,-0.021184,-0.021184,,4.6e-05,0.47761194029850745,0.527363184079602,0.47761194029850745,permutation_one_sided,200.0,0.000731,True,outperform,本对照只随机化命中位置，保留每日命中数量；若真实事件集合接近整个池（如原始 BAZI_POS 正向率 96%），本对照会退化。
HYP-BZ-RAW-001,listing_close_v1,OOS,raw,phase3-oos-v1,shifted_birth_date_minus_7d,把出生时间平移 -7 天后重新排盘、重算因子，在真实 TRAIN 冻结阈值下重新求解事件集合。,3345,0.891583,3125.0,,-0.020829,-0.020829,0.452588,-0.00031,0.9461893508077169,,,welch_normal_approx,,,True,underperform,
HYP-BZ-RAW-001,listing_close_v1,OOS,raw,phase3-oos-v1,shifted_birth_date_plus_7d,把出生时间平移 +7 天后重新排盘、重算因子，在真实 TRAIN 冻结阈值下重新求解事件集合。,3309,0.877028,3081.0,,-0.021623,-0.021623,0.449529,0.000485,0.9165518632209118,,,welch_normal_approx,,,True,outperform,
HYP-BZ-RAW-001,ipo_approx_v1,OOS,raw,phase3-oos-v1,random_event_position,"从同一分区的可用 (股票, as_of) 池中随机抽取与真实事件相同数量的事件（200 次置换），检验真实事件位置是否优于随机位置。",3131,0.847313,2980.0,0.950805,-0.022915,-0.022915,0.447312,0.00219,0.004975124378109453,1.0,0.004975124378109453,permutation_one_sided,200.0,0.00071,True,outperform,
HYP-BZ-RAW-001,ipo_approx_v1,OOS,raw,phase3-oos-v1,random_birth_assignment,在同一 as_of 内把命盘（引擎方向向量）随机置换到池内其它股票，保持每日横截面分布不变，破坏「股票↔命盘」对应关系。,3131,,,,-0.020943,-0.020943,,0.000218,0.3582089552238806,0.6467661691542289,0.3582089552238806,permutation_one_sided,200.0,0.000724,True,outperform,随机出生指派只检验『股票↔命盘对应关系』是否携带信息，不能检验「同一命盘在不同日期是否有效」；后者由随机事件位置对照承担。
HYP-BZ-RAW-001,ipo_approx_v1,OOS,raw,phase3-oos-v1,random_model_direction,在每个 as_of 内保持命中数量不变，把命中位置随机重新指派给池内股票，检验「具体哪些股票命中」是否携带信息。,3131,,,,-0.020957,-0.020957,,0.000231,0.3383084577114428,0.6666666666666666,0.3383084577114428,permutation_one_sided,200.0,0.000775,True,outperform,本对照只随机化命中位置，保留每日命中数量；若真实事件集合接近整个池（如原始 BAZI_POS 正向率 96%），本对照会退化。
HYP-BZ-RAW-001,ipo_approx_v1,OOS,raw,phase3-oos-v1,shifted_birth_date_minus_7d,把出生时间平移 -7 天后重新排盘、重算因子，在真实 TRAIN 冻结阈值下重新求解事件集合。,3384,0.916525,3228.0,,-0.022039,-0.022039,0.448714,0.001313,0.7710609624624644,,,welch_normal_approx,,,True,outperform,
HYP-BZ-RAW-001,ipo_approx_v1,OOS,raw,phase3-oos-v1,shifted_birth_date_plus_7d,把出生时间平移 +7 天后重新排盘、重算因子，在真实 TRAIN 冻结阈值下重新求解事件集合。,3366,0.911957,3211.0,,-0.021427,-0.021427,0.448595,0.000702,0.8769934293735155,,,welch_normal_approx,,,True,outperform,
HYP-BZ-CAL-001,listing_open_v1,OOS,calibrated,phase3-oos-v1,random_event_position,"从同一分区的可用 (股票, as_of) 池中随机抽取与真实事件相同数量的事件（200 次置换），检验真实事件位置是否优于随机位置。",831,0.126549,194.0,0.252353,-0.023063,-0.023063,0.447312,0.007347,0.08955223880597014,0.9154228855721394,0.08955223880597014,permutation_one_sided,200.0,0.005567,True,outperform,
HYP-BZ-CAL-001,listing_open_v1,OOS,calibrated,phase3-oos-v1,random_birth_assignment,在同一 as_of 内把命盘（引擎方向向量）随机置换到池内其它股票，保持每日横截面分布不变，破坏「股票↔命盘」对应关系。,831,,,,-0.02157,-0.02157,,0.005854,0.11940298507462686,0.8855721393034826,0.11940298507462686,permutation_one_sided,200.0,0.004935,True,outperform,随机出生指派只检验『股票↔命盘对应关系』是否携带信息，不能检验「同一命盘在不同日期是否有效」；后者由随机事件位置对照承担。
HYP-BZ-CAL-001,listing_open_v1,OOS,calibrated,phase3-oos-v1,random_model_direction,在每个 as_of 内保持命中数量不变，把命中位置随机重新指派给池内股票，检验「具体哪些股票命中」是否携带信息。,831,,,,-0.022574,-0.022574,,0.006859,0.07960199004975124,0.9253731343283582,0.07960199004975124,permutation_one_sided,200.0,0.004777,True,outperform,本对照只随机化命中位置，保留每日命中数量；若真实事件集合接近整个池（如原始 BAZI_POS 正向率 96%），本对照会退化。
HYP-BZ-CAL-001,listing_open_v1,OOS,calibrated,phase3-oos-v1,shifted_birth_date_minus_7d,把出生时间平移 -7 天后重新排盘、重算因子，在真实 TRAIN 冻结阈值下重新求解事件集合。,907,0.123364,198.0,,-0.013162,-0.013162,0.451574,-0.002554,0.7721499526471288,,,welch_normal_approx,,,True,underperform,
HYP-BZ-CAL-001,listing_open_v1,OOS,calibrated,phase3-oos-v1,shifted_birth_date_plus_7d,把出生时间平移 +7 天后重新排盘、重算因子，在真实 TRAIN 冻结阈值下重新求解事件集合。,898,0.129723,206.0,,-0.026547,-0.026547,0.441496,0.010831,0.21626242387722192,,,welch_normal_approx,,,True,outperform,
HYP-BZ-CAL-001,listing_close_v1,OOS,calibrated,phase3-oos-v1,random_event_position,"从同一分区的可用 (股票, as_of) 池中随机抽取与真实事件相同数量的事件（200 次置换），检验真实事件位置是否优于随机位置。",874,0.134591,214.0,0.265411,-0.023014,-0.023014,0.447312,0.005618,0.15422885572139303,0.8507462686567164,0.15422885572139303,permutation_one_sided,200.0,0.005279,True,outperform,
HYP-BZ-CAL-001,listing_close_v1,OOS,calibrated,phase3-oos-v1,random_birth_assignment,在同一 as_of 内把命盘（引擎方向向量）随机置换到池内其它股票，保持每日横截面分布不变，破坏「股票↔命盘」对应关系。,874,,,,-0.020216,-0.020216,,0.00282,0.2736318407960199,0.7313432835820896,0.2736318407960199,permutation_one_sided,200.0,0.004776,True,outperform,随机出生指派只检验『股票↔命盘对应关系』是否携带信息，不能检验「同一命盘在不同日期是否有效」；后者由随机事件位置对照承担。
HYP-BZ-CAL-001,listing_close_v1,OOS,calibrated,phase3-oos-v1,random_model_direction,在每个 as_of 内保持命中数量不变，把命中位置随机重新指派给池内股票，检验「具体哪些股票命中」是否携带信息。,874,,,,-0.020142,-0.020142,,0.002746,0.2835820895522388,0.7213930348258707,0.2835820895522388,permutation_one_sided,200.0,0.004895,True,outperform,本对照只随机化命中位置，保留每日命中数量；若真实事件集合接近整个池（如原始 BAZI_POS 正向率 96%），本对照会退化。
HYP-BZ-CAL-001,listing_close_v1,OOS,calibrated,phase3-oos-v1,shifted_birth_date_minus_7d,把出生时间平移 -7 天后重新排盘、重算因子，在真实 TRAIN 冻结阈值下重新求解事件集合。,857,0.163411,251.0,,-0.014857,-0.014857,0.452854,-0.002538,0.7845668539735158,,,welch_normal_approx,,,True,underperform,
HYP-BZ-CAL-001,listing_close_v1,OOS,calibrated,phase3-oos-v1,shifted_birth_date_plus_7d,把出生时间平移 +7 天后重新排盘、重算因子，在真实 TRAIN 冻结阈值下重新求解事件集合。,891,0.141693,226.0,,-0.028446,-0.028446,0.448687,0.01105,0.24146261432843064,,,welch_normal_approx,,,True,outperform,
HYP-BZ-CAL-001,ipo_approx_v1,OOS,calibrated,phase3-oos-v1,random_event_position,"从同一分区的可用 (股票, as_of) 池中随机抽取与真实事件相同数量的事件（200 次置换），检验真实事件位置是否优于随机位置。",813,0.124506,189.0,0.246887,-0.022291,-0.022291,0.447312,0.009982,0.04975124378109453,0.9552238805970149,0.04975124378109453,permutation_one_sided,200.0,0.00558,True,outperform,
HYP-BZ-CAL-001,ipo_approx_v1,OOS,calibrated,phase3-oos-v1,random_birth_assignment,在同一 as_of 内把命盘（引擎方向向量）随机置换到池内其它股票，保持每日横截面分布不变，破坏「股票↔命盘」对应关系。,813,,,,-0.021375,-0.021375,,0.009066,0.03980099502487562,0.9651741293532339,0.03980099502487562,permutation_one_sided,200.0,0.004879,True,outperform,随机出生指派只检验『股票↔命盘对应关系』是否携带信息，不能检验「同一命盘在不同日期是否有效」；后者由随机事件位置对照承担。
HYP-BZ-CAL-001,ipo_approx_v1,OOS,calibrated,phase3-oos-v1,random_model_direction,在每个 as_of 内保持命中数量不变，把命中位置随机重新指派给池内股票，检验「具体哪些股票命中」是否携带信息。,813,,,,-0.021568,-0.021568,,0.009259,0.029850746268656716,0.9751243781094527,0.029850746268656716,permutation_one_sided,200.0,0.004846,True,outperform,本对照只随机化命中位置，保留每日命中数量；若真实事件集合接近整个池（如原始 BAZI_POS 正向率 96%），本对照会退化。
HYP-BZ-CAL-001,ipo_approx_v1,OOS,calibrated,phase3-oos-v1,shifted_birth_date_minus_7d,把出生时间平移 -7 天后重新排盘、重算因子，在真实 TRAIN 冻结阈值下重新求解事件集合。,947,0.111715,185.0,,-0.020021,-0.020021,0.453596,0.007711,0.3859535887665654,,,welch_normal_approx,,,True,outperform,
HYP-BZ-CAL-001,ipo_approx_v1,OOS,calibrated,phase3-oos-v1,shifted_birth_date_plus_7d,把出生时间平移 +7 天后重新排盘、重算因子，在真实 TRAIN 冻结阈值下重新求解事件集合。,881,0.121997,193.0,,-0.016501,-0.016501,0.444853,0.004191,0.6389578909071156,,,welch_normal_approx,,,True,outperform,
HYP-ZW-RAW-001,listing_open_v1,OOS,raw,phase3-oos-v1,random_event_position,"从同一分区的可用 (股票, as_of) 池中随机抽取与真实事件相同数量的事件（200 次置换），检验真实事件位置是否优于随机位置。",755,0.120848,171.0,0.229274,-0.023263,-0.023263,0.447312,0.004035,0.24875621890547264,0.7562189054726368,0.24875621890547264,permutation_one_sided,200.0,0.00554,True,outperform,
HYP-ZW-RAW-001,listing_open_v1,OOS,raw,phase3-oos-v1,random_birth_assignment,在同一 as_of 内把命盘（引擎方向向量）随机置换到池内其它股票，保持每日横截面分布不变，破坏「股票↔命盘」对应关系。,755,,,,-0.022263,-0.022263,,0.003035,0.29850746268656714,0.7064676616915423,0.29850746268656714,permutation_one_sided,200.0,0.005324,True,outperform,随机出生指派只检验『股票↔命盘对应关系』是否携带信息，不能检验「同一命盘在不同日期是否有效」；后者由随机事件位置对照承担。
HYP-ZW-RAW-001,listing_open_v1,OOS,raw,phase3-oos-v1,random_model_direction,在每个 as_of 内保持命中数量不变，把命中位置随机重新指派给池内股票，检验「具体哪些股票命中」是否携带信息。,755,,,,-0.0217,-0.0217,,0.002472,0.3283582089552239,0.6766169154228856,0.3283582089552239,permutation_one_sided,200.0,0.005851,True,outperform,本对照只随机化命中位置，保留每日命中数量；若真实事件集合接近整个池（如原始 BAZI_POS 正向率 96%），本对照会退化。
HYP-ZW-RAW-001,listing_open_v1,OOS,raw,phase3-oos-v1,shifted_birth_date_minus_7d,把出生时间平移 -7 天后重新排盘、重算因子，在真实 TRAIN 冻结阈值下重新求解事件集合。,975,0.235294,344.0,,-0.013897,-0.013897,0.448819,-0.005331,0.5268122104832855,,,welch_normal_approx,,,True,underperform,
HYP-ZW-RAW-001,listing_open_v1,OOS,raw,phase3-oos-v1,shifted_birth_date_plus_7d,把出生时间平移 +7 天后重新排盘、重算因子，在真实 TRAIN 冻结阈值下重新求解事件集合。,884,0.203509,290.0,,-0.032546,-0.032546,0.404203,0.013318,0.12994570676768502,,,welch_normal_approx,,,True,outperform,
HYP-ZW-RAW-001,listing_close_v1,OOS,raw,phase3-oos-v1,random_event_position,"从同一分区的可用 (股票, as_of) 池中随机抽取与真实事件相同数量的事件（200 次置换），检验真实事件位置是否优于随机位置。",974,0.156374,276.0,0.295779,-0.022946,-0.022946,0.447312,0.000552,0.46766169154228854,0.5373134328358209,0.46766169154228854,permutation_one_sided,200.0,0.004822,True,outperform,
HYP-ZW-RAW-001,listing_close_v1,OOS,raw,phase3-oos-v1,random_birth_assignment,在同一 as_of 内把命盘（引擎方向向量）随机置换到池内其它股票，保持每日横截面分布不变，破坏「股票↔命盘」对应关系。,974,,,,-0.023723,-0.023723,,0.00133,0.3880597014925373,0.6169154228855721,0.3880597014925373,permutation_one_sided,200.0,0.004388,True,outperform,随机出生指派只检验『股票↔命盘对应关系』是否携带信息，不能检验「同一命盘在不同日期是否有效」；后者由随机事件位置对照承担。
HYP-ZW-RAW-001,listing_close_v1,OOS,raw,phase3-oos-v1,random_model_direction,在每个 as_of 内保持命中数量不变，把命中位置随机重新指派给池内股票，检验「具体哪些股票命中」是否携带信息。,974,,,,-0.023522,-0.023522,,0.001129,0.4427860696517413,0.5621890547263682,0.4427860696517413,permutation_one_sided,200.0,0.004603,True,outperform,本对照只随机化命中位置，保留每日命中数量；若真实事件集合接近整个池（如原始 BAZI_POS 正向率 96%），本对照会退化。
HYP-ZW-RAW-001,listing_close_v1,OOS,raw,phase3-oos-v1,shifted_birth_date_minus_7d,把出生时间平移 -7 天后重新排盘、重算因子，在真实 TRAIN 冻结阈值下重新求解事件集合。,1057,0.251621,427.0,,-0.017657,-0.017657,0.453886,-0.004736,0.5434734042850695,,,welch_normal_approx,,,True,underperform,
HYP-ZW-RAW-001,listing_close_v1,OOS,raw,phase3-oos-v1,shifted_birth_date_plus_7d,把出生时间平移 +7 天后重新排盘、重算因子，在真实 TRAIN 冻结阈值下重新求解事件集合。,1057,0.27491,458.0,,-0.023399,-0.023399,0.439126,0.001005,0.8952884530122363,,,welch_normal_approx,,,True,outperform,
HYP-ZW-RAW-001,ipo_approx_v1,OOS,raw,phase3-oos-v1,random_event_position,"从同一分区的可用 (股票, as_of) 池中随机抽取与真实事件相同数量的事件（200 次置换），检验真实事件位置是否优于随机位置。",889,0.150617,244.0,0.269967,-0.022543,-0.022543,0.447312,0.008647,0.07462686567164178,0.9303482587064676,0.07462686567164178,permutation_one_sided,200.0,0.005516,True,outperform,
HYP-ZW-RAW-001,ipo_approx_v1,OOS,raw,phase3-oos-v1,random_birth_assignment,在同一 as_of 内把命盘（引擎方向向量）随机置换到池内其它股票，保持每日横截面分布不变，破坏「股票↔命盘」对应关系。,889,,,,-0.018751,-0.018751,,0.004854,0.1791044776119403,0.8258706467661692,0.1791044776119403,permutation_one_sided,200.0,0.005093,True,outperform,随机出生指派只检验『股票↔命盘对应关系』是否携带信息，不能检验「同一命盘在不同日期是否有效」；后者由随机事件位置对照承担。
HYP-ZW-RAW-001,ipo_approx_v1,OOS,raw,phase3-oos-v1,random_model_direction,在每个 as_of 内保持命中数量不变，把命中位置随机重新指派给池内股票，检验「具体哪些股票命中」是否携带信息。,889,,,,-0.019394,-0.019394,,0.005497,0.13930348258706468,0.8656716417910447,0.13930348258706468,permutation_one_sided,200.0,0.004769,True,outperform,本对照只随机化命中位置，保留每日命中数量；若真实事件集合接近整个池（如原始 BAZI_POS 正向率 96%），本对照会退化。
HYP-ZW-RAW-001,ipo_approx_v1,OOS,raw,phase3-oos-v1,shifted_birth_date_minus_7d,把出生时间平移 -7 天后重新排盘、重算因子，在真实 TRAIN 冻结阈值下重新求解事件集合。,894,0.222368,340.0,,-0.024409,-0.024409,0.46201,0.010512,0.23325645939062098,,,welch_normal_approx,,,True,outperform,
HYP-ZW-RAW-001,ipo_approx_v1,OOS,raw,phase3-oos-v1,shifted_birth_date_plus_7d,把出生时间平移 +7 天后重新排盘、重算因子，在真实 TRAIN 冻结阈值下重新求解事件集合。,831,0.235294,344.0,,-0.019228,-0.019228,0.454305,0.005331,0.5268122104832855,,,welch_normal_approx,,,True,outperform,
HYP-ZW-CAL-001,listing_open_v1,OOS,calibrated,phase3-oos-v1,random_event_position,"从同一分区的可用 (股票, as_of) 池中随机抽取与真实事件相同数量的事件（200 次置换），检验真实事件位置是否优于随机位置。",678,0.108171,139.0,0.205891,-0.022873,-0.022873,0.447312,0.002359,0.3482587064676617,0.6567164179104478,0.3482587064676617,permutation_one_sided,200.0,0.006859,True,outperform,
HYP-ZW-CAL-001,listing_open_v1,OOS,calibrated,phase3-oos-v1,random_birth_assignment,在同一 as_of 内把命盘（引擎方向向量）随机置换到池内其它股票，保持每日横截面分布不变，破坏「股票↔命盘」对应关系。,678,,,,-0.023319,-0.023319,,0.002804,0.32338308457711445,0.681592039800995,0.32338308457711445,permutation_one_sided,200.0,0.005859,True,outperform,随机出生指派只检验『股票↔命盘对应关系』是否携带信息，不能检验「同一命盘在不同日期是否有效」；后者由随机事件位置对照承担。
HYP-ZW-CAL-001,listing_open_v1,OOS,calibrated,phase3-oos-v1,random_model_direction,在每个 as_of 内保持命中数量不变，把命中位置随机重新指派给池内股票，检验「具体哪些股票命中」是否携带信息。,678,,,,-0.02344,-0.02344,,0.002925,0.31343283582089554,0.6915422885572139,0.31343283582089554,permutation_one_sided,200.0,0.005832,True,outperform,本对照只随机化命中位置，保留每日命中数量；若真实事件集合接近整个池（如原始 BAZI_POS 正向率 96%），本对照会退化。
HYP-ZW-CAL-001,listing_open_v1,OOS,calibrated,phase3-oos-v1,shifted_birth_date_minus_7d,把出生时间平移 -7 天后重新排盘、重算因子，在真实 TRAIN 冻结阈值下重新求解事件集合。,896,0.222636,299.0,,-0.015797,-0.015797,0.446626,-0.004718,0.600877303774932,,,welch_normal_approx,,,True,underperform,
HYP-ZW-CAL-001,listing_open_v1,OOS,calibrated,phase3-oos-v1,shifted_birth_date_plus_7d,把出生时间平移 +7 天后重新排盘、重算因子，在真实 TRAIN 冻结阈值下重新求解事件集合。,793,0.194876,251.0,,-0.0351,-0.0351,0.398072,0.014585,0.1200840411017868,,,welch_normal_approx,,,True,outperform,
HYP-ZW-CAL-001,listing_close_v1,OOS,calibrated,phase3-oos-v1,random_event_position,"从同一分区的可用 (股票, as_of) 池中随机抽取与真实事件相同数量的事件（200 次置换），检验真实事件位置是否优于随机位置。",720,0.126771,170.0,0.218646,-0.022674,-0.022674,0.447312,-0.00316,0.6915422885572139,0.31343283582089554,0.6915422885572139,permutation_one_sided,200.0,0.005444,True,underperform,
HYP-ZW-CAL-001,listing_close_v1,OOS,calibrated,phase3-oos-v1,random_birth_assignment,在同一 as_of 内把命盘（引擎方向向量）随机置换到池内其它股票，保持每日横截面分布不变，破坏「股票↔命盘」对应关系。,720,,,,-0.023329,-0.023329,,-0.002505,0.7213930348258707,0.2835820895522388,0.7213930348258707,permutation_one_sided,200.0,0.005021,True,underperform,随机出生指派只检验『股票↔命盘对应关系』是否携带信息，不能检验「同一命盘在不同日期是否有效」；后者由随机事件位置对照承担。
HYP-ZW-CAL-001,listing_close_v1,OOS,calibrated,phase3-oos-v1,random_model_direction,在每个 as_of 内保持命中数量不变，把命中位置随机重新指派给池内股票，检验「具体哪些股票命中」是否携带信息。,720,,,,-0.023809,-0.023809,,-0.002025,0.6417910447761194,0.36318407960199006,0.6417910447761194,permutation_one_sided,200.0,0.005838,True,underperform,本对照只随机化命中位置，保留每日命中数量；若真实事件集合接近整个池（如原始 BAZI_POS 正向率 96%），本对照会退化。
HYP-ZW-CAL-001,listing_close_v1,OOS,calibrated,phase3-oos-v1,shifted_birth_date_minus_7d,把出生时间平移 -7 天后重新排盘、重算因子，在真实 TRAIN 冻结阈值下重新求解事件集合。,755,0.191981,249.0,,-0.017741,-0.017741,0.456934,-0.008093,0.38718009774978274,,,welch_normal_approx,,,True,underperform,
HYP-ZW-CAL-001,listing_close_v1,OOS,calibrated,phase3-oos-v1,shifted_birth_date_plus_7d,把出生时间平移 +7 天后重新排盘、重算因子，在真实 TRAIN 冻结阈值下重新求解事件集合。,749,0.209741,267.0,,-0.029879,-0.029879,0.426254,0.004045,0.6477364194335038,,,welch_normal_approx,,,True,outperform,
HYP-ZW-CAL-001,ipo_approx_v1,OOS,calibrated,phase3-oos-v1,random_event_position,"从同一分区的可用 (股票, as_of) 池中随机抽取与真实事件相同数量的事件（200 次置换），检验真实事件位置是否优于随机位置。",743,0.106458,150.0,0.22563,-0.02312,-0.02312,0.447312,0.004631,0.17412935323383086,0.8308457711442786,0.17412935323383086,permutation_one_sided,200.0,0.005997,True,outperform,
HYP-ZW-CAL-001,ipo_approx_v1,OOS,calibrated,phase3-oos-v1,random_birth_assignment,在同一 as_of 内把命盘（引擎方向向量）随机置换到池内其它股票，保持每日横截面分布不变，破坏「股票↔命盘」对应关系。,743,,,,-0.01975,-0.01975,,0.001262,0.4427860696517413,0.5621890547263682,0.4427860696517413,permutation_one_sided,200.0,0.005769,True,outperform,随机出生指派只检验『股票↔命盘对应关系』是否携带信息，不能检验「同一命盘在不同日期是否有效」；后者由随机事件位置对照承担。
HYP-ZW-CAL-001,ipo_approx_v1,OOS,calibrated,phase3-oos-v1,random_model_direction,在每个 as_of 内保持命中数量不变，把命中位置随机重新指派给池内股票，检验「具体哪些股票命中」是否携带信息。,743,,,,-0.019603,-0.019603,,0.001114,0.3781094527363184,0.6268656716417911,0.3781094527363184,permutation_one_sided,200.0,0.0053,True,outperform,本对照只随机化命中位置，保留每日命中数量；若真实事件集合接近整个池（如原始 BAZI_POS 正向率 96%），本对照会退化。
HYP-ZW-CAL-001,ipo_approx_v1,OOS,calibrated,phase3-oos-v1,shifted_birth_date_minus_7d,把出生时间平移 -7 天后重新排盘、重算因子，在真实 TRAIN 冻结阈值下重新求解事件集合。,745,0.190694,250.0,,-0.030006,-0.030006,0.474074,0.011517,0.2456976644800145,,,welch_normal_approx,,,True,outperform,
HYP-ZW-CAL-001,ipo_approx_v1,OOS,calibrated,phase3-oos-v1,shifted_birth_date_plus_7d,把出生时间平移 +7 天后重新排盘、重算因子，在真实 TRAIN 冻结阈值下重新求解事件集合。,687,0.2024,253.0,,-0.025146,-0.025146,0.439297,0.006657,0.4748667967159547,,,welch_normal_approx,,,True,outperform,
HYP-HL-RAW-001,listing_open_v1,OOS,raw,phase3-oos-v1,random_event_position,"从同一分区的可用 (股票, as_of) 池中随机抽取与真实事件相同数量的事件（200 次置换），检验真实事件位置是否优于随机位置。",1459,0.243277,579.0,0.443061,-0.022452,-0.022452,0.447312,-0.016963,1.0,0.004975124378109453,1.0,permutation_one_sided,200.0,0.003585,True,underperform,
HYP-HL-RAW-001,listing_open_v1,OOS,raw,phase3-oos-v1,random_birth_assignment,在同一 as_of 内把命盘（引擎方向向量）随机置换到池内其它股票，保持每日横截面分布不变，破坏「股票↔命盘」对应关系。,1459,,,,-0.040928,-0.040928,,0.001512,0.3034825870646766,0.7014925373134329,0.3034825870646766,permutation_one_sided,200.0,0.002444,True,outperform,随机出生指派只检验『股票↔命盘对应关系』是否携带信息，不能检验「同一命盘在不同日期是否有效」；后者由随机事件位置对照承担。
HYP-HL-RAW-001,listing_open_v1,OOS,raw,phase3-oos-v1,random_model_direction,在每个 as_of 内保持命中数量不变，把命中位置随机重新指派给池内股票，检验「具体哪些股票命中」是否携带信息。,1459,,,,-0.040563,-0.040563,,0.001148,0.3482587064676617,0.6567164179104478,0.3482587064676617,permutation_one_sided,200.0,0.002762,True,outperform,本对照只随机化命中位置，保留每日命中数量；若真实事件集合接近整个池（如原始 BAZI_POS 正向率 96%），本对照会退化。
HYP-HL-RAW-001,listing_open_v1,OOS,raw,phase3-oos-v1,shifted_birth_date_minus_7d,把出生时间平移 -7 天后重新排盘、重算因子，在真实 TRAIN 冻结阈值下重新求解事件集合。,1502,0.533197,1044.0,,-0.040068,-0.040068,0.395476,0.000653,0.9210170696092246,,,welch_normal_approx,,,True,outperform,
HYP-HL-RAW-001,listing_open_v1,OOS,raw,phase3-oos-v1,shifted_birth_date_plus_7d,把出生时间平移 +7 天后重新排盘、重算因子，在真实 TRAIN 冻结阈值下重新求解事件集合。,1466,0.493454,980.0,,-0.040309,-0.040309,0.401553,0.000893,0.8909703334587578,,,welch_normal_approx,,,True,outperform,
HYP-HL-RAW-001,listing_close_v1,OOS,raw,phase3-oos-v1,random_event_position,"从同一分区的可用 (股票, as_of) 池中随机抽取与真实事件相同数量的事件（200 次置换），检验真实事件位置是否优于随机位置。",1469,0.279759,651.0,0.446098,-0.022962,-0.022962,0.447312,-0.020919,1.0,0.004975124378109453,1.0,permutation_one_sided,200.0,0.003384,True,underperform,
HYP-HL-RAW-001,listing_close_v1,OOS,raw,phase3-oos-v1,random_birth_assignment,在同一 as_of 内把命盘（引擎方向向量）随机置换到池内其它股票，保持每日横截面分布不变，破坏「股票↔命盘」对应关系。,1469,,,,-0.042263,-0.042263,,-0.001618,0.7213930348258707,0.2835820895522388,0.7213930348258707,permutation_one_sided,200.0,0.002645,True,underperform,随机出生指派只检验『股票↔命盘对应关系』是否携带信息，不能检验「同一命盘在不同日期是否有效」；后者由随机事件位置对照承担。
HYP-HL-RAW-001,listing_close_v1,OOS,raw,phase3-oos-v1,random_model_direction,在每个 as_of 内保持命中数量不变，把命中位置随机重新指派给池内股票，检验「具体哪些股票命中」是否携带信息。,1469,,,,-0.042166,-0.042166,,-0.001715,0.7014925373134329,0.3034825870646766,0.7014925373134329,permutation_one_sided,200.0,0.003003,True,underperform,本对照只随机化命中位置，保留每日命中数量；若真实事件集合接近整个池（如原始 BAZI_POS 正向率 96%），本对照会退化。
HYP-HL-RAW-001,listing_close_v1,OOS,raw,phase3-oos-v1,shifted_birth_date_minus_7d,把出生时间平移 -7 天后重新排盘、重算因子，在真实 TRAIN 冻结阈值下重新求解事件集合。,1511,0.474609,972.0,,-0.043604,-0.043604,0.402439,-0.000278,0.9676614953814271,,,welch_normal_approx,,,True,underperform,
HYP-HL-RAW-001,listing_close_v1,OOS,raw,phase3-oos-v1,shifted_birth_date_plus_7d,把出生时间平移 +7 天后重新排盘、重算因子，在真实 TRAIN 冻结阈值下重新求解事件集合。,1515,0.464407,959.0,,-0.044073,-0.044073,0.408108,0.000191,0.9780841738597909,,,welch_normal_approx,,,True,outperform,
HYP-HL-RAW-001,ipo_approx_v1,OOS,raw,phase3-oos-v1,random_event_position,"从同一分区的可用 (股票, as_of) 池中随机抽取与真实事件相同数量的事件（200 次置换），检验真实事件位置是否优于随机位置。",1459,0.260536,612.0,0.443061,-0.023248,-0.023248,0.447312,-0.01682,1.0,0.004975124378109453,1.0,permutation_one_sided,200.0,0.003598,True,underperform,
HYP-HL-RAW-001,ipo_approx_v1,OOS,raw,phase3-oos-v1,random_birth_assignment,在同一 as_of 内把命盘（引擎方向向量）随机置换到池内其它股票，保持每日横截面分布不变，破坏「股票↔命盘」对应关系。,1459,,,,-0.040986,-0.040986,,0.000917,0.3681592039800995,0.6368159203980099,0.3681592039800995,permutation_one_sided,200.0,0.002376,True,outperform,随机出生指派只检验『股票↔命盘对应关系』是否携带信息，不能检验「同一命盘在不同日期是否有效」；后者由随机事件位置对照承担。
HYP-HL-RAW-001,ipo_approx_v1,OOS,raw,phase3-oos-v1,random_model_direction,在每个 as_of 内保持命中数量不变，把命中位置随机重新指派给池内股票，检验「具体哪些股票命中」是否携带信息。,1459,,,,-0.041222,-0.041222,,0.001154,0.29850746268656714,0.7064676616915423,0.29850746268656714,permutation_one_sided,200.0,0.002507,True,outperform,本对照只随机化命中位置，保留每日命中数量；若真实事件集合接近整个池（如原始 BAZI_POS 正向率 96%），本对照会退化。
HYP-HL-RAW-001,ipo_approx_v1,OOS,raw,phase3-oos-v1,shifted_birth_date_minus_7d,把出生时间平移 -7 天后重新排盘、重算因子，在真实 TRAIN 冻结阈值下重新求解事件集合。,1523,0.543367,1065.0,,-0.037191,-0.037191,0.411486,-0.002877,0.65178661487262,,,welch_normal_approx,,,True,underperform,
HYP-HL-RAW-001,ipo_approx_v1,OOS,raw,phase3-oos-v1,shifted_birth_date_plus_7d,把出生时间平移 +7 天后重新排盘、重算因子，在真实 TRAIN 冻结阈值下重新求解事件集合。,1500,0.533197,1044.0,,-0.039415,-0.039415,0.410555,-0.000653,0.9210170696092246,,,welch_normal_approx,,,True,underperform,
HYP-HL-CAL-001,listing_open_v1,OOS,calibrated,phase3-oos-v1,random_event_position,"从同一分区的可用 (股票, as_of) 池中随机抽取与真实事件相同数量的事件（200 次置换），检验真实事件位置是否优于随机位置。",837,0.130348,195.0,0.254176,-0.021932,-0.021932,0.447312,-0.026008,1.0,0.004975124378109453,1.0,permutation_one_sided,200.0,0.004727,True,underperform,
HYP-HL-CAL-001,listing_open_v1,OOS,calibrated,phase3-oos-v1,random_birth_assignment,在同一 as_of 内把命盘（引擎方向向量）随机置换到池内其它股票，保持每日横截面分布不变，破坏「股票↔命盘」对应关系。,837,,,,-0.049262,-0.049262,,0.001322,0.373134328358209,0.6318407960199005,0.373134328358209,permutation_one_sided,200.0,0.003756,True,outperform,随机出生指派只检验『股票↔命盘对应关系』是否携带信息，不能检验「同一命盘在不同日期是否有效」；后者由随机事件位置对照承担。
HYP-HL-CAL-001,listing_open_v1,OOS,calibrated,phase3-oos-v1,random_model_direction,在每个 as_of 内保持命中数量不变，把命中位置随机重新指派给池内股票，检验「具体哪些股票命中」是否携带信息。,837,,,,-0.049435,-0.049435,,0.001496,0.34328358208955223,0.6616915422885572,0.34328358208955223,permutation_one_sided,200.0,0.003815,True,outperform,本对照只随机化命中位置，保留每日命中数量；若真实事件集合接近整个池（如原始 BAZI_POS 正向率 96%），本对照会退化。
HYP-HL-CAL-001,listing_open_v1,OOS,calibrated,phase3-oos-v1,shifted_birth_date_minus_7d,把出生时间平移 -7 天后重新排盘、重算因子，在真实 TRAIN 冻结阈值下重新求解事件集合。,856,0.363636,456.0,,-0.050449,-0.050449,0.365707,0.002509,0.7649116432454331,,,welch_normal_approx,,,True,outperform,
HYP-HL-CAL-001,listing_open_v1,OOS,calibrated,phase3-oos-v1,shifted_birth_date_plus_7d,把出生时间平移 +7 天后重新排盘、重算因子，在真实 TRAIN 冻结阈值下重新求解事件集合。,831,0.326772,415.0,,-0.050903,-0.050903,0.370968,0.002964,0.720278895376506,,,welch_normal_approx,,,True,outperform,
HYP-HL-CAL-001,listing_close_v1,OOS,calibrated,phase3-oos-v1,random_event_position,"从同一分区的可用 (股票, as_of) 池中随机抽取与真实事件相同数量的事件（200 次置换），检验真实事件位置是否优于随机位置。",685,0.105263,132.0,0.208017,-0.023616,-0.023616,0.447312,-0.022549,1.0,0.004975124378109453,1.0,permutation_one_sided,200.0,0.005954,True,underperform,
HYP-HL-CAL-001,listing_close_v1,OOS,calibrated,phase3-oos-v1,random_birth_assignment,在同一 as_of 内把命盘（引擎方向向量）随机置换到池内其它股票，保持每日横截面分布不变，破坏「股票↔命盘」对应关系。,685,,,,-0.052468,-0.052468,,0.006303,0.13432835820895522,0.8706467661691543,0.13432835820895522,permutation_one_sided,200.0,0.00525,True,outperform,随机出生指派只检验『股票↔命盘对应关系』是否携带信息，不能检验「同一命盘在不同日期是否有效」；后者由随机事件位置对照承担。
HYP-HL-CAL-001,listing_close_v1,OOS,calibrated,phase3-oos-v1,random_model_direction,在每个 as_of 内保持命中数量不变，把命中位置随机重新指派给池内股票，检验「具体哪些股票命中」是否携带信息。,685,,,,-0.052268,-0.052268,,0.006104,0.0945273631840796,0.9104477611940298,0.0945273631840796,permutation_one_sided,200.0,0.004568,True,outperform,本对照只随机化命中位置，保留每日命中数量；若真实事件集合接近整个池（如原始 BAZI_POS 正向率 96%），本对照会退化。
HYP-HL-CAL-001,listing_close_v1,OOS,calibrated,phase3-oos-v1,shifted_birth_date_minus_7d,把出生时间平移 -7 天后重新排盘、重算因子，在真实 TRAIN 冻结阈值下重新求解事件集合。,704,0.298521,323.0,,-0.054005,-0.054005,0.364162,0.007841,0.4402400836720974,,,welch_normal_approx,,,True,outperform,
HYP-HL-CAL-001,listing_close_v1,OOS,calibrated,phase3-oos-v1,shifted_birth_date_plus_7d,把出生时间平移 +7 天后重新排盘、重算因子，在真实 TRAIN 冻结阈值下重新求解事件集合。,690,0.285582,309.0,,-0.054458,-0.054458,0.366864,0.008294,0.4058764573707736,,,welch_normal_approx,,,True,outperform,
HYP-HL-CAL-001,ipo_approx_v1,OOS,calibrated,phase3-oos-v1,random_event_position,"从同一分区的可用 (股票, as_of) 池中随机抽取与真实事件相同数量的事件（200 次置换），检验真实事件位置是否优于随机位置。",834,0.129679,194.0,0.253265,-0.022293,-0.022293,0.447312,-0.028156,1.0,0.004975124378109453,1.0,permutation_one_sided,200.0,0.005455,True,underperform,
HYP-HL-CAL-001,ipo_approx_v1,OOS,calibrated,phase3-oos-v1,random_birth_assignment,在同一 as_of 内把命盘（引擎方向向量）随机置换到池内其它股票，保持每日横截面分布不变，破坏「股票↔命盘」对应关系。,834,,,,-0.050701,-0.050701,,0.000252,0.46766169154228854,0.5373134328358209,0.46766169154228854,permutation_one_sided,200.0,0.003526,True,outperform,随机出生指派只检验『股票↔命盘对应关系』是否携带信息，不能检验「同一命盘在不同日期是否有效」；后者由随机事件位置对照承担。
HYP-HL-CAL-001,ipo_approx_v1,OOS,calibrated,phase3-oos-v1,random_model_direction,在每个 as_of 内保持命中数量不变，把命中位置随机重新指派给池内股票，检验「具体哪些股票命中」是否携带信息。,834,,,,-0.050885,-0.050885,,0.000437,0.44776119402985076,0.5572139303482587,0.44776119402985076,permutation_one_sided,200.0,0.00381,True,outperform,本对照只随机化命中位置，保留每日命中数量；若真实事件集合接近整个池（如原始 BAZI_POS 正向率 96%），本对照会退化。
HYP-HL-CAL-001,ipo_approx_v1,OOS,calibrated,phase3-oos-v1,shifted_birth_date_minus_7d,把出生时间平移 -7 天后重新排盘、重算因子，在真实 TRAIN 冻结阈值下重新求解事件集合。,873,0.336167,435.0,,-0.045194,-0.045194,0.374269,-0.005254,0.5121875347568932,,,welch_normal_approx,,,True,underperform,
HYP-HL-CAL-001,ipo_approx_v1,OOS,calibrated,phase3-oos-v1,shifted_birth_date_plus_7d,把出生时间平移 +7 天后重新排盘、重算因子，在真实 TRAIN 冻结阈值下重新求解事件集合。,854,0.363636,456.0,,-0.047939,-0.047939,0.382318,-0.002509,0.7649116432454331,,,welch_normal_approx,,,True,underperform,
HYP-CON-BZ-ZW-RAW-001,listing_open_v1,OOS,raw,phase3-oos-v1,random_event_position,"从同一分区的可用 (股票, as_of) 池中随机抽取与真实事件相同数量的事件（200 次置换），检验真实事件位置是否优于随机位置。",731,0.11611,160.0,0.221986,-0.022554,-0.022554,0.447312,0.003889,0.23880597014925373,0.7661691542288557,0.23880597014925373,permutation_one_sided,200.0,0.005669,True,outperform,
HYP-CON-BZ-ZW-RAW-001,listing_open_v1,OOS,raw,phase3-oos-v1,random_birth_assignment,在同一 as_of 内把命盘（引擎方向向量）随机置换到池内其它股票，保持每日横截面分布不变，破坏「股票↔命盘」对应关系。,731,,,,-0.019841,-0.019841,,0.001177,0.39800995024875624,0.6069651741293532,0.39800995024875624,permutation_one_sided,200.0,0.005568,True,outperform,随机出生指派只检验『股票↔命盘对应关系』是否携带信息，不能检验「同一命盘在不同日期是否有效」；后者由随机事件位置对照承担。
HYP-CON-BZ-ZW-RAW-001,listing_open_v1,OOS,raw,phase3-oos-v1,random_model_direction,在每个 as_of 内保持命中数量不变，把命中位置随机重新指派给池内股票，检验「具体哪些股票命中」是否携带信息。,731,,,,-0.019964,-0.019964,,0.0013,0.3880597014925373,0.6169154228855721,0.3880597014925373,permutation_one_sided,200.0,0.005456,True,outperform,本对照只随机化命中位置，保留每日命中数量；若真实事件集合接近整个池（如原始 BAZI_POS 正向率 96%），本对照会退化。
HYP-CON-BZ-ZW-RAW-001,listing_open_v1,OOS,raw,phase3-oos-v1,shifted_birth_date_minus_7d,把出生时间平移 -7 天后重新排盘、重算因子，在真实 TRAIN 冻结阈值下重新求解事件集合。,934,0.22952,325.0,,-0.012994,-0.012994,0.450472,-0.00567,0.5079796695949699,,,welch_normal_approx,,,True,underperform,
HYP-CON-BZ-ZW-RAW-001,listing_open_v1,OOS,raw,phase3-oos-v1,shifted_birth_date_plus_7d,把出生时间平移 +7 天后重新排盘、重算因子，在真实 TRAIN 冻结阈值下重新求解事件集合。,849,0.196532,272.0,,-0.033504,-0.033504,0.405928,0.01484,0.09881348786506411,,,welch_normal_approx,,,True,outperform,
HYP-CON-BZ-ZW-RAW-001,listing_close_v1,OOS,raw,phase3-oos-v1,random_event_position,"从同一分区的可用 (股票, as_of) 池中随机抽取与真实事件相同数量的事件（200 次置换），检验真实事件位置是否优于随机位置。",906,0.144317,240.0,0.275129,-0.02318,-0.02318,0.447312,0.002193,0.31840796019900497,0.6865671641791045,0.31840796019900497,permutation_one_sided,200.0,0.005397,True,outperform,
HYP-CON-BZ-ZW-RAW-001,listing_close_v1,OOS,raw,phase3-oos-v1,random_birth_assignment,在同一 as_of 内把命盘（引擎方向向量）随机置换到池内其它股票，保持每日横截面分布不变，破坏「股票↔命盘」对应关系。,906,,,,-0.022266,-0.022266,,0.001279,0.3781094527363184,0.6268656716417911,0.3781094527363184,permutation_one_sided,200.0,0.005023,True,outperform,随机出生指派只检验『股票↔命盘对应关系』是否携带信息，不能检验「同一命盘在不同日期是否有效」；后者由随机事件位置对照承担。
HYP-CON-BZ-ZW-RAW-001,listing_close_v1,OOS,raw,phase3-oos-v1,random_model_direction,在每个 as_of 内保持命中数量不变，把命中位置随机重新指派给池内股票，检验「具体哪些股票命中」是否携带信息。,906,,,,-0.021988,-0.021988,,0.001001,0.373134328358209,0.6318407960199005,0.373134328358209,permutation_one_sided,200.0,0.004604,True,outperform,本对照只随机化命中位置，保留每日命中数量；若真实事件集合接近整个池（如原始 BAZI_POS 正向率 96%），本对照会退化。
HYP-CON-BZ-ZW-RAW-001,listing_close_v1,OOS,raw,phase3-oos-v1,shifted_birth_date_minus_7d,把出生时间平移 -7 天后重新排盘、重算因子，在真实 TRAIN 冻结阈值下重新求解事件集合。,1002,0.237771,384.0,,-0.0177,-0.0177,0.461032,-0.003287,0.6825108159681063,,,welch_normal_approx,,,True,underperform,
HYP-CON-BZ-ZW-RAW-001,listing_close_v1,OOS,raw,phase3-oos-v1,shifted_birth_date_plus_7d,把出生时间平移 +7 天后重新排盘、重算因子，在真实 TRAIN 冻结阈值下重新求解事件集合。,1005,0.2458,395.0,,-0.02068,-0.02068,0.444079,-0.000307,0.9687759663761996,,,welch_normal_approx,,,True,underperform,
HYP-CON-BZ-ZW-RAW-001,ipo_approx_v1,OOS,raw,phase3-oos-v1,random_event_position,"从同一分区的可用 (股票, as_of) 池中随机抽取与真实事件相同数量的事件（200 次置换），检验真实事件位置是否优于随机位置。",848,0.143774,224.0,0.257516,-0.02317,-0.02317,0.447312,0.010176,0.03482587064676617,0.9701492537313433,0.03482587064676617,permutation_one_sided,200.0,0.005271,True,outperform,
HYP-CON-BZ-ZW-RAW-001,ipo_approx_v1,OOS,raw,phase3-oos-v1,random_birth_assignment,在同一 as_of 内把命盘（引擎方向向量）随机置换到池内其它股票，保持每日横截面分布不变，破坏「股票↔命盘」对应关系。,848,,,,-0.017654,-0.017654,,0.00466,0.19402985074626866,0.8109452736318408,0.19402985074626866,permutation_one_sided,200.0,0.005028,True,outperform,随机出生指派只检验『股票↔命盘对应关系』是否携带信息，不能检验「同一命盘在不同日期是否有效」；后者由随机事件位置对照承担。
HYP-CON-BZ-ZW-RAW-001,ipo_approx_v1,OOS,raw,phase3-oos-v1,random_model_direction,在每个 as_of 内保持命中数量不变，把命中位置随机重新指派给池内股票，检验「具体哪些股票命中」是否携带信息。,848,,,,-0.017576,-0.017576,,0.004582,0.1791044776119403,0.8258706467661692,0.1791044776119403,permutation_one_sided,200.0,0.004795,True,outperform,本对照只随机化命中位置，保留每日命中数量；若真实事件集合接近整个池（如原始 BAZI_POS 正向率 96%），本对照会退化。
HYP-CON-BZ-ZW-RAW-001,ipo_approx_v1,OOS,raw,phase3-oos-v1,shifted_birth_date_minus_7d,把出生时间平移 -7 天后重新排盘、重算因子，在真实 TRAIN 冻结阈值下重新求解事件集合。,859,0.210668,312.0,,-0.02211,-0.02211,0.466069,0.009115,0.3091209858468272,,,welch_normal_approx,,,True,outperform,
HYP-CON-BZ-ZW-RAW-001,ipo_approx_v1,OOS,raw,phase3-oos-v1,shifted_birth_date_plus_7d,把出生时间平移 +7 天后重新排盘、重算因子，在真实 TRAIN 冻结阈值下重新求解事件集合。,807,0.22952,325.0,,-0.018664,-0.018664,0.452804,0.00567,0.5079796695949699,,,welch_normal_approx,,,True,outperform,
HYP-CON-BZ-ZW-CAL-001,listing_open_v1,OOS,calibrated,phase3-oos-v1,random_event_position,"从同一分区的可用 (股票, as_of) 池中随机抽取与真实事件相同数量的事件（200 次置换），检验真实事件位置是否优于随机位置。",175,0.033994,12.0,0.053143,-0.022209,-0.022209,0.447312,-0.0121,0.8308457711442786,0.17412935323383086,0.8308457711442786,permutation_one_sided,200.0,0.012933,True,underperform,
HYP-CON-BZ-ZW-CAL-001,listing_open_v1,OOS,calibrated,phase3-oos-v1,random_birth_assignment,在同一 as_of 内把命盘（引擎方向向量）随机置换到池内其它股票，保持每日横截面分布不变，破坏「股票↔命盘」对应关系。,175,,,,-0.027746,-0.027746,,-0.006563,0.7114427860696517,0.2935323383084577,0.7114427860696517,permutation_one_sided,200.0,0.012129,True,underperform,随机出生指派只检验『股票↔命盘对应关系』是否携带信息，不能检验「同一命盘在不同日期是否有效」；后者由随机事件位置对照承担。
HYP-CON-BZ-ZW-CAL-001,listing_open_v1,OOS,calibrated,phase3-oos-v1,random_model_direction,在每个 as_of 内保持命中数量不变，把命中位置随机重新指派给池内股票，检验「具体哪些股票命中」是否携带信息。,175,,,,-0.028273,-0.028273,,-0.006036,0.6965174129353234,0.30845771144278605,0.6965174129353234,permutation_one_sided,200.0,0.011925,True,underperform,本对照只随机化命中位置，保留每日命中数量；若真实事件集合接近整个池（如原始 BAZI_POS 正向率 96%），本对照会退化。
HYP-CON-BZ-ZW-CAL-001,listing_open_v1,OOS,calibrated,phase3-oos-v1,shifted_birth_date_minus_7d,把出生时间平移 -7 天后重新排盘、重算因子，在真实 TRAIN 冻结阈值下重新求解事件集合。,219,0.043367,17.0,,0.009601,0.009601,0.5,-0.04391,0.012564472047092897,,,welch_normal_approx,,,True,underperform,
HYP-CON-BZ-ZW-CAL-001,listing_open_v1,OOS,calibrated,phase3-oos-v1,shifted_birth_date_plus_7d,把出生时间平移 +7 天后重新排盘、重算因子，在真实 TRAIN 冻结阈值下重新求解事件集合。,214,0.030612,12.0,,-0.029333,-0.029333,0.447917,-0.004976,0.7866280803349187,,,welch_normal_approx,,,True,underperform,
HYP-CON-BZ-ZW-CAL-001,listing_close_v1,OOS,calibrated,phase3-oos-v1,random_event_position,"从同一分区的可用 (股票, as_of) 池中随机抽取与真实事件相同数量的事件（200 次置换），检验真实事件位置是否优于随机位置。",166,0.029586,10.0,0.05041,-0.022776,-0.022776,0.447312,0.001231,0.4626865671641791,0.5422885572139303,0.4626865671641791,permutation_one_sided,200.0,0.013413,True,outperform,
HYP-CON-BZ-ZW-CAL-001,listing_close_v1,OOS,calibrated,phase3-oos-v1,random_birth_assignment,在同一 as_of 内把命盘（引擎方向向量）随机置换到池内其它股票，保持每日横截面分布不变，破坏「股票↔命盘」对应关系。,166,,,,-0.018421,-0.018421,,-0.003124,0.5621890547263682,0.4427860696517413,0.5621890547263682,permutation_one_sided,200.0,0.013851,True,underperform,随机出生指派只检验『股票↔命盘对应关系』是否携带信息，不能检验「同一命盘在不同日期是否有效」；后者由随机事件位置对照承担。
HYP-CON-BZ-ZW-CAL-001,listing_close_v1,OOS,calibrated,phase3-oos-v1,random_model_direction,在每个 as_of 内保持命中数量不变，把命中位置随机重新指派给池内股票，检验「具体哪些股票命中」是否携带信息。,166,,,,-0.016662,-0.016662,,-0.004883,0.6368159203980099,0.3681592039800995,0.6368159203980099,permutation_one_sided,200.0,0.01413,True,underperform,本对照只随机化命中位置，保留每日命中数量；若真实事件集合接近整个池（如原始 BAZI_POS 正向率 96%），本对照会退化。
HYP-CON-BZ-ZW-CAL-001,listing_close_v1,OOS,calibrated,phase3-oos-v1,shifted_birth_date_minus_7d,把出生时间平移 -7 天后重新排盘、重算因子，在真实 TRAIN 冻结阈值下重新求解事件集合。,181,0.03125,11.0,,-0.017833,-0.017833,0.5125,-0.003712,0.8622445041996278,,,welch_normal_approx,,,True,underperform,
HYP-CON-BZ-ZW-CAL-001,listing_close_v1,OOS,calibrated,phase3-oos-v1,shifted_birth_date_plus_7d,把出生时间平移 +7 天后重新排盘、重算因子，在真实 TRAIN 冻结阈值下重新求解事件集合。,201,0.049315,18.0,,-0.038874,-0.038874,0.418478,0.017329,0.35071451899500766,,,welch_normal_approx,,,True,outperform,
HYP-CON-BZ-ZW-CAL-001,ipo_approx_v1,OOS,calibrated,phase3-oos-v1,random_event_position,"从同一分区的可用 (股票, as_of) 池中随机抽取与真实事件相同数量的事件（200 次置换），检验真实事件位置是否优于随机位置。",169,0.016854,6.0,0.051321,-0.024815,-0.024815,0.447312,0.034429,0.004975124378109453,1.0,0.004975124378109453,permutation_one_sided,200.0,0.013789,True,outperform,
HYP-CON-BZ-ZW-CAL-001,ipo_approx_v1,OOS,calibrated,phase3-oos-v1,random_birth_assignment,在同一 as_of 内把命盘（引擎方向向量）随机置换到池内其它股票，保持每日横截面分布不变，破坏「股票↔命盘」对应关系。,169,,,,-0.017894,-0.017894,,0.027508,0.009950248756218905,0.9950248756218906,0.009950248756218905,permutation_one_sided,200.0,0.011861,True,outperform,随机出生指派只检验『股票↔命盘对应关系』是否携带信息，不能检验「同一命盘在不同日期是否有效」；后者由随机事件位置对照承担。
HYP-CON-BZ-ZW-CAL-001,ipo_approx_v1,OOS,calibrated,phase3-oos-v1,random_model_direction,在每个 as_of 内保持命中数量不变，把命中位置随机重新指派给池内股票，检验「具体哪些股票命中」是否携带信息。,169,,,,-0.01923,-0.01923,,0.028844,0.01990049751243781,0.9850746268656716,0.01990049751243781,permutation_one_sided,200.0,0.012502,True,outperform,本对照只随机化命中位置，保留每日命中数量；若真实事件集合接近整个池（如原始 BAZI_POS 正向率 96%），本对照会退化。
HYP-CON-BZ-ZW-CAL-001,ipo_approx_v1,OOS,calibrated,phase3-oos-v1,shifted_birth_date_minus_7d,把出生时间平移 -7 天后重新排盘、重算因子，在真实 TRAIN 冻结阈值下重新求解事件集合。,220,0.024814,10.0,,-0.028629,-0.028629,0.462312,0.038243,0.04560097209373287,,,welch_normal_approx,,,True,outperform,
HYP-CON-BZ-ZW-CAL-001,ipo_approx_v1,OOS,calibrated,phase3-oos-v1,shifted_birth_date_plus_7d,把出生时间平移 +7 天后重新排盘、重算因子，在真实 TRAIN 冻结阈值下重新求解事件集合。,170,0.043103,15.0,,-0.03657,-0.03657,0.410256,0.046184,0.01755998408737107,,,welch_normal_approx,,,True,outperform,
HYP-CON-BZ-HL-RAW-001,listing_open_v1,OOS,raw,phase3-oos-v1,random_event_position,"从同一分区的可用 (股票, as_of) 池中随机抽取与真实事件相同数量的事件（200 次置换），检验真实事件位置是否优于随机位置。",1407,0.251865,574.0,0.42727,-0.023092,-0.023092,0.447312,-0.014584,1.0,0.004975124378109453,1.0,permutation_one_sided,200.0,0.003742,True,underperform,
HYP-CON-BZ-HL-RAW-001,listing_open_v1,OOS,raw,phase3-oos-v1,random_birth_assignment,在同一 as_of 内把命盘（引擎方向向量）随机置换到池内其它股票，保持每日横截面分布不变，破坏「股票↔命盘」对应关系。,1407,,,,-0.039,-0.039,,0.001324,0.3034825870646766,0.7014925373134329,0.3034825870646766,permutation_one_sided,200.0,0.002545,True,outperform,随机出生指派只检验『股票↔命盘对应关系』是否携带信息，不能检验「同一命盘在不同日期是否有效」；后者由随机事件位置对照承担。
HYP-CON-BZ-HL-RAW-001,listing_open_v1,OOS,raw,phase3-oos-v1,random_model_direction,在每个 as_of 内保持命中数量不变，把命中位置随机重新指派给池内股票，检验「具体哪些股票命中」是否携带信息。,1407,,,,-0.039204,-0.039204,,0.001527,0.3283582089552239,0.6766169154228856,0.3283582089552239,permutation_one_sided,200.0,0.002787,True,outperform,本对照只随机化命中位置，保留每日命中数量；若真实事件集合接近整个池（如原始 BAZI_POS 正向率 96%），本对照会退化。
HYP-CON-BZ-HL-RAW-001,listing_open_v1,OOS,raw,phase3-oos-v1,shifted_birth_date_minus_7d,把出生时间平移 -7 天后重新排盘、重算因子，在真实 TRAIN 冻结阈值下重新求解事件集合。,1441,0.494306,955.0,,-0.037039,-0.037039,0.398426,-0.000637,0.9238206677268876,,,welch_normal_approx,,,True,underperform,
HYP-CON-BZ-HL-RAW-001,listing_open_v1,OOS,raw,phase3-oos-v1,shifted_birth_date_plus_7d,把出生时间平移 +7 天后重新排盘、重算因子，在真实 TRAIN 冻结阈值下重新求解事件集合。,1422,0.461029,905.0,,-0.040839,-0.040839,0.401747,0.003163,0.6345304839870196,,,welch_normal_approx,,,True,outperform,
HYP-CON-BZ-HL-RAW-001,listing_close_v1,OOS,raw,phase3-oos-v1,random_event_position,"从同一分区的可用 (股票, as_of) 池中随机抽取与真实事件相同数量的事件（200 次置换），检验真实事件位置是否优于随机位置。",1415,0.244685,564.0,0.429699,-0.022721,-0.022721,0.447312,-0.018282,1.0,0.004975124378109453,1.0,permutation_one_sided,200.0,0.003656,True,underperform,
HYP-CON-BZ-HL-RAW-001,listing_close_v1,OOS,raw,phase3-oos-v1,random_birth_assignment,在同一 as_of 内把命盘（引擎方向向量）随机置换到池内其它股票，保持每日横截面分布不变，破坏「股票↔命盘」对应关系。,1415,,,,-0.040337,-0.040337,,-0.000666,0.6069651741293532,0.39800995024875624,0.6069651741293532,permutation_one_sided,200.0,0.002783,True,underperform,随机出生指派只检验『股票↔命盘对应关系』是否携带信息，不能检验「同一命盘在不同日期是否有效」；后者由随机事件位置对照承担。
HYP-CON-BZ-HL-RAW-001,listing_close_v1,OOS,raw,phase3-oos-v1,random_model_direction,在每个 as_of 内保持命中数量不变，把命中位置随机重新指派给池内股票，检验「具体哪些股票命中」是否携带信息。,1415,,,,-0.040216,-0.040216,,-0.000787,0.6218905472636815,0.38308457711442784,0.6218905472636815,permutation_one_sided,200.0,0.002506,True,underperform,本对照只随机化命中位置，保留每日命中数量；若真实事件集合接近整个池（如原始 BAZI_POS 正向率 96%），本对照会退化。
HYP-CON-BZ-HL-RAW-001,listing_close_v1,OOS,raw,phase3-oos-v1,shifted_birth_date_minus_7d,把出生时间平移 -7 天后重新排盘、重算因子，在真实 TRAIN 冻结阈值下重新求解事件集合。,1466,0.450571,907.0,,-0.041109,-0.041109,0.408106,0.000107,0.9877039684177777,,,welch_normal_approx,,,True,outperform,
HYP-CON-BZ-HL-RAW-001,listing_close_v1,OOS,raw,phase3-oos-v1,shifted_birth_date_plus_7d,把出生时间平移 +7 天后重新排盘、重算因子，在真实 TRAIN 冻结阈值下重新求解事件集合。,1475,0.439312,894.0,,-0.043967,-0.043967,0.409438,0.002965,0.676466156275308,,,welch_normal_approx,,,True,outperform,
HYP-CON-BZ-HL-RAW-001,ipo_approx_v1,OOS,raw,phase3-oos-v1,random_event_position,"从同一分区的可用 (股票, as_of) 池中随机抽取与真实事件相同数量的事件（200 次置换），检验真实事件位置是否优于随机位置。",1398,0.247364,563.0,0.424537,-0.023206,-0.023206,0.447312,-0.013833,1.0,0.004975124378109453,1.0,permutation_one_sided,200.0,0.003469,True,underperform,
HYP-CON-BZ-HL-RAW-001,ipo_approx_v1,OOS,raw,phase3-oos-v1,random_birth_assignment,在同一 as_of 内把命盘（引擎方向向量）随机置换到池内其它股票，保持每日横截面分布不变，破坏「股票↔命盘」对应关系。,1398,,,,-0.039664,-0.039664,,0.002625,0.14925373134328357,0.8557213930348259,0.14925373134328357,permutation_one_sided,200.0,0.002747,True,outperform,随机出生指派只检验『股票↔命盘对应关系』是否携带信息，不能检验「同一命盘在不同日期是否有效」；后者由随机事件位置对照承担。
HYP-CON-BZ-HL-RAW-001,ipo_approx_v1,OOS,raw,phase3-oos-v1,random_model_direction,在每个 as_of 内保持命中数量不变，把命中位置随机重新指派给池内股票，检验「具体哪些股票命中」是否携带信息。,1398,,,,-0.039694,-0.039694,,0.002655,0.15422885572139303,0.8507462686567164,0.15422885572139303,permutation_one_sided,200.0,0.002604,True,outperform,本对照只随机化命中位置，保留每日命中数量；若真实事件集合接近整个池（如原始 BAZI_POS 正向率 96%），本对照会退化。
HYP-CON-BZ-HL-RAW-001,ipo_approx_v1,OOS,raw,phase3-oos-v1,shifted_birth_date_minus_7d,把出生时间平移 -7 天后重新排盘、重算因子，在真实 TRAIN 冻结阈值下重新求解事件集合。,1465,0.500258,969.0,,-0.037646,-0.037646,0.410401,0.000606,0.9252216133259609,,,welch_normal_approx,,,True,outperform,
HYP-CON-BZ-HL-RAW-001,ipo_approx_v1,OOS,raw,phase3-oos-v1,shifted_birth_date_plus_7d,把出生时间平移 +7 天后重新排盘、重算因子，在真实 TRAIN 冻结阈值下重新求解事件集合。,1446,0.494306,955.0,,-0.037677,-0.037677,0.412935,0.000637,0.9238206677268876,,,welch_normal_approx,,,True,outperform,
HYP-CON-BZ-HL-CAL-001,listing_open_v1,OOS,calibrated,phase3-oos-v1,random_event_position,"从同一分区的可用 (股票, as_of) 池中随机抽取与真实事件相同数量的事件（200 次置换），检验真实事件位置是否优于随机位置。",279,0.046382,25.0,0.084725,-0.023156,-0.023156,0.447312,-0.022396,0.9900497512437811,0.014925373134328358,0.9900497512437811,permutation_one_sided,200.0,0.010432,True,underperform,
HYP-CON-BZ-HL-CAL-001,listing_open_v1,OOS,calibrated,phase3-oos-v1,random_birth_assignment,在同一 as_of 内把命盘（引擎方向向量）随机置换到池内其它股票，保持每日横截面分布不变，破坏「股票↔命盘」对应关系。,279,,,,-0.042867,-0.042867,,-0.002686,0.6616915422885572,0.34328358208955223,0.6616915422885572,permutation_one_sided,200.0,0.007386,True,underperform,随机出生指派只检验『股票↔命盘对应关系』是否携带信息，不能检验「同一命盘在不同日期是否有效」；后者由随机事件位置对照承担。
HYP-CON-BZ-HL-CAL-001,listing_open_v1,OOS,calibrated,phase3-oos-v1,random_model_direction,在每个 as_of 内保持命中数量不变，把命中位置随机重新指派给池内股票，检验「具体哪些股票命中」是否携带信息。,279,,,,-0.043581,-0.043581,,-0.001972,0.5870646766169154,0.417910447761194,0.5870646766169154,permutation_one_sided,200.0,0.007592,True,underperform,本对照只随机化命中位置，保留每日命中数量；若真实事件集合接近整个池（如原始 BAZI_POS 正向率 96%），本对照会退化。
HYP-CON-BZ-HL-CAL-001,listing_open_v1,OOS,calibrated,phase3-oos-v1,shifted_birth_date_minus_7d,把出生时间平移 -7 天后重新排盘、重算因子，在真实 TRAIN 冻结阈值下重新求解事件集合。,286,0.09387,49.0,,-0.035424,-0.035424,0.405018,-0.010128,0.4828958284538155,,,welch_normal_approx,,,True,underperform,
HYP-CON-BZ-HL-CAL-001,listing_open_v1,OOS,calibrated,phase3-oos-v1,shifted_birth_date_plus_7d,把出生时间平移 +7 天后重新排盘、重算因子，在真实 TRAIN 冻结阈值下重新求解事件集合。,291,0.099237,52.0,,-0.057939,-0.057939,0.393728,0.012386,0.381546260587309,,,welch_normal_approx,,,True,outperform,
HYP-CON-BZ-HL-CAL-001,listing_close_v1,OOS,calibrated,phase3-oos-v1,random_event_position,"从同一分区的可用 (股票, as_of) 池中随机抽取与真实事件相同数量的事件（200 次置换），检验真实事件位置是否优于随机位置。",251,0.024194,12.0,0.076222,-0.022003,-0.022003,0.447312,-0.020068,0.9751243781094527,0.029850746268656716,0.9751243781094527,permutation_one_sided,200.0,0.010064,True,underperform,
HYP-CON-BZ-HL-CAL-001,listing_close_v1,OOS,calibrated,phase3-oos-v1,random_birth_assignment,在同一 as_of 内把命盘（引擎方向向量）随机置换到池内其它股票，保持每日横截面分布不变，破坏「股票↔命盘」对应关系。,251,,,,-0.048995,-0.048995,,0.006924,0.24378109452736318,0.7611940298507462,0.24378109452736318,permutation_one_sided,200.0,0.01,True,outperform,随机出生指派只检验『股票↔命盘对应关系』是否携带信息，不能检验「同一命盘在不同日期是否有效」；后者由随机事件位置对照承担。
HYP-CON-BZ-HL-CAL-001,listing_close_v1,OOS,calibrated,phase3-oos-v1,random_model_direction,在每个 as_of 内保持命中数量不变，把命中位置随机重新指派给池内股票，检验「具体哪些股票命中」是否携带信息。,251,,,,-0.049391,-0.049391,,0.00732,0.22388059701492538,0.7810945273631841,0.22388059701492538,permutation_one_sided,200.0,0.010987,True,outperform,本对照只随机化命中位置，保留每日命中数量；若真实事件集合接近整个池（如原始 BAZI_POS 正向率 96%），本对照会退化。
HYP-CON-BZ-HL-CAL-001,listing_close_v1,OOS,calibrated,phase3-oos-v1,shifted_birth_date_minus_7d,把出生时间平移 -7 天后重新排盘、重算因子，在真实 TRAIN 冻结阈值下重新求解事件集合。,237,0.085714,39.0,,-0.047945,-0.047945,0.372881,0.005874,0.7343091859569153,,,welch_normal_approx,,,True,outperform,
HYP-CON-BZ-HL-CAL-001,listing_close_v1,OOS,calibrated,phase3-oos-v1,shifted_birth_date_plus_7d,把出生时间平移 +7 天后重新排盘、重算因子，在真实 TRAIN 冻结阈值下重新求解事件集合。,230,0.082222,37.0,,-0.055794,-0.055794,0.386667,0.013724,0.4276046927164148,,,welch_normal_approx,,,True,outperform,
HYP-CON-BZ-HL-CAL-001,ipo_approx_v1,OOS,calibrated,phase3-oos-v1,random_event_position,"从同一分区的可用 (股票, as_of) 池中随机抽取与真实事件相同数量的事件（200 次置换），检验真实事件位置是否优于随机位置。",277,0.044693,24.0,0.084118,-0.024165,-0.024165,0.447312,-0.010005,0.8208955223880597,0.18407960199004975,0.8208955223880597,permutation_one_sided,200.0,0.011363,True,underperform,
HYP-CON-BZ-HL-CAL-001,ipo_approx_v1,OOS,calibrated,phase3-oos-v1,random_birth_assignment,在同一 as_of 内把命盘（引擎方向向量）随机置换到池内其它股票，保持每日横截面分布不变，破坏「股票↔命盘」对应关系。,277,,,,-0.045515,-0.045515,,0.011345,0.08955223880597014,0.9154228855721394,0.08955223880597014,permutation_one_sided,200.0,0.008041,True,outperform,随机出生指派只检验『股票↔命盘对应关系』是否携带信息，不能检验「同一命盘在不同日期是否有效」；后者由随机事件位置对照承担。
HYP-CON-BZ-HL-CAL-001,ipo_approx_v1,OOS,calibrated,phase3-oos-v1,random_model_direction,在每个 as_of 内保持命中数量不变，把命中位置随机重新指派给池内股票，检验「具体哪些股票命中」是否携带信息。,277,,,,-0.047176,-0.047176,,0.013006,0.07960199004975124,0.9253731343283582,0.07960199004975124,permutation_one_sided,200.0,0.008611,True,outperform,本对照只随机化命中位置，保留每日命中数量；若真实事件集合接近整个池（如原始 BAZI_POS 正向率 96%），本对照会退化。
HYP-CON-BZ-HL-CAL-001,ipo_approx_v1,OOS,calibrated,phase3-oos-v1,shifted_birth_date_minus_7d,把出生时间平移 -7 天后重新排盘、重算因子，在真实 TRAIN 冻结阈值下重新求解事件集合。,308,0.064748,36.0,,-0.045566,-0.045566,0.390728,0.011395,0.4104994814195345,,,welch_normal_approx,,,True,outperform,
HYP-CON-BZ-HL-CAL-001,ipo_approx_v1,OOS,calibrated,phase3-oos-v1,shifted_birth_date_plus_7d,把出生时间平移 +7 天后重新排盘、重算因子，在真实 TRAIN 冻结阈值下重新求解事件集合。,280,0.093023,48.0,,-0.047431,-0.047431,0.390511,0.01326,0.360725227098675,,,welch_normal_approx,,,True,outperform,
HYP-CON-ZW-HL-RAW-001,listing_open_v1,OOS,raw,phase3-oos-v1,random_event_position,"从同一分区的可用 (股票, as_of) 池中随机抽取与真实事件相同数量的事件（200 次置换），检验真实事件位置是否优于随机位置。",328,0.061905,39.0,0.099605,-0.021471,-0.021471,0.447312,-0.010524,0.8805970149253731,0.12437810945273632,0.8805970149253731,permutation_one_sided,200.0,0.008867,True,underperform,
HYP-CON-ZW-HL-RAW-001,listing_open_v1,OOS,raw,phase3-oos-v1,random_birth_assignment,在同一 as_of 内把命盘（引擎方向向量）随机置换到池内其它股票，保持每日横截面分布不变，破坏「股票↔命盘」对应关系。,328,,,,-0.036627,-0.036627,,0.004632,0.30845771144278605,0.6965174129353234,0.30845771144278605,permutation_one_sided,200.0,0.008832,True,outperform,随机出生指派只检验『股票↔命盘对应关系』是否携带信息，不能检验「同一命盘在不同日期是否有效」；后者由随机事件位置对照承担。
HYP-CON-ZW-HL-RAW-001,listing_open_v1,OOS,raw,phase3-oos-v1,random_model_direction,在每个 as_of 内保持命中数量不变，把命中位置随机重新指派给池内股票，检验「具体哪些股票命中」是否携带信息。,328,,,,-0.037569,-0.037569,,0.005575,0.22885572139303484,0.7761194029850746,0.22885572139303484,permutation_one_sided,200.0,0.008419,True,outperform,本对照只随机化命中位置，保留每日命中数量；若真实事件集合接近整个池（如原始 BAZI_POS 正向率 96%），本对照会退化。
HYP-CON-ZW-HL-RAW-001,listing_open_v1,OOS,raw,phase3-oos-v1,shifted_birth_date_minus_7d,把出生时间平移 -7 天后重新排盘、重算因子，在真实 TRAIN 冻结阈值下重新求解事件集合。,419,0.160305,105.0,,-0.026396,-0.026396,0.428218,-0.005599,0.6711213428436373,,,welch_normal_approx,,,True,underperform,
HYP-CON-ZW-HL-RAW-001,listing_open_v1,OOS,raw,phase3-oos-v1,shifted_birth_date_plus_7d,把出生时间平移 +7 天后重新排盘、重算因子，在真实 TRAIN 冻结阈值下重新求解事件集合。,398,0.128244,84.0,,-0.043473,-0.043473,0.374346,0.011479,0.3635709580209158,,,welch_normal_approx,,,True,outperform,
HYP-CON-ZW-HL-RAW-001,listing_close_v1,OOS,raw,phase3-oos-v1,random_event_position,"从同一分区的可用 (股票, as_of) 池中随机抽取与真实事件相同数量的事件（200 次置换），检验真实事件位置是否优于随机位置。",440,0.069461,58.0,0.133617,-0.022738,-0.022738,0.447312,-0.018814,0.9850746268656716,0.01990049751243781,0.9850746268656716,permutation_one_sided,200.0,0.007924,True,underperform,
HYP-CON-ZW-HL-RAW-001,listing_close_v1,OOS,raw,phase3-oos-v1,random_birth_assignment,在同一 as_of 内把命盘（引擎方向向量）随机置换到池内其它股票，保持每日横截面分布不变，破坏「股票↔命盘」对应关系。,440,,,,-0.03925,-0.03925,,-0.002302,0.6069651741293532,0.39800995024875624,0.6069651741293532,permutation_one_sided,200.0,0.00794,True,underperform,随机出生指派只检验『股票↔命盘对应关系』是否携带信息，不能检验「同一命盘在不同日期是否有效」；后者由随机事件位置对照承担。
HYP-CON-ZW-HL-RAW-001,listing_close_v1,OOS,raw,phase3-oos-v1,random_model_direction,在每个 as_of 内保持命中数量不变，把命中位置随机重新指派给池内股票，检验「具体哪些股票命中」是否携带信息。,440,,,,-0.039043,-0.039043,,-0.00251,0.6766169154228856,0.3283582089552239,0.6766169154228856,permutation_one_sided,200.0,0.007068,True,underperform,本对照只随机化命中位置，保留每日命中数量；若真实事件集合接近整个池（如原始 BAZI_POS 正向率 96%），本对照会退化。
HYP-CON-ZW-HL-RAW-001,listing_close_v1,OOS,raw,phase3-oos-v1,shifted_birth_date_minus_7d,把出生时间平移 -7 天后重新排盘、重算因子，在真实 TRAIN 冻结阈值下重新求解事件集合。,448,0.12766,102.0,,-0.032442,-0.032442,0.43908,-0.009111,0.42444793997567065,,,welch_normal_approx,,,True,underperform,
HYP-CON-ZW-HL-RAW-001,listing_close_v1,OOS,raw,phase3-oos-v1,shifted_birth_date_plus_7d,把出生时间平移 +7 天后重新排盘、重算因子，在真实 TRAIN 冻结阈值下重新求解事件集合。,463,0.150754,120.0,,-0.044234,-0.044234,0.420935,0.002681,0.8198004460129837,,,welch_normal_approx,,,True,outperform,
HYP-CON-ZW-HL-RAW-001,ipo_approx_v1,OOS,raw,phase3-oos-v1,random_event_position,"从同一分区的可用 (股票, as_of) 池中随机抽取与真实事件相同数量的事件（200 次置换），检验真实事件位置是否优于随机位置。",404,0.057841,45.0,0.122684,-0.022254,-0.022254,0.447312,-0.004142,0.7313432835820896,0.2736318407960199,0.7313432835820896,permutation_one_sided,200.0,0.008404,True,underperform,
HYP-CON-ZW-HL-RAW-001,ipo_approx_v1,OOS,raw,phase3-oos-v1,random_birth_assignment,在同一 as_of 内把命盘（引擎方向向量）随机置换到池内其它股票，保持每日横截面分布不变，破坏「股票↔命盘」对应关系。,404,,,,-0.035132,-0.035132,,0.008737,0.12437810945273632,0.8805970149253731,0.12437810945273632,permutation_one_sided,200.0,0.007615,True,outperform,随机出生指派只检验『股票↔命盘对应关系』是否携带信息，不能检验「同一命盘在不同日期是否有效」；后者由随机事件位置对照承担。
HYP-CON-ZW-HL-RAW-001,ipo_approx_v1,OOS,raw,phase3-oos-v1,random_model_direction,在每个 as_of 内保持命中数量不变，把命中位置随机重新指派给池内股票，检验「具体哪些股票命中」是否携带信息。,404,,,,-0.035573,-0.035573,,0.009177,0.11442786069651742,0.8905472636815921,0.11442786069651742,permutation_one_sided,200.0,0.007445,True,outperform,本对照只随机化命中位置，保留每日命中数量；若真实事件集合接近整个池（如原始 BAZI_POS 正向率 96%），本对照会退化。
HYP-CON-ZW-HL-RAW-001,ipo_approx_v1,OOS,raw,phase3-oos-v1,shifted_birth_date_minus_7d,把出生时间平移 -7 天后重新排盘、重算因子，在真实 TRAIN 冻结阈值下重新求解事件集合。,379,0.146552,102.0,,-0.027459,-0.027459,0.432065,0.001063,0.9327226899597144,,,welch_normal_approx,,,True,outperform,
HYP-CON-ZW-HL-RAW-001,ipo_approx_v1,OOS,raw,phase3-oos-v1,shifted_birth_date_plus_7d,把出生时间平移 +7 天后重新排盘、重算因子，在真实 TRAIN 冻结阈值下重新求解事件集合。,341,0.160305,105.0,,-0.031995,-0.031995,0.420732,0.005599,0.6711213428436373,,,welch_normal_approx,,,True,outperform,
HYP-CON-ZW-HL-CAL-001,listing_open_v1,OOS,calibrated,phase3-oos-v1,random_event_position,"从同一分区的可用 (股票, as_of) 池中随机抽取与真实事件相同数量的事件（200 次置换），检验真实事件位置是否优于随机位置。",172,0.017391,6.0,0.052232,-0.022469,-0.022469,0.447312,-0.02035,0.9253731343283582,0.07960199004975124,0.9253731343283582,permutation_one_sided,200.0,0.013538,True,underperform,
HYP-CON-ZW-HL-CAL-001,listing_open_v1,OOS,calibrated,phase3-oos-v1,random_birth_assignment,在同一 as_of 内把命盘（引擎方向向量）随机置换到池内其它股票，保持每日横截面分布不变，破坏「股票↔命盘」对应关系。,172,,,,-0.044969,-0.044969,,0.002149,0.40298507462686567,0.6019900497512438,0.40298507462686567,permutation_one_sided,200.0,0.010524,True,outperform,随机出生指派只检验『股票↔命盘对应关系』是否携带信息，不能检验「同一命盘在不同日期是否有效」；后者由随机事件位置对照承担。
HYP-CON-ZW-HL-CAL-001,listing_open_v1,OOS,calibrated,phase3-oos-v1,random_model_direction,在每个 as_of 内保持命中数量不变，把命中位置随机重新指派给池内股票，检验「具体哪些股票命中」是否携带信息。,172,,,,-0.044399,-0.044399,,0.001579,0.44776119402985076,0.5572139303482587,0.44776119402985076,permutation_one_sided,200.0,0.010776,True,outperform,本对照只随机化命中位置，保留每日命中数量；若真实事件集合接近整个池（如原始 BAZI_POS 正向率 96%），本对照会退化。
HYP-CON-ZW-HL-CAL-001,listing_open_v1,OOS,calibrated,phase3-oos-v1,shifted_birth_date_minus_7d,把出生时间平移 -7 天后重新排盘、重算因子，在真实 TRAIN 冻结阈值下重新求解事件集合。,224,0.10411,38.0,,-0.049747,-0.049747,0.407407,0.006927,0.7061842516227408,,,welch_normal_approx,,,True,outperform,
HYP-CON-ZW-HL-CAL-001,listing_open_v1,OOS,calibrated,phase3-oos-v1,shifted_birth_date_plus_7d,把出生时间平移 +7 天后重新排盘、重算因子，在真实 TRAIN 冻结阈值下重新求解事件集合。,201,0.082621,29.0,,-0.06736,-0.06736,0.331633,0.024541,0.19750347632366227,,,welch_normal_approx,,,True,outperform,
HYP-CON-ZW-HL-CAL-001,listing_close_v1,OOS,calibrated,phase3-oos-v1,random_event_position,"从同一分区的可用 (股票, as_of) 池中随机抽取与真实事件相同数量的事件（200 次置换），检验真实事件位置是否优于随机位置。",143,0.017544,5.0,0.043425,-0.023723,-0.023723,0.447312,-0.027502,0.9651741293532339,0.03980099502487562,0.9651741293532339,permutation_one_sided,200.0,0.013896,True,underperform,
HYP-CON-ZW-HL-CAL-001,listing_close_v1,OOS,calibrated,phase3-oos-v1,random_birth_assignment,在同一 as_of 内把命盘（引擎方向向量）随机置换到池内其它股票，保持每日横截面分布不变，破坏「股票↔命盘」对应关系。,143,,,,-0.051047,-0.051047,,-0.000179,0.527363184079602,0.47761194029850745,0.527363184079602,permutation_one_sided,200.0,0.013523,True,underperform,随机出生指派只检验『股票↔命盘对应关系』是否携带信息，不能检验「同一命盘在不同日期是否有效」；后者由随机事件位置对照承担。
HYP-CON-ZW-HL-CAL-001,listing_close_v1,OOS,calibrated,phase3-oos-v1,random_model_direction,在每个 as_of 内保持命中数量不变，把命中位置随机重新指派给池内股票，检验「具体哪些股票命中」是否携带信息。,143,,,,-0.050877,-0.050877,,-0.000349,0.5124378109452736,0.4925373134328358,0.5124378109452736,permutation_one_sided,200.0,0.013577,True,underperform,本对照只随机化命中位置，保留每日命中数量；若真实事件集合接近整个池（如原始 BAZI_POS 正向率 96%），本对照会退化。
HYP-CON-ZW-HL-CAL-001,listing_close_v1,OOS,calibrated,phase3-oos-v1,shifted_birth_date_minus_7d,把出生时间平移 -7 天后重新排盘、重算因子，在真实 TRAIN 冻结阈值下重新求解事件集合。,151,0.071942,20.0,,-0.057875,-0.057875,0.355705,0.00665,0.7642580832968828,,,welch_normal_approx,,,True,outperform,
HYP-CON-ZW-HL-CAL-001,listing_close_v1,OOS,calibrated,phase3-oos-v1,shifted_birth_date_plus_7d,把出生时间平移 +7 天后重新排盘、重算因子，在真实 TRAIN 冻结阈值下重新求解事件集合。,143,0.066176,18.0,,-0.059674,-0.059674,0.359712,0.008449,0.657772338421021,,,welch_normal_approx,,,True,outperform,
HYP-CON-ZW-HL-CAL-001,ipo_approx_v1,OOS,calibrated,phase3-oos-v1,random_event_position,"从同一分区的可用 (股票, as_of) 池中随机抽取与真实事件相同数量的事件（200 次置换），检验真实事件位置是否优于随机位置。",200,0.035714,14.0,0.060735,-0.021761,-0.021761,0.447312,-0.027383,0.9701492537313433,0.03482587064676617,0.9701492537313433,permutation_one_sided,200.0,0.011864,True,underperform,
HYP-CON-ZW-HL-CAL-001,ipo_approx_v1,OOS,calibrated,phase3-oos-v1,random_birth_assignment,在同一 as_of 内把命盘（引擎方向向量）随机置换到池内其它股票，保持每日横截面分布不变，破坏「股票↔命盘」对应关系。,200,,,,-0.045033,-0.045033,,-0.004111,0.6318407960199005,0.373134328358209,0.6318407960199005,permutation_one_sided,200.0,0.010753,True,underperform,随机出生指派只检验『股票↔命盘对应关系』是否携带信息，不能检验「同一命盘在不同日期是否有效」；后者由随机事件位置对照承担。
HYP-CON-ZW-HL-CAL-001,ipo_approx_v1,OOS,calibrated,phase3-oos-v1,random_model_direction,在每个 as_of 内保持命中数量不变，把命中位置随机重新指派给池内股票，检验「具体哪些股票命中」是否携带信息。,200,,,,-0.0444,-0.0444,,-0.004744,0.6616915422885572,0.34328358208955223,0.6616915422885572,permutation_one_sided,200.0,0.009754,True,underperform,本对照只随机化命中位置，保留每日命中数量；若真实事件集合接近整个池（如原始 BAZI_POS 正向率 96%），本对照会退化。
HYP-CON-ZW-HL-CAL-001,ipo_approx_v1,OOS,calibrated,phase3-oos-v1,shifted_birth_date_minus_7d,把出生时间平移 -7 天后重新排盘、重算因子，在真实 TRAIN 冻结阈值下重新求解事件集合。,169,0.077586,27.0,,-0.036827,-0.036827,0.417178,-0.012317,0.4759747229878519,,,welch_normal_approx,,,True,underperform,
HYP-CON-ZW-HL-CAL-001,ipo_approx_v1,OOS,calibrated,phase3-oos-v1,shifted_birth_date_plus_7d,把出生时间平移 +7 天后重新排盘、重算因子，在真实 TRAIN 冻结阈值下重新求解事件集合。,158,0.099698,33.0,,-0.050449,-0.050449,0.372549,0.001306,0.9426915657599505,,,welch_normal_approx,,,True,outperform,
HYP-CON-ALL3-RAW-001,listing_open_v1,OOS,raw,phase3-oos-v1,random_event_position,"从同一分区的可用 (股票, as_of) 池中随机抽取与真实事件相同数量的事件（200 次置换），检验真实事件位置是否优于随机位置。",320,0.07225,44.0,0.097176,-0.023754,-0.023754,0.447312,-0.007897,0.7810945273631841,0.22388059701492538,0.7810945273631841,permutation_one_sided,200.0,0.010154,True,underperform,
HYP-CON-ALL3-RAW-001,listing_open_v1,OOS,raw,phase3-oos-v1,random_birth_assignment,在同一 as_of 内把命盘（引擎方向向量）随机置换到池内其它股票，保持每日横截面分布不变，破坏「股票↔命盘」对应关系。,320,,,,-0.03592,-0.03592,,0.004268,0.3333333333333333,0.6716417910447762,0.3333333333333333,permutation_one_sided,200.0,0.008309,True,outperform,随机出生指派只检验『股票↔命盘对应关系』是否携带信息，不能检验「同一命盘在不同日期是否有效」；后者由随机事件位置对照承担。
HYP-CON-ALL3-RAW-001,listing_open_v1,OOS,raw,phase3-oos-v1,random_model_direction,在每个 as_of 内保持命中数量不变，把命中位置随机重新指派给池内股票，检验「具体哪些股票命中」是否携带信息。,320,,,,-0.035902,-0.035902,,0.004251,0.3034825870646766,0.7014925373134329,0.3034825870646766,permutation_one_sided,200.0,0.00865,True,outperform,本对照只随机化命中位置，保留每日命中数量；若真实事件集合接近整个池（如原始 BAZI_POS 正向率 96%），本对照会退化。
HYP-CON-ALL3-RAW-001,listing_open_v1,OOS,raw,phase3-oos-v1,shifted_birth_date_minus_7d,把出生时间平移 -7 天后重新排盘、重算因子，在真实 TRAIN 冻结阈值下重新求解事件集合。,403,0.157233,100.0,,-0.024231,-0.024231,0.427835,-0.00742,0.5776681315022847,,,welch_normal_approx,,,True,underperform,
HYP-CON-ALL3-RAW-001,listing_open_v1,OOS,raw,phase3-oos-v1,shifted_birth_date_plus_7d,把出生时间平移 +7 天后重新排盘、重算因子，在真实 TRAIN 冻结阈值下重新求解事件集合。,389,0.126365,81.0,,-0.043937,-0.043937,0.371658,0.012286,0.3389483673475297,,,welch_normal_approx,,,True,outperform,
HYP-CON-ALL3-RAW-001,listing_close_v1,OOS,raw,phase3-oos-v1,random_event_position,"从同一分区的可用 (股票, as_of) 池中随机抽取与真实事件相同数量的事件（200 次置换），检验真实事件位置是否优于随机位置。",427,0.074442,60.0,0.129669,-0.021965,-0.021965,0.447312,-0.016741,0.9850746268656716,0.01990049751243781,0.9850746268656716,permutation_one_sided,200.0,0.008265,True,underperform,
HYP-CON-ALL3-RAW-001,listing_close_v1,OOS,raw,phase3-oos-v1,random_birth_assignment,在同一 as_of 内把命盘（引擎方向向量）随机置换到池内其它股票，保持每日横截面分布不变，破坏「股票↔命盘」对应关系。,427,,,,-0.0382,-0.0382,,-0.000507,0.5223880597014925,0.48258706467661694,0.5223880597014925,permutation_one_sided,200.0,0.00785,True,underperform,随机出生指派只检验『股票↔命盘对应关系』是否携带信息，不能检验「同一命盘在不同日期是否有效」；后者由随机事件位置对照承担。
HYP-CON-ALL3-RAW-001,listing_close_v1,OOS,raw,phase3-oos-v1,random_model_direction,在每个 as_of 内保持命中数量不变，把命中位置随机重新指派给池内股票，检验「具体哪些股票命中」是否携带信息。,427,,,,-0.038646,-0.038646,,-6e-05,0.5223880597014925,0.48258706467661694,0.5223880597014925,permutation_one_sided,200.0,0.007426,True,underperform,本对照只随机化命中位置，保留每日命中数量；若真实事件集合接近整个池（如原始 BAZI_POS 正向率 96%），本对照会退化。
HYP-CON-ALL3-RAW-001,listing_close_v1,OOS,raw,phase3-oos-v1,shifted_birth_date_minus_7d,把出生时间平移 -7 天后重新排盘、重算因子，在真实 TRAIN 冻结阈值下重新求解事件集合。,435,0.120513,94.0,,-0.031892,-0.031892,0.443128,-0.006815,0.5548388312581889,,,welch_normal_approx,,,True,underperform,
HYP-CON-ALL3-RAW-001,listing_close_v1,OOS,raw,phase3-oos-v1,shifted_birth_date_plus_7d,把出生时间平移 +7 天后重新排盘、重算因子，在真实 TRAIN 冻结阈值下重新求解事件集合。,451,0.143959,112.0,,-0.04475,-0.04475,0.417808,0.006043,0.6111930490932234,,,welch_normal_approx,,,True,outperform,
HYP-CON-ALL3-RAW-001,ipo_approx_v1,OOS,raw,phase3-oos-v1,random_event_position,"从同一分区的可用 (股票, as_of) 池中随机抽取与真实事件相同数量的事件（200 次置换），检验真实事件位置是否优于随机位置。",388,0.061745,46.0,0.117826,-0.021421,-0.021421,0.447312,-0.00281,0.6169154228855721,0.3880597014925373,0.6169154228855721,permutation_one_sided,200.0,0.009344,True,underperform,
HYP-CON-ALL3-RAW-001,ipo_approx_v1,OOS,raw,phase3-oos-v1,random_birth_assignment,在同一 as_of 内把命盘（引擎方向向量）随机置换到池内其它股票，保持每日横截面分布不变，破坏「股票↔命盘」对应关系。,388,,,,-0.033917,-0.033917,,0.009686,0.11940298507462686,0.8855721393034826,0.11940298507462686,permutation_one_sided,200.0,0.007483,True,outperform,随机出生指派只检验『股票↔命盘对应关系』是否携带信息，不能检验「同一命盘在不同日期是否有效」；后者由随机事件位置对照承担。
HYP-CON-ALL3-RAW-001,ipo_approx_v1,OOS,raw,phase3-oos-v1,random_model_direction,在每个 as_of 内保持命中数量不变，把命中位置随机重新指派给池内股票，检验「具体哪些股票命中」是否携带信息。,388,,,,-0.033011,-0.033011,,0.00878,0.11940298507462686,0.8855721393034826,0.11940298507462686,permutation_one_sided,200.0,0.007584,True,outperform,本对照只随机化命中位置，保留每日命中数量；若真实事件集合接近整个池（如原始 BAZI_POS 正向率 96%），本对照会退化。
HYP-CON-ALL3-RAW-001,ipo_approx_v1,OOS,raw,phase3-oos-v1,shifted_birth_date_minus_7d,把出生时间平移 -7 天后重新排盘、重算因子，在真实 TRAIN 冻结阈值下重新求解事件集合。,367,0.140741,95.0,,-0.02726,-0.02726,0.429775,0.003029,0.8113572590743661,,,welch_normal_approx,,,True,outperform,
HYP-CON-ALL3-RAW-001,ipo_approx_v1,OOS,raw,phase3-oos-v1,shifted_birth_date_plus_7d,把出生时间平移 +7 天后重新排盘、重算因子，在真实 TRAIN 冻结阈值下重新求解事件集合。,333,0.157233,100.0,,-0.031651,-0.031651,0.41875,0.00742,0.5776681315022847,,,welch_normal_approx,,,True,outperform,
HYP-CON-ALL3-CAL-001,listing_open_v1,OOS,calibrated,phase3-oos-v1,random_event_position,"从同一分区的可用 (股票, as_of) 池中随机抽取与真实事件相同数量的事件（200 次置换），检验真实事件位置是否优于随机位置。",64,0.023622,3.0,0.019435,-0.022122,-0.022122,0.447312,-0.04884,0.9651741293532339,0.03980099502487562,0.9651741293532339,permutation_one_sided,200.0,0.022815,True,underperform,
HYP-CON-ALL3-CAL-001,listing_open_v1,OOS,calibrated,phase3-oos-v1,random_birth_assignment,在同一 as_of 内把命盘（引擎方向向量）随机置换到池内其它股票，保持每日横截面分布不变，破坏「股票↔命盘」对应关系。,64,,,,-0.046675,-0.046675,,-0.024286,0.9104477611940298,0.0945273631840796,0.9104477611940298,permutation_one_sided,200.0,0.018232,True,underperform,随机出生指派只检验『股票↔命盘对应关系』是否携带信息，不能检验「同一命盘在不同日期是否有效」；后者由随机事件位置对照承担。
HYP-CON-ALL3-CAL-001,listing_open_v1,OOS,calibrated,phase3-oos-v1,random_model_direction,在每个 as_of 内保持命中数量不变，把命中位置随机重新指派给池内股票，检验「具体哪些股票命中」是否携带信息。,64,,,,-0.046736,-0.046736,,-0.024225,0.8805970149253731,0.12437810945273632,0.8805970149253731,permutation_one_sided,200.0,0.019945,True,underperform,本对照只随机化命中位置，保留每日命中数量；若真实事件集合接近整个池（如原始 BAZI_POS 正向率 96%），本对照会退化。
HYP-CON-ALL3-CAL-001,listing_open_v1,OOS,calibrated,phase3-oos-v1,shifted_birth_date_minus_7d,把出生时间平移 -7 天后重新排盘、重算因子，在真实 TRAIN 冻结阈值下重新求解事件集合。,81,0.072993,10.0,,-0.009786,-0.009786,0.493506,-0.061175,0.04364726383625747,,,welch_normal_approx,,,True,underperform,
HYP-CON-ALL3-CAL-001,listing_open_v1,OOS,calibrated,phase3-oos-v1,shifted_birth_date_plus_7d,把出生时间平移 +7 天后重新排盘、重算因子，在真实 TRAIN 冻结阈值下重新求解事件集合。,80,0.05036,7.0,,-0.075876,-0.075876,0.3875,0.004914,0.8820832541421918,,,welch_normal_approx,,,True,outperform,
HYP-CON-ALL3-CAL-001,listing_close_v1,OOS,calibrated,phase3-oos-v1,random_event_position,"从同一分区的可用 (股票, as_of) 池中随机抽取与真实事件相同数量的事件（200 次置换），检验真实事件位置是否优于随机位置。",40,0.0125,1.0,0.012147,-0.023473,-0.023473,0.447312,-0.027788,0.8606965174129353,0.14427860696517414,0.8606965174129353,permutation_one_sided,200.0,0.025246,True,underperform,
HYP-CON-ALL3-CAL-001,listing_close_v1,OOS,calibrated,phase3-oos-v1,random_birth_assignment,在同一 as_of 内把命盘（引擎方向向量）随机置换到池内其它股票，保持每日横截面分布不变，破坏「股票↔命盘」对应关系。,40,,,,-0.061656,-0.061656,,0.010395,0.3333333333333333,0.6716417910447762,0.3333333333333333,permutation_one_sided,200.0,0.024124,True,outperform,随机出生指派只检验『股票↔命盘对应关系』是否携带信息，不能检验「同一命盘在不同日期是否有效」；后者由随机事件位置对照承担。
HYP-CON-ALL3-CAL-001,listing_close_v1,OOS,calibrated,phase3-oos-v1,random_model_direction,在每个 as_of 内保持命中数量不变，把命中位置随机重新指派给池内股票，检验「具体哪些股票命中」是否携带信息。,40,,,,-0.065022,-0.065022,,0.013761,0.2885572139303483,0.7164179104477612,0.2885572139303483,permutation_one_sided,200.0,0.024928,True,outperform,本对照只随机化命中位置，保留每日命中数量；若真实事件集合接近整个池（如原始 BAZI_POS 正向率 96%），本对照会退化。
HYP-CON-ALL3-CAL-001,listing_close_v1,OOS,calibrated,phase3-oos-v1,shifted_birth_date_minus_7d,把出生时间平移 -7 天后重新排盘、重算因子，在真实 TRAIN 冻结阈值下重新求解事件集合。,46,0.035714,3.0,,-0.092313,-0.092313,0.326087,0.041052,0.39131236417148196,,,welch_normal_approx,,,True,outperform,
HYP-CON-ALL3-CAL-001,listing_close_v1,OOS,calibrated,phase3-oos-v1,shifted_birth_date_plus_7d,把出生时间平移 +7 天后重新排盘、重算因子，在真实 TRAIN 冻结阈值下重新求解事件集合。,41,0.025,2.0,,-0.05764,-0.05764,0.390244,0.006379,0.8775233138096358,,,welch_normal_approx,,,True,outperform,
HYP-CON-ALL3-CAL-001,ipo_approx_v1,OOS,calibrated,phase3-oos-v1,random_event_position,"从同一分区的可用 (股票, as_of) 池中随机抽取与真实事件相同数量的事件（200 次置换），检验真实事件位置是否优于随机位置。",69,0.021898,3.0,0.020954,-0.022375,-0.022375,0.447312,0.013362,0.24378109452736318,0.7611940298507462,0.24378109452736318,permutation_one_sided,200.0,0.021689,True,outperform,
HYP-CON-ALL3-CAL-001,ipo_approx_v1,OOS,calibrated,phase3-oos-v1,random_birth_assignment,在同一 as_of 内把命盘（引擎方向向量）随机置换到池内其它股票，保持每日横截面分布不变，破坏「股票↔命盘」对应关系。,69,,,,-0.031877,-0.031877,,0.022864,0.10945273631840796,0.8955223880597015,0.10945273631840796,permutation_one_sided,200.0,0.017767,True,outperform,随机出生指派只检验『股票↔命盘对应关系』是否携带信息，不能检验「同一命盘在不同日期是否有效」；后者由随机事件位置对照承担。
HYP-CON-ALL3-CAL-001,ipo_approx_v1,OOS,calibrated,phase3-oos-v1,random_model_direction,在每个 as_of 内保持命中数量不变，把命中位置随机重新指派给池内股票，检验「具体哪些股票命中」是否携带信息。,69,,,,-0.032555,-0.032555,,0.023542,0.09950248756218906,0.9054726368159204,0.09950248756218906,permutation_one_sided,200.0,0.018016,True,outperform,本对照只随机化命中位置，保留每日命中数量；若真实事件集合接近整个池（如原始 BAZI_POS 正向率 96%），本对照会退化。
HYP-CON-ALL3-CAL-001,ipo_approx_v1,OOS,calibrated,phase3-oos-v1,shifted_birth_date_minus_7d,把出生时间平移 -7 天后重新排盘、重算因子，在真实 TRAIN 冻结阈值下重新求解事件集合。,68,0.02963,4.0,,-0.049855,-0.049855,0.338462,0.040842,0.1365140513723715,,,welch_normal_approx,,,True,outperform,
HYP-CON-ALL3-CAL-001,ipo_approx_v1,OOS,calibrated,phase3-oos-v1,shifted_birth_date_plus_7d,把出生时间平移 +7 天后重新排盘、重算因子，在真实 TRAIN 冻结阈值下重新求解事件集合。,58,0.084034,10.0,,-0.073041,-0.073041,0.375,0.064028,0.054618670933734764,,,welch_normal_approx,,,True,outperform,
HYP-CFL-BZ-POS-ZW-NEG-CAL-001,listing_open_v1,OOS,calibrated,phase3-oos-v1,random_event_position,"从同一分区的可用 (股票, as_of) 池中随机抽取与真实事件相同数量的事件（200 次置换），检验真实事件位置是否优于随机位置。",187,0.032,12.0,0.056787,-0.022465,-0.022465,0.447312,-0.01156,0.8308457711442786,0.17412935323383086,0.8308457711442786,permutation_one_sided,200.0,0.013014,True,underperform,
HYP-CFL-BZ-POS-ZW-NEG-CAL-001,listing_open_v1,OOS,calibrated,phase3-oos-v1,random_birth_assignment,在同一 as_of 内把命盘（引擎方向向量）随机置换到池内其它股票，保持每日横截面分布不变，破坏「股票↔命盘」对应关系。,187,,,,-0.026866,-0.026866,,-0.007159,0.7562189054726368,0.24875621890547264,0.7562189054726368,permutation_one_sided,200.0,0.012272,True,underperform,随机出生指派只检验『股票↔命盘对应关系』是否携带信息，不能检验「同一命盘在不同日期是否有效」；后者由随机事件位置对照承担。
HYP-CFL-BZ-POS-ZW-NEG-CAL-001,listing_open_v1,OOS,calibrated,phase3-oos-v1,random_model_direction,在每个 as_of 内保持命中数量不变，把命中位置随机重新指派给池内股票，检验「具体哪些股票命中」是否携带信息。,187,,,,-0.026466,-0.026466,,-0.007559,0.7711442786069652,0.23383084577114427,0.7711442786069652,permutation_one_sided,200.0,0.011944,True,underperform,本对照只随机化命中位置，保留每日命中数量；若真实事件集合接近整个池（如原始 BAZI_POS 正向率 96%），本对照会退化。
HYP-CFL-BZ-POS-ZW-NEG-CAL-001,listing_open_v1,OOS,calibrated,phase3-oos-v1,shifted_birth_date_minus_7d,把出生时间平移 -7 天后重新排盘、重算因子，在真实 TRAIN 冻结阈值下重新求解事件集合。,235,0.058394,24.0,,-0.037846,-0.037846,0.375,0.003822,0.8262196827836558,,,welch_normal_approx,,,True,outperform,
HYP-CFL-BZ-POS-ZW-NEG-CAL-001,listing_open_v1,OOS,calibrated,phase3-oos-v1,shifted_birth_date_plus_7d,把出生时间平移 +7 天后重新排盘、重算因子，在真实 TRAIN 冻结阈值下重新求解事件集合。,237,0.055556,23.0,,-0.022995,-0.022995,0.429864,-0.01103,0.5733498787004195,,,welch_normal_approx,,,True,underperform,
HYP-CFL-BZ-POS-ZW-NEG-CAL-001,listing_close_v1,OOS,calibrated,phase3-oos-v1,random_event_position,"从同一分区的可用 (股票, as_of) 池中随机抽取与真实事件相同数量的事件（200 次置换），检验真实事件位置是否优于随机位置。",227,0.021598,10.0,0.068934,-0.0235,-0.0235,0.447312,0.003404,0.38308457711442784,0.6218905472636815,0.38308457711442784,permutation_one_sided,200.0,0.011028,True,outperform,
HYP-CFL-BZ-POS-ZW-NEG-CAL-001,listing_close_v1,OOS,calibrated,phase3-oos-v1,random_birth_assignment,在同一 as_of 内把命盘（引擎方向向量）随机置换到池内其它股票，保持每日横截面分布不变，破坏「股票↔命盘」对应关系。,227,,,,-0.014885,-0.014885,,-0.005211,0.6517412935323383,0.35323383084577115,0.6517412935323383,permutation_one_sided,200.0,0.011575,True,underperform,随机出生指派只检验『股票↔命盘对应关系』是否携带信息，不能检验「同一命盘在不同日期是否有效」；后者由随机事件位置对照承担。
HYP-CFL-BZ-POS-ZW-NEG-CAL-001,listing_close_v1,OOS,calibrated,phase3-oos-v1,random_model_direction,在每个 as_of 内保持命中数量不变，把命中位置随机重新指派给池内股票，检验「具体哪些股票命中」是否携带信息。,227,,,,-0.017157,-0.017157,,-0.00294,0.582089552238806,0.4228855721393035,0.582089552238806,permutation_one_sided,200.0,0.011076,True,underperform,本对照只随机化命中位置，保留每日命中数量；若真实事件集合接近整个池（如原始 BAZI_POS 正向率 96%），本对照会退化。
HYP-CFL-BZ-POS-ZW-NEG-CAL-001,listing_close_v1,OOS,calibrated,phase3-oos-v1,shifted_birth_date_minus_7d,把出生时间平移 -7 天后重新排盘、重算因子，在真实 TRAIN 冻结阈值下重新求解事件集合。,281,0.066802,33.0,,-0.010607,-0.010607,0.463235,-0.00949,0.5892882122385066,,,welch_normal_approx,,,True,underperform,
HYP-CFL-BZ-POS-ZW-NEG-CAL-001,listing_close_v1,OOS,calibrated,phase3-oos-v1,shifted_birth_date_plus_7d,把出生时间平移 +7 天后重新排盘、重算因子，在真实 TRAIN 冻结阈值下重新求解事件集合。,208,0.053364,23.0,,-0.040494,-0.040494,0.428571,0.020397,0.3197184981741613,,,welch_normal_approx,,,True,outperform,
HYP-CFL-BZ-POS-ZW-NEG-CAL-001,ipo_approx_v1,OOS,calibrated,phase3-oos-v1,random_event_position,"从同一分区的可用 (股票, as_of) 池中随机抽取与真实事件相同数量的事件（200 次置换），检验真实事件位置是否优于随机位置。",214,0.025229,11.0,0.064986,-0.021552,-0.021552,0.447312,-0.016657,0.9054726368159204,0.09950248756218906,0.9054726368159204,permutation_one_sided,200.0,0.012517,True,underperform,
HYP-CFL-BZ-POS-ZW-NEG-CAL-001,ipo_approx_v1,OOS,calibrated,phase3-oos-v1,random_birth_assignment,在同一 as_of 内把命盘（引擎方向向量）随机置换到池内其它股票，保持每日横截面分布不变，破坏「股票↔命盘」对应关系。,214,,,,-0.024093,-0.024093,,-0.014116,0.8955223880597015,0.10945273631840796,0.8955223880597015,permutation_one_sided,200.0,0.011697,True,underperform,随机出生指派只检验『股票↔命盘对应关系』是否携带信息，不能检验「同一命盘在不同日期是否有效」；后者由随机事件位置对照承担。
HYP-CFL-BZ-POS-ZW-NEG-CAL-001,ipo_approx_v1,OOS,calibrated,phase3-oos-v1,random_model_direction,在每个 as_of 内保持命中数量不变，把命中位置随机重新指派给池内股票，检验「具体哪些股票命中」是否携带信息。,214,,,,-0.023341,-0.023341,,-0.014868,0.8905472636815921,0.11442786069651742,0.8905472636815921,permutation_one_sided,200.0,0.011146,True,underperform,本对照只随机化命中位置，保留每日命中数量；若真实事件集合接近整个池（如原始 BAZI_POS 正向率 96%），本对照会退化。
HYP-CFL-BZ-POS-ZW-NEG-CAL-001,ipo_approx_v1,OOS,calibrated,phase3-oos-v1,shifted_birth_date_minus_7d,把出生时间平移 -7 天后重新排盘、重算因子，在真实 TRAIN 冻结阈值下重新求解事件集合。,290,0.041833,21.0,,-0.016756,-0.016756,0.428044,-0.021452,0.17859548090147245,,,welch_normal_approx,,,True,underperform,
HYP-CFL-BZ-POS-ZW-NEG-CAL-001,ipo_approx_v1,OOS,calibrated,phase3-oos-v1,shifted_birth_date_plus_7d,把出生时间平移 +7 天后重新排盘、重算因子，在真实 TRAIN 冻结阈值下重新求解事件集合。,195,0.05679,23.0,,-0.034044,-0.034044,0.401099,-0.004164,0.8145407323703875,,,welch_normal_approx,,,True,underperform,
HYP-CFL-BZ-NEG-ZW-POS-CAL-001,listing_open_v1,OOS,calibrated,phase3-oos-v1,random_event_position,"从同一分区的可用 (股票, as_of) 池中随机抽取与真实事件相同数量的事件（200 次置换），检验真实事件位置是否优于随机位置。",169,0.023392,8.0,0.051321,-0.025216,-0.025216,0.447312,0.010886,0.23880597014925373,0.7661691542288557,0.23880597014925373,permutation_one_sided,200.0,0.01355,True,outperform,
HYP-CFL-BZ-NEG-ZW-POS-CAL-001,listing_open_v1,OOS,calibrated,phase3-oos-v1,random_birth_assignment,在同一 as_of 内把命盘（引擎方向向量）随机置换到池内其它股票，保持每日横截面分布不变，破坏「股票↔命盘」对应关系。,169,,,,-0.024837,-0.024837,,0.010507,0.22885572139303484,0.7761194029850746,0.22885572139303484,permutation_one_sided,200.0,0.013477,True,outperform,随机出生指派只检验『股票↔命盘对应关系』是否携带信息，不能检验「同一命盘在不同日期是否有效」；后者由随机事件位置对照承担。
HYP-CFL-BZ-NEG-ZW-POS-CAL-001,listing_open_v1,OOS,calibrated,phase3-oos-v1,random_model_direction,在每个 as_of 内保持命中数量不变，把命中位置随机重新指派给池内股票，检验「具体哪些股票命中」是否携带信息。,169,,,,-0.024645,-0.024645,,0.010315,0.21890547263681592,0.7860696517412935,0.21890547263681592,permutation_one_sided,200.0,0.013951,True,outperform,本对照只随机化命中位置，保留每日命中数量；若真实事件集合接近整个池（如原始 BAZI_POS 正向率 96%），本对照会退化。
HYP-CFL-BZ-NEG-ZW-POS-CAL-001,listing_open_v1,OOS,calibrated,phase3-oos-v1,shifted_birth_date_minus_7d,把出生时间平移 -7 天后重新排盘、重算因子，在真实 TRAIN 冻结阈值下重新求解事件集合。,252,0.040865,17.0,,-0.02729,-0.02729,0.442553,0.012959,0.46570011368606873,,,welch_normal_approx,,,True,outperform,
HYP-CFL-BZ-NEG-ZW-POS-CAL-001,listing_open_v1,OOS,calibrated,phase3-oos-v1,shifted_birth_date_plus_7d,把出生时间平移 +7 天后重新排盘、重算因子，在真实 TRAIN 冻结阈值下重新求解事件集合。,186,0.011019,4.0,,-0.037126,-0.037126,0.358824,0.022796,0.236691337368097,,,welch_normal_approx,,,True,outperform,
HYP-CFL-BZ-NEG-ZW-POS-CAL-001,listing_close_v1,OOS,calibrated,phase3-oos-v1,random_event_position,"从同一分区的可用 (股票, as_of) 池中随机抽取与真实事件相同数量的事件（200 次置换），检验真实事件位置是否优于随机位置。",200,0.039506,16.0,0.060735,-0.024322,-0.024322,0.447312,-0.006733,0.7064676616915423,0.29850746268656714,0.7064676616915423,permutation_one_sided,200.0,0.012757,True,underperform,
HYP-CFL-BZ-NEG-ZW-POS-CAL-001,listing_close_v1,OOS,calibrated,phase3-oos-v1,random_birth_assignment,在同一 as_of 内把命盘（引擎方向向量）随机置换到池内其它股票，保持每日横截面分布不变，破坏「股票↔命盘」对应关系。,200,,,,-0.031473,-0.031473,,0.000419,0.4626865671641791,0.5422885572139303,0.4626865671641791,permutation_one_sided,200.0,0.009972,True,outperform,随机出生指派只检验『股票↔命盘对应关系』是否携带信息，不能检验「同一命盘在不同日期是否有效」；后者由随机事件位置对照承担。
HYP-CFL-BZ-NEG-ZW-POS-CAL-001,listing_close_v1,OOS,calibrated,phase3-oos-v1,random_model_direction,在每个 as_of 内保持命中数量不变，把命中位置随机重新指派给池内股票，检验「具体哪些股票命中」是否携带信息。,200,,,,-0.031459,-0.031459,,0.000405,0.5373134328358209,0.46766169154228854,0.5373134328358209,permutation_one_sided,200.0,0.010952,True,outperform,本对照只随机化命中位置，保留每日命中数量；若真实事件集合接近整个池（如原始 BAZI_POS 正向率 96%），本对照会退化。
HYP-CFL-BZ-NEG-ZW-POS-CAL-001,listing_close_v1,OOS,calibrated,phase3-oos-v1,shifted_birth_date_minus_7d,把出生时间平移 -7 天后重新排盘、重算因子，在真实 TRAIN 冻结阈值下重新求解事件集合。,177,0.015306,6.0,,-0.018997,-0.018997,0.471698,-0.012058,0.47365385336265114,,,welch_normal_approx,,,True,underperform,
HYP-CFL-BZ-NEG-ZW-POS-CAL-001,listing_close_v1,OOS,calibrated,phase3-oos-v1,shifted_birth_date_plus_7d,把出生时间平移 +7 天后重新排盘、重算因子，在真实 TRAIN 冻结阈值下重新求解事件集合。,192,0.061697,24.0,,-0.034189,-0.034189,0.442529,0.003134,0.8408469641260561,,,welch_normal_approx,,,True,outperform,
HYP-CFL-BZ-NEG-ZW-POS-CAL-001,ipo_approx_v1,OOS,calibrated,phase3-oos-v1,random_event_position,"从同一分区的可用 (股票, as_of) 池中随机抽取与真实事件相同数量的事件（200 次置换），检验真实事件位置是否优于随机位置。",219,0.03653,16.0,0.066505,-0.022986,-0.022986,0.447312,-0.007475,0.7064676616915423,0.29850746268656714,0.7064676616915423,permutation_one_sided,200.0,0.012341,True,underperform,
HYP-CFL-BZ-NEG-ZW-POS-CAL-001,ipo_approx_v1,OOS,calibrated,phase3-oos-v1,random_birth_assignment,在同一 as_of 内把命盘（引擎方向向量）随机置换到池内其它股票，保持每日横截面分布不变，破坏「股票↔命盘」对应关系。,219,,,,-0.020237,-0.020237,,-0.010224,0.8009950248756219,0.20398009950248755,0.8009950248756219,permutation_one_sided,200.0,0.011475,True,underperform,随机出生指派只检验『股票↔命盘对应关系』是否携带信息，不能检验「同一命盘在不同日期是否有效」；后者由随机事件位置对照承担。
HYP-CFL-BZ-NEG-ZW-POS-CAL-001,ipo_approx_v1,OOS,calibrated,phase3-oos-v1,random_model_direction,在每个 as_of 内保持命中数量不变，把命中位置随机重新指派给池内股票，检验「具体哪些股票命中」是否携带信息。,219,,,,-0.019645,-0.019645,,-0.010815,0.8109452736318408,0.19402985074626866,0.8109452736318408,permutation_one_sided,200.0,0.0117,True,underperform,本对照只随机化命中位置，保留每日命中数量；若真实事件集合接近整个池（如原始 BAZI_POS 正向率 96%），本对照会退化。
HYP-CFL-BZ-NEG-ZW-POS-CAL-001,ipo_approx_v1,OOS,calibrated,phase3-oos-v1,shifted_birth_date_minus_7d,把出生时间平移 -7 天后重新排盘、重算因子，在真实 TRAIN 冻结阈值下重新求解事件集合。,180,0.053299,21.0,,-0.051222,-0.051222,0.392638,0.020761,0.32300858416040223,,,welch_normal_approx,,,True,outperform,
HYP-CFL-BZ-NEG-ZW-POS-CAL-001,ipo_approx_v1,OOS,calibrated,phase3-oos-v1,shifted_birth_date_plus_7d,把出生时间平移 +7 天后重新排盘、重算因子，在真实 TRAIN 冻结阈值下重新求解事件集合。,174,0.035443,14.0,,-0.020246,-0.020246,0.478261,-0.010215,0.5801842426033078,,,welch_normal_approx,,,True,underperform,
HYP-CFL-BZ-POS-HL-NEG-CAL-001,listing_open_v1,OOS,calibrated,phase3-oos-v1,random_event_position,"从同一分区的可用 (股票, as_of) 池中随机抽取与真实事件相同数量的事件（200 次置换），检验真实事件位置是否优于随机位置。",176,0.035912,13.0,0.053447,-0.0218,-0.0218,0.447312,0.011052,0.24378109452736318,0.7611940298507462,0.24378109452736318,permutation_one_sided,200.0,0.01506,True,outperform,
HYP-CFL-BZ-POS-HL-NEG-CAL-001,listing_open_v1,OOS,calibrated,phase3-oos-v1,random_birth_assignment,在同一 as_of 内把命盘（引擎方向向量）随机置换到池内其它股票，保持每日横截面分布不变，破坏「股票↔命盘」对应关系。,176,,,,-0.019315,-0.019315,,0.008567,0.26865671641791045,0.736318407960199,0.26865671641791045,permutation_one_sided,200.0,0.012531,True,outperform,随机出生指派只检验『股票↔命盘对应关系』是否携带信息，不能检验「同一命盘在不同日期是否有效」；后者由随机事件位置对照承担。
HYP-CFL-BZ-POS-HL-NEG-CAL-001,listing_open_v1,OOS,calibrated,phase3-oos-v1,random_model_direction,在每个 as_of 内保持命中数量不变，把命中位置随机重新指派给池内股票，检验「具体哪些股票命中」是否携带信息。,176,,,,-0.019586,-0.019586,,0.008837,0.21890547263681592,0.7860696517412935,0.21890547263681592,permutation_one_sided,200.0,0.011615,True,outperform,本对照只随机化命中位置，保留每日命中数量；若真实事件集合接近整个池（如原始 BAZI_POS 正向率 96%），本对照会退化。
HYP-CFL-BZ-POS-HL-NEG-CAL-001,listing_open_v1,OOS,calibrated,phase3-oos-v1,shifted_birth_date_minus_7d,把出生时间平移 -7 天后重新排盘、重算因子，在真实 TRAIN 冻结阈值下重新求解事件集合。,177,0.047354,17.0,,-0.006719,-0.006719,0.44,-0.004029,0.8348651245265443,,,welch_normal_approx,,,True,underperform,
HYP-CFL-BZ-POS-HL-NEG-CAL-001,listing_open_v1,OOS,calibrated,phase3-oos-v1,shifted_birth_date_plus_7d,把出生时间平移 +7 天后重新排盘、重算因子，在真实 TRAIN 冻结阈值下重新求解事件集合。,187,0.048913,18.0,,-0.011393,-0.011393,0.443114,0.000644,0.9670630368160834,,,welch_normal_approx,,,True,outperform,
HYP-CFL-BZ-POS-HL-NEG-CAL-001,listing_close_v1,OOS,calibrated,phase3-oos-v1,random_event_position,"从同一分区的可用 (股票, as_of) 池中随机抽取与真实事件相同数量的事件（200 次置换），检验真实事件位置是否优于随机位置。",149,0.031447,10.0,0.045247,-0.020738,-0.020738,0.447312,0.011823,0.21393034825870647,0.7910447761194029,0.21393034825870647,permutation_one_sided,200.0,0.0143,True,outperform,
HYP-CFL-BZ-POS-HL-NEG-CAL-001,listing_close_v1,OOS,calibrated,phase3-oos-v1,random_birth_assignment,在同一 as_of 内把命盘（引擎方向向量）随机置换到池内其它股票，保持每日横截面分布不变，破坏「股票↔命盘」对应关系。,149,,,,-0.011506,-0.011506,,0.00259,0.4427860696517413,0.5621890547263682,0.4427860696517413,permutation_one_sided,200.0,0.012986,True,outperform,随机出生指派只检验『股票↔命盘对应关系』是否携带信息，不能检验「同一命盘在不同日期是否有效」；后者由随机事件位置对照承担。
HYP-CFL-BZ-POS-HL-NEG-CAL-001,listing_close_v1,OOS,calibrated,phase3-oos-v1,random_model_direction,在每个 as_of 内保持命中数量不变，把命中位置随机重新指派给池内股票，检验「具体哪些股票命中」是否携带信息。,149,,,,-0.009845,-0.009845,,0.000929,0.42786069651741293,0.5771144278606966,0.42786069651741293,permutation_one_sided,200.0,0.013008,True,outperform,本对照只随机化命中位置，保留每日命中数量；若真实事件集合接近整个池（如原始 BAZI_POS 正向率 96%），本对照会退化。
HYP-CFL-BZ-POS-HL-NEG-CAL-001,listing_close_v1,OOS,calibrated,phase3-oos-v1,shifted_birth_date_minus_7d,把出生时间平移 -7 天后重新排盘、重算因子，在真实 TRAIN 冻结阈值下重新求解事件集合。,159,0.05625,18.0,,-0.011515,-0.011515,0.476562,0.0026,0.9037130269019211,,,welch_normal_approx,,,True,outperform,
HYP-CFL-BZ-POS-HL-NEG-CAL-001,listing_close_v1,OOS,calibrated,phase3-oos-v1,shifted_birth_date_plus_7d,把出生时间平移 +7 天后重新排盘、重算因子，在真实 TRAIN 冻结阈值下重新求解事件集合。,172,0.060423,20.0,,-0.009369,-0.009369,0.464286,0.000454,0.9810209895478282,,,welch_normal_approx,,,True,outperform,
HYP-CFL-BZ-POS-HL-NEG-CAL-001,ipo_approx_v1,OOS,calibrated,phase3-oos-v1,random_event_position,"从同一分区的可用 (股票, as_of) 池中随机抽取与真实事件相同数量的事件（200 次置换），检验真实事件位置是否优于随机位置。",146,0.022436,7.0,0.044336,-0.023396,-0.023396,0.447312,0.01738,0.1044776119402985,0.900497512437811,0.1044776119402985,permutation_one_sided,200.0,0.013922,True,outperform,
HYP-CFL-BZ-POS-HL-NEG-CAL-001,ipo_approx_v1,OOS,calibrated,phase3-oos-v1,random_birth_assignment,在同一 as_of 内把命盘（引擎方向向量）随机置换到池内其它股票，保持每日横截面分布不变，破坏「股票↔命盘」对应关系。,146,,,,-0.016801,-0.016801,,0.010785,0.21393034825870647,0.7910447761194029,0.21393034825870647,permutation_one_sided,200.0,0.012771,True,outperform,随机出生指派只检验『股票↔命盘对应关系』是否携带信息，不能检验「同一命盘在不同日期是否有效」；后者由随机事件位置对照承担。
HYP-CFL-BZ-POS-HL-NEG-CAL-001,ipo_approx_v1,OOS,calibrated,phase3-oos-v1,random_model_direction,在每个 as_of 内保持命中数量不变，把命中位置随机重新指派给池内股票，检验「具体哪些股票命中」是否携带信息。,146,,,,-0.016833,-0.016833,,0.010816,0.22388059701492538,0.7810945273631841,0.22388059701492538,permutation_one_sided,200.0,0.012686,True,outperform,本对照只随机化命中位置，保留每日命中数量；若真实事件集合接近整个池（如原始 BAZI_POS 正向率 96%），本对照会退化。
HYP-CFL-BZ-POS-HL-NEG-CAL-001,ipo_approx_v1,OOS,calibrated,phase3-oos-v1,shifted_birth_date_minus_7d,把出生时间平移 -7 天后重新排盘、重算因子，在真实 TRAIN 冻结阈值下重新求解事件集合。,187,0.046512,16.0,,-0.039327,-0.039327,0.440789,0.033311,0.13505405207433865,,,welch_normal_approx,,,True,outperform,
HYP-CFL-BZ-POS-HL-NEG-CAL-001,ipo_approx_v1,OOS,calibrated,phase3-oos-v1,shifted_birth_date_plus_7d,把出生时间平移 +7 天后重新排盘、重算因子，在真实 TRAIN 冻结阈值下重新求解事件集合。,195,0.042493,15.0,,-0.011631,-0.011631,0.465116,0.005614,0.7766673739456764,,,welch_normal_approx,,,True,outperform,
HYP-CFL-ZW-POS-HL-NEG-CAL-001,listing_open_v1,OOS,calibrated,phase3-oos-v1,random_event_position,"从同一分区的可用 (股票, as_of) 池中随机抽取与真实事件相同数量的事件（200 次置换），检验真实事件位置是否优于随机位置。",217,0.026667,12.0,0.065897,-0.022555,-0.022555,0.447312,0.013366,0.15920398009950248,0.845771144278607,0.15920398009950248,permutation_one_sided,200.0,0.012533,True,outperform,
HYP-CFL-ZW-POS-HL-NEG-CAL-001,listing_open_v1,OOS,calibrated,phase3-oos-v1,random_birth_assignment,在同一 as_of 内把命盘（引擎方向向量）随机置换到池内其它股票，保持每日横截面分布不变，破坏「股票↔命盘」对应关系。,217,,,,-0.011509,-0.011509,,0.002319,0.4079601990049751,0.5970149253731343,0.4079601990049751,permutation_one_sided,200.0,0.012527,True,outperform,随机出生指派只检验『股票↔命盘对应关系』是否携带信息，不能检验「同一命盘在不同日期是否有效」；后者由随机事件位置对照承担。
HYP-CFL-ZW-POS-HL-NEG-CAL-001,listing_open_v1,OOS,calibrated,phase3-oos-v1,random_model_direction,在每个 as_of 内保持命中数量不变，把命中位置随机重新指派给池内股票，检验「具体哪些股票命中」是否携带信息。,217,,,,-0.011338,-0.011338,,0.002149,0.4129353233830846,0.5920398009950248,0.4129353233830846,permutation_one_sided,200.0,0.01145,True,outperform,本对照只随机化命中位置，保留每日命中数量；若真实事件集合接近整个池（如原始 BAZI_POS 正向率 96%），本对照会退化。
HYP-CFL-ZW-POS-HL-NEG-CAL-001,listing_open_v1,OOS,calibrated,phase3-oos-v1,shifted_birth_date_minus_7d,把出生时间平移 -7 天后重新排盘、重算因子，在真实 TRAIN 冻结阈值下重新求解事件集合。,293,0.116183,56.0,,-0.0098,-0.0098,0.429119,0.000611,0.9672912665805036,,,welch_normal_approx,,,True,outperform,
HYP-CFL-ZW-POS-HL-NEG-CAL-001,listing_open_v1,OOS,calibrated,phase3-oos-v1,shifted_birth_date_plus_7d,把出生时间平移 +7 天后重新排盘、重算因子，在真实 TRAIN 冻结阈值下重新求解事件集合。,254,0.094298,43.0,,-0.019305,-0.019305,0.443966,0.010116,0.5535504915404464,,,welch_normal_approx,,,True,outperform,
HYP-CFL-ZW-POS-HL-NEG-CAL-001,listing_close_v1,OOS,calibrated,phase3-oos-v1,random_event_position,"从同一分区的可用 (股票, as_of) 池中随机抽取与真实事件相同数量的事件（200 次置换），检验真实事件位置是否优于随机位置。",181,0.029851,12.0,0.054965,-0.023693,-0.023693,0.447312,0.026091,0.024875621890547265,0.9800995024875622,0.024875621890547265,permutation_one_sided,200.0,0.013564,True,outperform,
HYP-CFL-ZW-POS-HL-NEG-CAL-001,listing_close_v1,OOS,calibrated,phase3-oos-v1,random_birth_assignment,在同一 as_of 内把命盘（引擎方向向量）随机置换到池内其它股票，保持每日横截面分布不变，破坏「股票↔命盘」对应关系。,181,,,,-0.002565,-0.002565,,0.004963,0.373134328358209,0.6318407960199005,0.373134328358209,permutation_one_sided,200.0,0.012893,True,outperform,随机出生指派只检验『股票↔命盘对应关系』是否携带信息，不能检验「同一命盘在不同日期是否有效」；后者由随机事件位置对照承担。
HYP-CFL-ZW-POS-HL-NEG-CAL-001,listing_close_v1,OOS,calibrated,phase3-oos-v1,random_model_direction,在每个 as_of 内保持命中数量不变，把命中位置随机重新指派给池内股票，检验「具体哪些股票命中」是否携带信息。,181,,,,-0.00327,-0.00327,,0.005668,0.3283582089552239,0.6766169154228856,0.3283582089552239,permutation_one_sided,200.0,0.012608,True,outperform,本对照只随机化命中位置，保留每日命中数量；若真实事件集合接近整个池（如原始 BAZI_POS 正向率 96%），本对照会退化。
HYP-CFL-ZW-POS-HL-NEG-CAL-001,listing_close_v1,OOS,calibrated,phase3-oos-v1,shifted_birth_date_minus_7d,把出生时间平移 -7 天后重新排盘、重算因子，在真实 TRAIN 冻结阈值下重新求解事件集合。,215,0.108911,44.0,,0.002171,0.002171,0.460123,0.000227,0.9907556443086766,,,welch_normal_approx,,,True,outperform,
HYP-CFL-ZW-POS-HL-NEG-CAL-001,listing_close_v1,OOS,calibrated,phase3-oos-v1,shifted_birth_date_plus_7d,把出生时间平移 +7 天后重新排盘、重算因子，在真实 TRAIN 冻结阈值下重新求解事件集合。,215,0.07177,30.0,,-0.011307,-0.011307,0.449102,0.013705,0.37837411900624324,,,welch_normal_approx,,,True,outperform,
HYP-CFL-ZW-POS-HL-NEG-CAL-001,ipo_approx_v1,OOS,calibrated,phase3-oos-v1,random_event_position,"从同一分区的可用 (股票, as_of) 池中随机抽取与真实事件相同数量的事件（200 次置换），检验真实事件位置是否优于随机位置。",237,0.047817,23.0,0.071971,-0.022541,-0.022541,0.447312,0.007223,0.263681592039801,0.7412935323383084,0.263681592039801,permutation_one_sided,200.0,0.010759,True,outperform,
HYP-CFL-ZW-POS-HL-NEG-CAL-001,ipo_approx_v1,OOS,calibrated,phase3-oos-v1,random_birth_assignment,在同一 as_of 内把命盘（引擎方向向量）随机置换到池内其它股票，保持每日横截面分布不变，破坏「股票↔命盘」对应关系。,237,,,,-0.008244,-0.008244,,-0.007074,0.7412935323383084,0.263681592039801,0.7412935323383084,permutation_one_sided,200.0,0.010844,True,underperform,随机出生指派只检验『股票↔命盘对应关系』是否携带信息，不能检验「同一命盘在不同日期是否有效」；后者由随机事件位置对照承担。
HYP-CFL-ZW-POS-HL-NEG-CAL-001,ipo_approx_v1,OOS,calibrated,phase3-oos-v1,random_model_direction,在每个 as_of 内保持命中数量不变，把命中位置随机重新指派给池内股票，检验「具体哪些股票命中」是否携带信息。,237,,,,-0.008189,-0.008189,,-0.007128,0.7263681592039801,0.27860696517412936,0.7263681592039801,permutation_one_sided,200.0,0.011627,True,underperform,本对照只随机化命中位置，保留每日命中数量；若真实事件集合接近整个池（如原始 BAZI_POS 正向率 96%），本对照会退化。
HYP-CFL-ZW-POS-HL-NEG-CAL-001,ipo_approx_v1,OOS,calibrated,phase3-oos-v1,shifted_birth_date_minus_7d,把出生时间平移 -7 天后重新排盘、重算因子，在真实 TRAIN 冻结阈值下重新求解事件集合。,243,0.13082,59.0,,-0.030792,-0.030792,0.483092,0.015474,0.34257362246894124,,,welch_normal_approx,,,True,outperform,
HYP-CFL-ZW-POS-HL-NEG-CAL-001,ipo_approx_v1,OOS,calibrated,phase3-oos-v1,shifted_birth_date_plus_7d,把出生时间平移 +7 天后重新排盘、重算因子，在真实 TRAIN 冻结阈值下重新求解事件集合。,225,0.095768,43.0,,-0.013069,-0.013069,0.452261,-0.002249,0.8867316272931802,,,welch_normal_approx,,,True,underperform,
