hypothesis_id,object_id,birth_model,direction_source,partition,event_count,pool_count,positive_rate,date_count,min_rate,max_rate,std_rate,dates_above_high,dates_below_low,mean_hit_per_date,threshold_high,threshold_low
HYP-BZ-RAW-001,bazi_raw,listing_open_v1,raw,TRAIN,10239,10647,0.961679,36,0.874627,1.0,0.031599,36,0,284.416667,0.6,0.05
HYP-BZ-RAW-001,bazi_raw,listing_open_v1,raw,VALIDATION,5040,5246,0.960732,16,0.849398,1.0,0.040317,16,0,315.0,0.6,0.05
HYP-BZ-RAW-001,bazi_raw,listing_open_v1,raw,OOS,3366,3529,0.953811,16,0.87931,1.0,0.038319,16,0,210.375,0.6,0.05
HYP-BZ-RAW-001,bazi_raw,listing_close_v1,raw,TRAIN,10250,10647,0.962713,36,0.803571,1.0,0.039043,36,0,284.722222,0.6,0.05
HYP-BZ-RAW-001,bazi_raw,listing_close_v1,raw,VALIDATION,5000,5246,0.953107,16,0.85241,0.993174,0.036957,16,0,312.5,0.6,0.05
HYP-BZ-RAW-001,bazi_raw,listing_close_v1,raw,OOS,3285,3529,0.930859,16,0.787402,1.0,0.072058,16,0,205.3125,0.6,0.05
HYP-BZ-RAW-001,bazi_raw,ipo_approx_v1,raw,TRAIN,10267,10647,0.964309,36,0.871642,1.0,0.030423,36,0,285.194444,0.6,0.05
HYP-BZ-RAW-001,bazi_raw,ipo_approx_v1,raw,VALIDATION,5037,5246,0.96016,16,0.843373,1.0,0.039338,16,0,314.8125,0.6,0.05
HYP-BZ-RAW-001,bazi_raw,ipo_approx_v1,raw,OOS,3366,3529,0.953811,16,0.876,1.0,0.039416,16,0,210.375,0.6,0.05
HYP-BZ-CAL-001,bazi_calibrated,listing_open_v1,calibrated,TRAIN,2659,10647,0.249742,36,0.065693,0.528846,0.11777,0,0,73.861111,0.6,0.05
HYP-BZ-CAL-001,bazi_calibrated,listing_open_v1,calibrated,VALIDATION,1298,5246,0.247427,16,0.116766,0.50152,0.110333,0,0,81.125,0.6,0.05
HYP-BZ-CAL-001,bazi_calibrated,listing_open_v1,calibrated,OOS,896,3529,0.253896,16,0.11284,0.434783,0.092032,0,0,56.0,0.6,0.05
HYP-BZ-CAL-001,bazi_calibrated,listing_close_v1,calibrated,TRAIN,2653,10647,0.249178,36,0.113139,0.491468,0.090677,0,0,73.694444,0.6,0.05
HYP-BZ-CAL-001,bazi_calibrated,listing_close_v1,calibrated,VALIDATION,1241,5246,0.236561,16,0.112805,0.430508,0.079523,0,0,77.5625,0.6,0.05
HYP-BZ-CAL-001,bazi_calibrated,listing_close_v1,calibrated,OOS,930,3529,0.263531,16,0.07393,0.435233,0.103886,0,0,58.125,0.6,0.05
HYP-BZ-CAL-001,bazi_calibrated,ipo_approx_v1,calibrated,TRAIN,2658,10647,0.249648,36,0.091241,0.527197,0.116007,0,0,73.833333,0.6,0.05
HYP-BZ-CAL-001,bazi_calibrated,ipo_approx_v1,calibrated,VALIDATION,1365,5246,0.260198,16,0.125749,0.547112,0.110335,0,0,85.3125,0.6,0.05
HYP-BZ-CAL-001,bazi_calibrated,ipo_approx_v1,calibrated,OOS,894,3529,0.25333,16,0.105058,0.391304,0.085383,0,0,55.875,0.6,0.05
HYP-ZW-RAW-001,ziwei_raw,listing_open_v1,raw,TRAIN,2958,10647,0.277825,36,0.128571,0.434978,0.07705,0,0,82.166667,0.6,0.05
HYP-ZW-RAW-001,ziwei_raw,listing_open_v1,raw,VALIDATION,2040,5246,0.388868,16,0.194539,0.463855,0.089433,0,0,127.5,0.6,0.05
HYP-ZW-RAW-001,ziwei_raw,listing_open_v1,raw,OOS,831,3529,0.235477,16,0.171206,0.339394,0.037978,0,0,51.9375,0.6,0.05
HYP-ZW-RAW-001,ziwei_raw,listing_close_v1,raw,TRAIN,3581,10647,0.336339,36,0.053571,0.512048,0.09778,0,0,99.472222,0.6,0.05
HYP-ZW-RAW-001,ziwei_raw,listing_close_v1,raw,VALIDATION,2445,5246,0.466069,16,0.290102,0.620178,0.103043,2,0,152.8125,0.6,0.05
HYP-ZW-RAW-001,ziwei_raw,listing_close_v1,raw,OOS,1067,3529,0.302352,16,0.136187,0.4,0.063259,0,0,66.6875,0.6,0.05
HYP-ZW-RAW-001,ziwei_raw,ipo_approx_v1,raw,TRAIN,3101,10647,0.291256,36,0.166667,0.434978,0.071757,0,0,86.138889,0.6,0.05
HYP-ZW-RAW-001,ziwei_raw,ipo_approx_v1,raw,VALIDATION,2072,5246,0.394968,16,0.215017,0.502994,0.090875,0,0,129.5,0.6,0.05
HYP-ZW-RAW-001,ziwei_raw,ipo_approx_v1,raw,OOS,975,3529,0.276282,16,0.202335,0.424242,0.062537,0,0,60.9375,0.6,0.05
HYP-ZW-CAL-001,ziwei_calibrated,listing_open_v1,calibrated,TRAIN,2668,10647,0.250587,36,0.107143,0.408072,0.075053,0,0,74.111111,0.6,0.05
HYP-ZW-CAL-001,ziwei_calibrated,listing_open_v1,calibrated,VALIDATION,1881,5246,0.358559,16,0.174061,0.439024,0.087999,0,0,117.5625,0.6,0.05
HYP-ZW-CAL-001,ziwei_calibrated,listing_open_v1,calibrated,OOS,746,3529,0.211391,16,0.132296,0.30303,0.035423,0,0,46.625,0.6,0.05
HYP-ZW-CAL-001,ziwei_calibrated,listing_close_v1,calibrated,TRAIN,2669,10647,0.250681,36,0.025,0.409639,0.082103,0,1,74.138889,0.6,0.05
HYP-ZW-CAL-001,ziwei_calibrated,listing_close_v1,calibrated,VALIDATION,1920,5246,0.365993,16,0.180887,0.525223,0.103037,0,0,120.0,0.6,0.05
HYP-ZW-CAL-001,ziwei_calibrated,listing_close_v1,calibrated,OOS,791,3529,0.224143,16,0.093385,0.327273,0.054186,0,0,49.4375,0.6,0.05
HYP-ZW-CAL-001,ziwei_calibrated,ipo_approx_v1,calibrated,TRAIN,2664,10647,0.250211,36,0.110714,0.381232,0.0706,0,0,74.0,0.6,0.05
HYP-ZW-CAL-001,ziwei_calibrated,ipo_approx_v1,calibrated,VALIDATION,1826,5246,0.348075,16,0.167235,0.446108,0.088107,0,0,114.125,0.6,0.05
HYP-ZW-CAL-001,ziwei_calibrated,ipo_approx_v1,calibrated,OOS,816,3529,0.231227,16,0.143969,0.363636,0.057887,0,0,51.0,0.6,0.05
HYP-HL-RAW-001,huangli_raw,listing_open_v1,raw,TRAIN,4895,10647,0.459754,36,0.008969,0.969178,0.316953,12,2,135.972222,0.6,0.05
HYP-HL-RAW-001,huangli_raw,listing_open_v1,raw,VALIDATION,2197,5246,0.418795,16,0.003413,0.826347,0.274822,6,1,137.3125,0.6,0.05
HYP-HL-RAW-001,huangli_raw,listing_open_v1,raw,OOS,1500,3529,0.42505,16,0.054545,0.944882,0.339042,6,0,93.75,0.6,0.05
HYP-HL-RAW-001,huangli_raw,listing_close_v1,raw,TRAIN,5219,10647,0.490185,36,0.0,0.973422,0.280205,13,3,144.972222,0.6,0.05
HYP-HL-RAW-001,huangli_raw,listing_close_v1,raw,VALIDATION,2381,5246,0.45387,16,0.015198,0.927928,0.259369,4,2,148.8125,0.6,0.05
HYP-HL-RAW-001,huangli_raw,listing_close_v1,raw,OOS,1509,3529,0.4276,16,0.006061,0.912,0.291481,4,2,94.3125,0.6,0.05
HYP-HL-RAW-001,huangli_raw,ipo_approx_v1,raw,TRAIN,4903,10647,0.460505,36,0.013453,0.965753,0.318188,11,2,136.194444,0.6,0.05
HYP-HL-RAW-001,huangli_raw,ipo_approx_v1,raw,VALIDATION,2182,5246,0.415936,16,0.0,0.820359,0.275756,6,1,136.375,0.6,0.05
HYP-HL-RAW-001,huangli_raw,ipo_approx_v1,raw,OOS,1502,3529,0.425616,16,0.048485,0.948819,0.350102,6,1,93.875,0.6,0.05
HYP-HL-CAL-001,huangli_calibrated,listing_open_v1,calibrated,TRAIN,2653,10647,0.249178,36,0.0,0.849315,0.264038,7,13,73.694444,0.6,0.05
HYP-HL-CAL-001,huangli_calibrated,listing_open_v1,calibrated,VALIDATION,978,5246,0.186428,16,0.0,0.590504,0.202067,0,5,61.125,0.6,0.05
HYP-HL-CAL-001,huangli_calibrated,listing_open_v1,calibrated,OOS,854,3529,0.241995,16,0.0,0.775591,0.269299,2,7,53.375,0.6,0.05
HYP-HL-CAL-001,huangli_calibrated,listing_close_v1,calibrated,TRAIN,2657,10647,0.249554,36,0.0,0.803987,0.253766,5,10,73.805556,0.6,0.05
HYP-HL-CAL-001,huangli_calibrated,listing_close_v1,calibrated,VALIDATION,1179,5246,0.224743,16,0.0,0.703264,0.240042,3,4,73.6875,0.6,0.05
HYP-HL-CAL-001,huangli_calibrated,listing_close_v1,calibrated,OOS,701,3529,0.19864,16,0.0,0.64,0.219383,1,6,43.8125,0.6,0.05
HYP-HL-CAL-001,huangli_calibrated,ipo_approx_v1,calibrated,TRAIN,2663,10647,0.250117,36,0.0,0.880137,0.268706,7,13,73.972222,0.6,0.05
HYP-HL-CAL-001,huangli_calibrated,ipo_approx_v1,calibrated,VALIDATION,1004,5246,0.191384,16,0.0,0.599407,0.208263,0,5,62.75,0.6,0.05
HYP-HL-CAL-001,huangli_calibrated,ipo_approx_v1,calibrated,OOS,856,3529,0.242562,16,0.0,0.775591,0.274917,2,8,53.5,0.6,0.05
HYP-CON-BZ-ZW-RAW-001,bazi_ziwei_raw,listing_open_v1,raw,TRAIN,2842,10647,0.26693,36,0.121429,0.428152,0.074169,0,0,78.944444,0.6,0.05
HYP-CON-BZ-ZW-RAW-001,bazi_ziwei_raw,listing_open_v1,raw,VALIDATION,1971,5246,0.375715,16,0.194539,0.458084,0.085302,0,0,123.1875,0.6,0.05
HYP-CON-BZ-ZW-RAW-001,bazi_ziwei_raw,listing_open_v1,raw,OOS,807,3529,0.228677,16,0.167315,0.339394,0.039674,0,0,50.4375,0.6,0.05
HYP-CON-BZ-ZW-RAW-001,bazi_ziwei_raw,listing_close_v1,raw,TRAIN,3474,10647,0.326289,36,0.042857,0.493274,0.096207,0,1,96.5,0.6,0.05
HYP-CON-BZ-ZW-RAW-001,bazi_ziwei_raw,listing_close_v1,raw,VALIDATION,2323,5246,0.442814,16,0.290102,0.608309,0.095913,1,0,145.1875,0.6,0.05
HYP-CON-BZ-ZW-RAW-001,bazi_ziwei_raw,listing_close_v1,raw,OOS,997,3529,0.282516,16,0.101167,0.396396,0.073578,0,0,62.3125,0.6,0.05
HYP-CON-BZ-ZW-RAW-001,bazi_ziwei_raw,ipo_approx_v1,raw,TRAIN,2964,10647,0.278388,36,0.157895,0.422287,0.069337,0,0,82.333333,0.6,0.05
HYP-CON-BZ-ZW-RAW-001,bazi_ziwei_raw,ipo_approx_v1,raw,VALIDATION,1990,5246,0.379337,16,0.215017,0.476048,0.084706,0,0,124.375,0.6,0.05
HYP-CON-BZ-ZW-RAW-001,bazi_ziwei_raw,ipo_approx_v1,raw,OOS,934,3529,0.264664,16,0.194553,0.424242,0.062704,0,0,58.375,0.6,0.05
HYP-CON-BZ-ZW-CAL-001,bazi_ziwei_calibrated,listing_open_v1,calibrated,TRAIN,686,10647,0.064431,36,0.010714,0.169872,0.030454,0,13,19.055556,0.6,0.05
HYP-CON-BZ-ZW-CAL-001,bazi_ziwei_calibrated,listing_open_v1,calibrated,VALIDATION,454,5246,0.086542,16,0.048048,0.140719,0.026814,0,1,28.375,0.6,0.05
HYP-CON-BZ-ZW-CAL-001,bazi_ziwei_calibrated,listing_open_v1,calibrated,OOS,190,3529,0.05384,16,0.015564,0.11413,0.02405,0,5,11.875,0.6,0.05
HYP-CON-BZ-ZW-CAL-001,bazi_ziwei_calibrated,listing_close_v1,calibrated,TRAIN,722,10647,0.067813,36,0.003571,0.136519,0.032253,0,9,20.055556,0.6,0.05
HYP-CON-BZ-ZW-CAL-001,bazi_ziwei_calibrated,listing_close_v1,calibrated,VALIDATION,469,5246,0.089401,16,0.04878,0.163205,0.033502,0,1,29.3125,0.6,0.05
HYP-CON-BZ-ZW-CAL-001,bazi_ziwei_calibrated,listing_close_v1,calibrated,OOS,182,3529,0.051573,16,0.007782,0.108108,0.024271,0,9,11.375,0.6,0.05
HYP-CON-BZ-ZW-CAL-001,bazi_ziwei_calibrated,ipo_approx_v1,calibrated,TRAIN,618,10647,0.058045,36,0.013841,0.169872,0.035018,0,18,17.166667,0.6,0.05
HYP-CON-BZ-ZW-CAL-001,bazi_ziwei_calibrated,ipo_approx_v1,calibrated,VALIDATION,481,5246,0.091689,16,0.051195,0.133531,0.027122,0,0,30.0625,0.6,0.05
HYP-CON-BZ-ZW-CAL-001,bazi_ziwei_calibrated,ipo_approx_v1,calibrated,OOS,193,3529,0.05469,16,0.015564,0.125,0.032751,0,6,12.0625,0.6,0.05
HYP-CON-BZ-HL-RAW-001,bazi_huangli_raw,listing_open_v1,raw,TRAIN,4788,10647,0.449704,36,0.008969,0.965753,0.305707,11,2,133.0,0.6,0.05
HYP-CON-BZ-HL-RAW-001,bazi_huangli_raw,listing_open_v1,raw,VALIDATION,2166,5246,0.412886,16,0.003413,0.826347,0.269918,6,1,135.375,0.6,0.05
HYP-CON-BZ-HL-RAW-001,bazi_huangli_raw,listing_open_v1,raw,OOS,1446,3529,0.409748,16,0.054545,0.905512,0.323116,6,0,90.375,0.6,0.05
HYP-CON-BZ-HL-RAW-001,bazi_huangli_raw,listing_close_v1,raw,TRAIN,5118,10647,0.480699,36,0.0,0.966777,0.272111,13,3,142.166667,0.6,0.05
HYP-CON-BZ-HL-RAW-001,bazi_huangli_raw,listing_close_v1,raw,VALIDATION,2311,5246,0.440526,16,0.015198,0.837838,0.242457,4,2,144.4375,0.6,0.05
HYP-CON-BZ-HL-RAW-001,bazi_huangli_raw,listing_close_v1,raw,OOS,1454,3529,0.412015,16,0.006061,0.88,0.280049,4,2,90.875,0.6,0.05
HYP-CON-BZ-HL-RAW-001,bazi_huangli_raw,ipo_approx_v1,raw,TRAIN,4805,10647,0.451301,36,0.013453,0.958904,0.307798,11,2,133.472222,0.6,0.05
HYP-CON-BZ-HL-RAW-001,bazi_huangli_raw,ipo_approx_v1,raw,VALIDATION,2147,5246,0.409264,16,0.0,0.820359,0.269894,6,1,134.1875,0.6,0.05
HYP-CON-BZ-HL-RAW-001,bazi_huangli_raw,ipo_approx_v1,raw,OOS,1441,3529,0.408331,16,0.048485,0.901575,0.331796,6,1,90.0625,0.6,0.05
HYP-CON-BZ-HL-CAL-001,bazi_huangli_calibrated,listing_open_v1,calibrated,TRAIN,981,10647,0.092139,36,0.0,0.482877,0.111901,0,17,27.25,0.6,0.05
HYP-CON-BZ-HL-CAL-001,bazi_huangli_calibrated,listing_open_v1,calibrated,VALIDATION,383,5246,0.073008,16,0.0,0.325424,0.092647,0,10,23.9375,0.6,0.05
HYP-CON-BZ-HL-CAL-001,bazi_huangli_calibrated,listing_open_v1,calibrated,OOS,285,3529,0.080759,16,0.0,0.331522,0.110773,0,10,17.8125,0.6,0.05
HYP-CON-BZ-HL-CAL-001,bazi_huangli_calibrated,listing_close_v1,calibrated,TRAIN,918,10647,0.086221,36,0.0,0.297945,0.080701,0,15,25.5,0.6,0.05
HYP-CON-BZ-HL-CAL-001,bazi_huangli_calibrated,listing_close_v1,calibrated,VALIDATION,432,5246,0.082348,16,0.0,0.233898,0.078391,0,7,27.0,0.6,0.05
HYP-CON-BZ-HL-CAL-001,bazi_huangli_calibrated,listing_close_v1,calibrated,OOS,257,3529,0.072825,16,0.0,0.216535,0.077945,0,9,16.0625,0.6,0.05
HYP-CON-BZ-HL-CAL-001,bazi_huangli_calibrated,ipo_approx_v1,calibrated,TRAIN,946,10647,0.088851,36,0.0,0.458904,0.10657,0,18,26.277778,0.6,0.05
HYP-CON-BZ-HL-CAL-001,bazi_huangli_calibrated,ipo_approx_v1,calibrated,VALIDATION,429,5246,0.081777,16,0.0,0.318644,0.097765,0,9,26.8125,0.6,0.05
HYP-CON-BZ-HL-CAL-001,bazi_huangli_calibrated,ipo_approx_v1,calibrated,OOS,284,3529,0.080476,16,0.0,0.311024,0.102558,0,9,17.75,0.6,0.05
HYP-CON-ZW-HL-RAW-001,ziwei_huangli_raw,listing_open_v1,raw,TRAIN,1384,10647,0.12999,36,0.0,0.313725,0.09488,0,10,38.444444,0.6,0.05
HYP-CON-ZW-HL-RAW-001,ziwei_huangli_raw,listing_open_v1,raw,VALIDATION,898,5246,0.171178,16,0.0,0.386228,0.117924,0,2,56.125,0.6,0.05
HYP-CON-ZW-HL-RAW-001,ziwei_huangli_raw,listing_open_v1,raw,OOS,341,3529,0.096628,16,0.0,0.251462,0.087276,0,7,21.3125,0.6,0.05
HYP-CON-ZW-HL-RAW-001,ziwei_huangli_raw,listing_close_v1,raw,TRAIN,1779,10647,0.167089,36,0.0,0.45098,0.11686,0,8,49.416667,0.6,0.05
HYP-CON-ZW-HL-RAW-001,ziwei_huangli_raw,listing_close_v1,raw,VALIDATION,1161,5246,0.221311,16,0.003413,0.460843,0.127749,0,2,72.5625,0.6,0.05
HYP-CON-ZW-HL-RAW-001,ziwei_huangli_raw,listing_close_v1,raw,OOS,453,3529,0.128365,16,0.0,0.308,0.099214,0,4,28.3125,0.6,0.05
HYP-CON-ZW-HL-RAW-001,ziwei_huangli_raw,ipo_approx_v1,raw,TRAIN,1365,10647,0.128205,36,0.0,0.330128,0.096698,0,10,37.916667,0.6,0.05
HYP-CON-ZW-HL-RAW-001,ziwei_huangli_raw,ipo_approx_v1,raw,VALIDATION,907,5246,0.172894,16,0.0,0.39521,0.11903,0,1,56.6875,0.6,0.05
HYP-CON-ZW-HL-RAW-001,ziwei_huangli_raw,ipo_approx_v1,raw,OOS,419,3529,0.118731,16,0.015564,0.356725,0.110677,0,7,26.1875,0.6,0.05
HYP-CON-ZW-HL-CAL-001,ziwei_huangli_calibrated,listing_open_v1,calibrated,TRAIN,693,10647,0.065089,36,0.0,0.199346,0.070102,0,22,19.25,0.6,0.05
HYP-CON-ZW-HL-CAL-001,ziwei_huangli_calibrated,listing_open_v1,calibrated,VALIDATION,364,5246,0.069386,16,0.0,0.222552,0.077349,0,10,22.75,0.6,0.05
HYP-CON-ZW-HL-CAL-001,ziwei_huangli_calibrated,listing_open_v1,calibrated,OOS,179,3529,0.050723,16,0.0,0.145669,0.057592,0,10,11.1875,0.6,0.05
HYP-CON-ZW-HL-CAL-001,ziwei_huangli_calibrated,listing_close_v1,calibrated,TRAIN,702,10647,0.065934,36,0.0,0.277778,0.07407,0,23,19.5,0.6,0.05
HYP-CON-ZW-HL-CAL-001,ziwei_huangli_calibrated,listing_close_v1,calibrated,VALIDATION,474,5246,0.090355,16,0.0,0.301205,0.092979,0,8,29.625,0.6,0.05
HYP-CON-ZW-HL-CAL-001,ziwei_huangli_calibrated,listing_close_v1,calibrated,OOS,147,3529,0.041655,16,0.0,0.14,0.051854,0,11,9.1875,0.6,0.05
HYP-CON-ZW-HL-CAL-001,ziwei_huangli_calibrated,ipo_approx_v1,calibrated,TRAIN,625,10647,0.058702,36,0.0,0.21194,0.067265,0,23,17.361111,0.6,0.05
HYP-CON-ZW-HL-CAL-001,ziwei_huangli_calibrated,ipo_approx_v1,calibrated,VALIDATION,349,5246,0.066527,16,0.0,0.222552,0.076084,0,10,21.8125,0.6,0.05
HYP-CON-ZW-HL-CAL-001,ziwei_huangli_calibrated,ipo_approx_v1,calibrated,OOS,206,3529,0.058373,16,0.0,0.169591,0.068109,0,10,12.875,0.6,0.05
HYP-CON-ALL3-RAW-001,all_three_raw,listing_open_v1,raw,TRAIN,1359,10647,0.127642,36,0.0,0.307692,0.092574,0,10,37.75,0.6,0.05
HYP-CON-ALL3-RAW-001,all_three_raw,listing_open_v1,raw,VALIDATION,886,5246,0.168891,16,0.0,0.386228,0.115895,0,2,55.375,0.6,0.05
HYP-CON-ALL3-RAW-001,all_three_raw,listing_open_v1,raw,OOS,333,3529,0.094361,16,0.0,0.245614,0.084879,0,7,20.8125,0.6,0.05
HYP-CON-ALL3-RAW-001,all_three_raw,listing_close_v1,raw,TRAIN,1755,10647,0.164835,36,0.0,0.441176,0.115147,0,8,48.75,0.6,0.05
HYP-CON-ALL3-RAW-001,all_three_raw,listing_close_v1,raw,VALIDATION,1127,5246,0.21483,16,0.003413,0.427711,0.120721,0,2,70.4375,0.6,0.05
HYP-CON-ALL3-RAW-001,all_three_raw,listing_close_v1,raw,OOS,439,3529,0.124398,16,0.0,0.302885,0.099379,0,4,27.4375,0.6,0.05
HYP-CON-ALL3-RAW-001,all_three_raw,ipo_approx_v1,raw,TRAIN,1325,10647,0.124448,36,0.0,0.326923,0.092789,0,10,36.805556,0.6,0.05
HYP-CON-ALL3-RAW-001,all_three_raw,ipo_approx_v1,raw,VALIDATION,896,5246,0.170797,16,0.0,0.39521,0.117704,0,1,56.0,0.6,0.05
HYP-CON-ALL3-RAW-001,all_three_raw,ipo_approx_v1,raw,OOS,403,3529,0.114197,16,0.015564,0.333333,0.105403,0,7,25.1875,0.6,0.05
HYP-CON-ALL3-CAL-001,all_three_calibrated,listing_open_v1,calibrated,TRAIN,267,10647,0.025077,36,0.0,0.115385,0.029849,0,31,7.416667,0.6,0.05
HYP-CON-ALL3-CAL-001,all_three_calibrated,listing_open_v1,calibrated,VALIDATION,140,5246,0.026687,16,0.0,0.089021,0.031449,0,12,8.75,0.6,0.05
HYP-CON-ALL3-CAL-001,all_three_calibrated,listing_open_v1,calibrated,OOS,66,3529,0.018702,16,0.0,0.103261,0.029835,0,13,4.125,0.6,0.05
HYP-CON-ALL3-CAL-001,all_three_calibrated,listing_close_v1,calibrated,TRAIN,248,10647,0.023293,36,0.0,0.091503,0.025076,0,31,6.888889,0.6,0.05
HYP-CON-ALL3-CAL-001,all_three_calibrated,listing_close_v1,calibrated,VALIDATION,194,5246,0.036981,16,0.0,0.097923,0.034571,0,10,12.125,0.6,0.05
HYP-CON-ALL3-CAL-001,all_three_calibrated,listing_close_v1,calibrated,OOS,41,3529,0.011618,16,0.0,0.043307,0.014543,0,16,2.5625,0.6,0.05
HYP-CON-ALL3-CAL-001,all_three_calibrated,ipo_approx_v1,calibrated,TRAIN,227,10647,0.021321,36,0.0,0.106164,0.028351,0,31,6.305556,0.6,0.05
HYP-CON-ALL3-CAL-001,all_three_calibrated,ipo_approx_v1,calibrated,VALIDATION,150,5246,0.028593,16,0.0,0.109792,0.033196,0,13,9.375,0.6,0.05
HYP-CON-ALL3-CAL-001,all_three_calibrated,ipo_approx_v1,calibrated,OOS,71,3529,0.020119,16,0.0,0.108696,0.028656,0,15,4.4375,0.6,0.05
HYP-CFL-BZ-POS-ZW-NEG-CAL-001,conflict_bazi_pos_ziwei_neg,listing_open_v1,calibrated,TRAIN,610,10647,0.057293,36,0.005917,0.137124,0.038132,0,16,16.944444,0.6,0.05
HYP-CFL-BZ-POS-ZW-NEG-CAL-001,conflict_bazi_pos_ziwei_neg,listing_open_v1,calibrated,VALIDATION,204,5246,0.038887,16,0.005988,0.176292,0.046627,0,13,12.75,0.6,0.05
HYP-CFL-BZ-POS-ZW-NEG-CAL-001,conflict_bazi_pos_ziwei_neg,listing_open_v1,calibrated,OOS,200,3529,0.056673,16,0.019417,0.099099,0.02261,0,7,12.5,0.6,0.05
HYP-CFL-BZ-POS-ZW-NEG-CAL-001,conflict_bazi_pos_ziwei_neg,listing_close_v1,calibrated,TRAIN,573,10647,0.053818,36,0.006803,0.12628,0.029368,0,18,15.916667,0.6,0.05
HYP-CFL-BZ-POS-ZW-NEG-CAL-001,conflict_bazi_pos_ziwei_neg,listing_close_v1,calibrated,VALIDATION,191,5246,0.036409,16,0.012012,0.098305,0.028342,0,13,11.9375,0.6,0.05
HYP-CFL-BZ-POS-ZW-NEG-CAL-001,conflict_bazi_pos_ziwei_neg,listing_close_v1,calibrated,OOS,246,3529,0.069708,16,0.026022,0.150259,0.037174,0,4,15.375,0.6,0.05
HYP-CFL-BZ-POS-ZW-NEG-CAL-001,conflict_bazi_pos_ziwei_neg,ipo_approx_v1,calibrated,TRAIN,676,10647,0.063492,36,0.006116,0.167364,0.042239,0,15,18.777778,0.6,0.05
HYP-CFL-BZ-POS-ZW-NEG-CAL-001,conflict_bazi_pos_ziwei_neg,ipo_approx_v1,calibrated,VALIDATION,234,5246,0.044605,16,0.011976,0.164134,0.049708,0,13,14.625,0.6,0.05
HYP-CFL-BZ-POS-ZW-NEG-CAL-001,conflict_bazi_pos_ziwei_neg,ipo_approx_v1,calibrated,OOS,233,3529,0.066024,16,0.035019,0.093264,0.018464,0,3,14.5625,0.6,0.05
HYP-CFL-BZ-NEG-ZW-POS-CAL-001,conflict_ziwei_pos_bazi_neg,listing_open_v1,calibrated,TRAIN,620,10647,0.058232,36,0.008368,0.135542,0.031573,0,18,17.222222,0.6,0.05
HYP-CFL-BZ-NEG-ZW-POS-CAL-001,conflict_ziwei_pos_bazi_neg,listing_open_v1,calibrated,VALIDATION,440,5246,0.083873,16,0.006826,0.150888,0.041207,0,3,27.5,0.6,0.05
HYP-CFL-BZ-NEG-ZW-POS-CAL-001,conflict_ziwei_pos_bazi_neg,listing_open_v1,calibrated,OOS,181,3529,0.051289,16,0.021858,0.099415,0.021945,0,7,11.3125,0.6,0.05
HYP-CFL-BZ-NEG-ZW-POS-CAL-001,conflict_ziwei_pos_bazi_neg,listing_close_v1,calibrated,TRAIN,612,10647,0.057481,36,0.007143,0.120235,0.025967,0,15,17.0,0.6,0.05
HYP-CFL-BZ-NEG-ZW-POS-CAL-001,conflict_ziwei_pos_bazi_neg,listing_close_v1,calibrated,VALIDATION,494,5246,0.094167,16,0.040956,0.213855,0.044985,0,3,30.875,0.6,0.05
HYP-CFL-BZ-NEG-ZW-POS-CAL-001,conflict_ziwei_pos_bazi_neg,listing_close_v1,calibrated,OOS,221,3529,0.062624,16,0.015544,0.117241,0.028471,0,7,13.8125,0.6,0.05
HYP-CFL-BZ-NEG-ZW-POS-CAL-001,conflict_ziwei_pos_bazi_neg,ipo_approx_v1,calibrated,TRAIN,695,10647,0.065277,36,0.004184,0.153614,0.039523,0,19,19.305556,0.6,0.05
HYP-CFL-BZ-NEG-ZW-POS-CAL-001,conflict_ziwei_pos_bazi_neg,ipo_approx_v1,calibrated,VALIDATION,449,5246,0.085589,16,0.00304,0.155689,0.044299,0,2,28.0625,0.6,0.05
HYP-CFL-BZ-NEG-ZW-POS-CAL-001,conflict_ziwei_pos_bazi_neg,ipo_approx_v1,calibrated,OOS,235,3529,0.066591,16,0.020339,0.152047,0.035825,0,7,14.6875,0.6,0.05
HYP-CFL-BZ-POS-HL-NEG-CAL-001,conflict_bazi_pos_huangli_neg,listing_open_v1,calibrated,TRAIN,299,10647,0.028083,36,0.0,0.177778,0.046384,0,28,8.305556,0.6,0.05
HYP-CFL-BZ-POS-HL-NEG-CAL-001,conflict_bazi_pos_huangli_neg,listing_open_v1,calibrated,VALIDATION,196,5246,0.037362,16,0.0,0.255973,0.067731,0,13,12.25,0.6,0.05
HYP-CFL-BZ-POS-HL-NEG-CAL-001,conflict_bazi_pos_huangli_neg,listing_open_v1,calibrated,OOS,199,3529,0.05639,16,0.0,0.19661,0.065493,0,10,12.4375,0.6,0.05
HYP-CFL-BZ-POS-HL-NEG-CAL-001,conflict_bazi_pos_huangli_neg,listing_close_v1,calibrated,TRAIN,311,10647,0.02921,36,0.0,0.16129,0.043814,0,28,8.638889,0.6,0.05
HYP-CFL-BZ-POS-HL-NEG-CAL-001,conflict_bazi_pos_huangli_neg,listing_close_v1,calibrated,VALIDATION,176,5246,0.033549,16,0.0,0.1843,0.057556,0,13,11.0,0.6,0.05
HYP-CFL-BZ-POS-HL-NEG-CAL-001,conflict_bazi_pos_huangli_neg,listing_close_v1,calibrated,OOS,179,3529,0.050723,16,0.0,0.163636,0.062931,0,11,11.1875,0.6,0.05
HYP-CFL-BZ-POS-HL-NEG-CAL-001,conflict_bazi_pos_huangli_neg,ipo_approx_v1,calibrated,TRAIN,338,10647,0.031746,36,0.0,0.245968,0.055983,0,28,9.388889,0.6,0.05
HYP-CFL-BZ-POS-HL-NEG-CAL-001,conflict_bazi_pos_huangli_neg,ipo_approx_v1,calibrated,VALIDATION,187,5246,0.035646,16,0.0,0.245734,0.064577,0,12,11.6875,0.6,0.05
HYP-CFL-BZ-POS-HL-NEG-CAL-001,conflict_bazi_pos_huangli_neg,ipo_approx_v1,calibrated,OOS,173,3529,0.049022,16,0.0,0.189831,0.062173,0,10,10.8125,0.6,0.05
HYP-CFL-ZW-POS-HL-NEG-CAL-001,conflict_ziwei_pos_huangli_neg,listing_open_v1,calibrated,TRAIN,645,10647,0.06058,36,0.0,0.32287,0.069277,0,18,17.916667,0.6,0.05
HYP-CFL-ZW-POS-HL-NEG-CAL-001,conflict_ziwei_pos_huangli_neg,listing_open_v1,calibrated,VALIDATION,435,5246,0.08292,16,0.002994,0.193353,0.068452,0,7,27.1875,0.6,0.05
HYP-CFL-ZW-POS-HL-NEG-CAL-001,conflict_ziwei_pos_huangli_neg,listing_open_v1,calibrated,OOS,245,3529,0.069425,16,0.0,0.159322,0.059944,0,7,15.3125,0.6,0.05
HYP-CFL-ZW-POS-HL-NEG-CAL-001,conflict_ziwei_pos_huangli_neg,listing_close_v1,calibrated,TRAIN,672,10647,0.063116,36,0.0,0.309417,0.071876,0,18,18.666667,0.6,0.05
HYP-CFL-ZW-POS-HL-NEG-CAL-001,conflict_ziwei_pos_huangli_neg,listing_close_v1,calibrated,VALIDATION,395,5246,0.075295,16,0.0,0.164134,0.04721,0,5,24.6875,0.6,0.05
HYP-CFL-ZW-POS-HL-NEG-CAL-001,conflict_ziwei_pos_huangli_neg,listing_close_v1,calibrated,OOS,233,3529,0.066024,16,0.0,0.278788,0.070387,0,8,14.5625,0.6,0.05
HYP-CFL-ZW-POS-HL-NEG-CAL-001,conflict_ziwei_pos_huangli_neg,ipo_approx_v1,calibrated,TRAIN,708,10647,0.066498,36,0.0,0.251121,0.067489,0,17,19.666667,0.6,0.05
HYP-CFL-ZW-POS-HL-NEG-CAL-001,conflict_ziwei_pos_huangli_neg,ipo_approx_v1,calibrated,VALIDATION,450,5246,0.08578,16,0.0,0.214502,0.07441,0,7,28.125,0.6,0.05
HYP-CFL-ZW-POS-HL-NEG-CAL-001,conflict_ziwei_pos_huangli_neg,ipo_approx_v1,calibrated,OOS,267,3529,0.075659,16,0.0,0.184685,0.065821,0,7,16.6875,0.6,0.05
